{"type": "FeatureCollection", "features": [{"type": "Feature", "geometry": {"type": "Point", "coordinates": [-1.359982, 48.677736]}, "properties": {"stop_id": "FR:50025:ZE:1072950:ATOUMOD040", "stop_name": "AVRANCHES - Lycée Littré", "route_ids": ["ATOUMOD040:Line:1002027:LOC", "ATOUMOD040:Line:1002035:LOC", "ATOUMOD040:Line:1002036:LOC", "ATOUMOD040:Line:1002026:LOC"]}}, {"type": "Feature", "geometry": {"type": "Point", "coordinates": [-1.556007, 48.865232]}, "properties": {"stop_id": "FR:50081:ZE:1073136:ATOUMOD040", "stop_name": "Mairie", "route_ids": ["ATOUMOD040:Line:1002032:LOC"]}}, {"type": "Feature", "geometry": {"type": "Point", "coordinates": [-1.535915, 48.96751]}, "properties": {"stop_id": "FR:50272:ZE:1073318:ATOUMOD040", "stop_name": "Centre", "route_ids": ["ATOUMOD040:Line:1002032:LOC"]}}, {"type": "Feature", "geometry": {"type": "Point", "coordinates": [-1.536061, 48.967388]}, "properties": {"stop_id": "FR:50272:ZE:1178323:ATOUMOD040", "stop_name": "Centre", "route_ids": ["ATOUMOD040:Line:1002032:LOC"]}}, {"type": "Feature", "geometry": {"type": "Point", "coordinates": [-1.179529, 48.595925]}, "properties": {"stop_id": "FR:50256:ZE:1074162:ATOUMOD040", "stop_name": "LE MESNIL-THEBAULT - Carrefour des Biards", "route_ids": ["ATOUMOD040:Line:1002036:LOC"]}}, {"type": "Feature", "geometry": {"type": "Point", "coordinates": [-1.234004, 48.827815]}, "properties": {"stop_id": "FR:50639:ZE:1074282:ATOUMOD040", "stop_name": "VILLEDIEU-LES-POELES - Saultchevreuil", "route_ids": ["ATOUMOD040:Line:1002026:LOC"]}}, {"type": "Feature", "geometry": {"type": "Point", "coordinates": [-1.234149, 48.827882]}, "properties": {"stop_id": "FR:50639:ZE:1178275:ATOUMOD040", "stop_name": "VILLEDIEU-LES-POELES - Saultchevreuil", "route_ids": ["ATOUMOD040:Line:1002026:LOC"]}}, {"type": "Feature", "geometry": {"type": "Point", "coordinates": [-0.937662, 48.643211]}, "properties": {"stop_id": "FR:50359:ZE:1074876:ATOUMOD040", "stop_name": "MORTAIN - College Robert de Mortain", "route_ids": ["ATOUMOD040:Line:1002036:LOC"]}}, {"type": "Feature", "geometry": {"type": "Point", "coordinates": [-1.409598, 48.62836]}, "properties": {"stop_id": "FR:50146:ZE:1074982:ATOUMOD040", "stop_name": "École", "route_ids": ["ATOUMOD040:Line:1002027:LOC"]}}, {"type": "Feature", "geometry": {"type": "Point", "coordinates": [-1.135169, 49.168929]}, "properties": {"stop_id": "FR:50409:ZE:1075100:ATOUMOD040", "stop_name": "PONT-HEBERT - Mairie", "route_ids": ["ATOUMOD040:Line:1002019:LOC"]}}, {"type": "Feature", "geometry": {"type": "Point", "coordinates": [-1.545317, 49.294975]}, "properties": {"stop_id": "FR:50236:ZE:1075124:ATOUMOD040", "stop_name": "LA HAYE-DU-PUITS - Rue de Verdun", "route_ids": ["ATOUMOD040:Line:1002037:LOC"]}}, {"type": "Feature", "geometry": {"type": "Point", "coordinates": [-1.575638, 48.830403]}, "properties": {"stop_id": "FR:50218:ZE:1075206:ATOUMOD040", "stop_name": "Lycée Morandiere LR", "route_ids": ["ATOUMOD040:Line:1002035:LOC", "ATOUMOD040:Line:1002025:LOC", "ATOUMOD040:Line:1002027:LOC"]}}, {"type": "Feature", "geometry": {"type": "Point", "coordinates": [-1.477177, 49.510843]}, "properties": {"stop_id": "FR:50615:ZE:1075372:ATOUMOD040", "stop_name": "Plc Felix Buhot - Desserte Etablissements", "route_ids": ["ATOUMOD040:Line:1002019:LOC", "ATOUMOD040:Line:1002037:LOC"]}}, {"type": "Feature", "geometry": {"type": "Point", "coordinates": [-1.46419, 49.503539]}, "properties": {"stop_id": "FR:50615:ZE:1075376:ATOUMOD040", "stop_name": "Hôpital", "route_ids": ["ATOUMOD040:Line:1002037:LOC"]}}, {"type": "Feature", "geometry": {"type": "Point", "coordinates": [-1.463821, 49.503631]}, "properties": {"stop_id": "FR:50615:ZE:1178274:ATOUMOD040", "stop_name": "Hôpital", "route_ids": ["ATOUMOD040:Line:1002037:LOC"]}}, {"type": "Feature", "geometry": {"type": "Point", "coordinates": [-1.381068, 49.487684]}, "properties": {"stop_id": "FR:50341:ZE:1075380:ATOUMOD040", "stop_name": "Plc Albert Pellerin", "route_ids": ["ATOUMOD040:Line:1002019:LOC"]}}, {"type": "Feature", "geometry": {"type": "Point", "coordinates": [-1.380841, 49.487491]}, "properties": {"stop_id": "FR:50341:ZE:1158288:ATOUMOD040", "stop_name": "Plc Albert Pellerin", "route_ids": ["ATOUMOD040:Line:1002019:LOC"]}}, {"type": "Feature", "geometry": {"type": "Point", "coordinates": [-1.314411, 49.409268]}, "properties": {"stop_id": "FR:50523:ZE:1075384:ATOUMOD040", "stop_name": "STE-MERE-EGLISE - Marché couvert", "route_ids": ["ATOUMOD040:Line:1002019:LOC"]}}, {"type": "Feature", "geometry": {"type": "Point", "coordinates": [-1.313855, 49.409078]}, "properties": {"stop_id": "FR:50523:ZE:1158287:ATOUMOD040", "stop_name": "STE-MERE-EGLISE - Marché couvert", "route_ids": ["ATOUMOD040:Line:1002019:LOC"]}}, {"type": "Feature", "geometry": {"type": "Point", "coordinates": [-1.245896, 49.302794]}, "properties": {"stop_id": "FR:50099:ZE:1075388:ATOUMOD040", "stop_name": "CARENTAN - Gare Sncf", "route_ids": ["ATOUMOD040:Line:1002019:LOC"]}}, {"type": "Feature", "geometry": {"type": "Point", "coordinates": [-1.244461, 49.302332]}, "properties": {"stop_id": "FR:50099:ZE:1178297:ATOUMOD040", "stop_name": "CARENTAN - Gare Sncf", "route_ids": ["ATOUMOD040:Line:1002019:LOC"]}}, {"type": "Feature", "geometry": {"type": "Point", "coordinates": [-1.160935, 49.271822]}, "properties": {"stop_id": "FR:50099:ZE:1075392:ATOUMOD040", "stop_name": "MONTMARTIN-EN-GRAIGNES - Le Rata", "route_ids": ["ATOUMOD040:Line:1002019:LOC"]}}, {"type": "Feature", "geometry": {"type": "Point", "coordinates": [-1.160949, 49.271633]}, "properties": {"stop_id": "FR:50099:ZE:1158285:ATOUMOD040", "stop_name": "MONTMARTIN-EN-GRAIGNES - Le Rata", "route_ids": ["ATOUMOD040:Line:1002019:LOC"]}}, {"type": "Feature", "geometry": {"type": "Point", "coordinates": [-0.920716, 48.724603]}, "properties": {"stop_id": "FR:50582:ZE:1075408:ATOUMOD040", "stop_name": "SOURDEVAL - Rue du Capitaine Duval", "route_ids": ["ATOUMOD040:Line:1002036:LOC"]}}, {"type": "Feature", "geometry": {"type": "Point", "coordinates": [-1.362912, 48.686627]}, "properties": {"stop_id": "FR:50025:ZE:1075418:ATOUMOD040", "stop_name": "AVRANCHES - Place Littré", "route_ids": ["ATOUMOD040:Line:1002027:LOC", "ATOUMOD040:Line:1002035:LOC", "ATOUMOD040:Line:1002036:LOC", "ATOUMOD040:Line:1002026:LOC"]}}, {"type": "Feature", "geometry": {"type": "Point", "coordinates": [-1.369966, 48.689946]}, "properties": {"stop_id": "FR:50025:ZE:1075420:ATOUMOD040", "stop_name": "AVRANCHES - Gare Sncf", "route_ids": ["ATOUMOD040:Line:1002027:LOC", "ATOUMOD040:Line:1002035:LOC", "ATOUMOD040:Line:1002036:LOC", "ATOUMOD040:Line:1002026:LOC"]}}, {"type": "Feature", "geometry": {"type": "Point", "coordinates": [-1.091497, 48.576941]}, "properties": {"stop_id": "FR:50484:ZE:1075430:ATOUMOD040", "stop_name": "ST-HILAIRE-DU-HARCOUET - Mairie", "route_ids": ["ATOUMOD040:Line:1002036:LOC"]}}, {"type": "Feature", "geometry": {"type": "Point", "coordinates": [-1.289255, 48.621109]}, "properties": {"stop_id": "FR:50168:ZE:1075432:ATOUMOD040", "stop_name": "DUCEY - Plat d'Etain", "route_ids": ["ATOUMOD040:Line:1002036:LOC"]}}, {"type": "Feature", "geometry": {"type": "Point", "coordinates": [-1.099083, 49.117205]}, "properties": {"stop_id": "FR:50502:ZE:1075434:ATOUMOD040", "stop_name": "Gare Sncf", "route_ids": ["ATOUMOD040:Line:1002019:LOC", "ATOUMOD040:Line:1002025:LOC", "ATOUMOD040:Line:1002026:LOC"]}}, {"type": "Feature", "geometry": {"type": "Point", "coordinates": [-1.174666, 49.104722]}, "properties": {"stop_id": "FR:50483:ZE:1075438:ATOUMOD040", "stop_name": "Église", "route_ids": ["ATOUMOD040:Line:1002025:LOC"]}}, {"type": "Feature", "geometry": {"type": "Point", "coordinates": [-1.175106, 49.104624]}, "properties": {"stop_id": "FR:50483:ZE:1178288:ATOUMOD040", "stop_name": "Église", "route_ids": ["ATOUMOD040:Line:1002025:LOC"]}}, {"type": "Feature", "geometry": {"type": "Point", "coordinates": [-1.240626, 49.098734]}, "properties": {"stop_id": "FR:50292:ZE:1075442:ATOUMOD040", "stop_name": "MARIGNY - Maison de retraite", "route_ids": ["ATOUMOD040:Line:1002025:LOC"]}}, {"type": "Feature", "geometry": {"type": "Point", "coordinates": [-1.240351, 49.098673]}, "properties": {"stop_id": "FR:50292:ZE:1178310:ATOUMOD040", "stop_name": "MARIGNY - Maison de retraite", "route_ids": ["ATOUMOD040:Line:1002025:LOC"]}}, {"type": "Feature", "geometry": {"type": "Point", "coordinates": [-1.444412, 49.051488]}, "properties": {"stop_id": "FR:50147:ZE:1075444:ATOUMOD040", "stop_name": "Place Wood", "route_ids": ["ATOUMOD040:Line:1002025:LOC", "ATOUMOD040:Line:1002037:LOC"]}}, {"type": "Feature", "geometry": {"type": "Point", "coordinates": [-1.444863, 49.051348]}, "properties": {"stop_id": "FR:50147:ZE:1178299:ATOUMOD040", "stop_name": "Place Wood", "route_ids": ["ATOUMOD040:Line:1002037:LOC", "ATOUMOD040:Line:1002025:LOC"]}}, {"type": "Feature", "geometry": {"type": "Point", "coordinates": [-1.441779, 49.043261]}, "properties": {"stop_id": "FR:50147:ZE:1075448:ATOUMOD040", "stop_name": "Gare Sncf", "route_ids": ["ATOUMOD040:Line:1002031:LOC", "ATOUMOD040:Line:1002032:LOC", "ATOUMOD040:Line:1002037:LOC", "ATOUMOD040:Line:1002025:LOC"]}}, {"type": "Feature", "geometry": {"type": "Point", "coordinates": [-1.348654, 49.073692]}, "properties": {"stop_id": "FR:50044:ZE:1075454:ATOUMOD040", "stop_name": "Gare", "route_ids": ["ATOUMOD040:Line:1002025:LOC"]}}, {"type": "Feature", "geometry": {"type": "Point", "coordinates": [-1.349223, 49.073798]}, "properties": {"stop_id": "FR:50094:ZE:1178292:ATOUMOD040", "stop_name": "Gare", "route_ids": ["ATOUMOD040:Line:1002025:LOC"]}}, {"type": "Feature", "geometry": {"type": "Point", "coordinates": [-1.09688, 48.571364]}, "properties": {"stop_id": "FR:50484:ZE:1075458:ATOUMOD040", "stop_name": "ST-HILAIRE-DU-HARCOUET - Parking des Peupliers", "route_ids": ["ATOUMOD040:Line:1002036:LOC"]}}, {"type": "Feature", "geometry": {"type": "Point", "coordinates": [-1.095275, 48.563473]}, "properties": {"stop_id": "FR:50274:ZE:1075460:ATOUMOD040", "stop_name": "ST-HILAIRE-DU-HARCOUET - Agri'Pôle", "route_ids": ["ATOUMOD040:Line:1002036:LOC"]}}, {"type": "Feature", "geometry": {"type": "Point", "coordinates": [-1.083001, 48.593446]}, "properties": {"stop_id": "FR:50391:ZE:1075462:ATOUMOD040", "stop_name": "PARIGNY - Mairie", "route_ids": ["ATOUMOD040:Line:1002036:LOC"]}}, {"type": "Feature", "geometry": {"type": "Point", "coordinates": [-1.082424, 48.593522]}, "properties": {"stop_id": "FR:50391:ZE:1178315:ATOUMOD040", "stop_name": "PARIGNY - Mairie", "route_ids": ["ATOUMOD040:Line:1002036:LOC"]}}, {"type": "Feature", "geometry": {"type": "Point", "coordinates": [-1.056227, 48.602391]}, "properties": {"stop_id": "FR:50391:ZE:1075466:ATOUMOD040", "stop_name": "PARIGNY - Le Pointon", "route_ids": ["ATOUMOD040:Line:1002036:LOC"]}}, {"type": "Feature", "geometry": {"type": "Point", "coordinates": [-1.055312, 48.602571]}, "properties": {"stop_id": "FR:50391:ZE:1179298:ATOUMOD040", "stop_name": "PARIGNY - Le Pointon", "route_ids": ["ATOUMOD040:Line:1002036:LOC"]}}, {"type": "Feature", "geometry": {"type": "Point", "coordinates": [-0.942368, 48.648868]}, "properties": {"stop_id": "FR:50359:ZE:1075472:ATOUMOD040", "stop_name": "MORTAIN - Office de Tourisme", "route_ids": ["ATOUMOD040:Line:1002036:LOC"]}}, {"type": "Feature", "geometry": {"type": "Point", "coordinates": [-0.942181, 48.64892]}, "properties": {"stop_id": "FR:50359:ZE:1178295:ATOUMOD040", "stop_name": "MORTAIN - Office de Tourisme", "route_ids": ["ATOUMOD040:Line:1002036:LOC"]}}, {"type": "Feature", "geometry": {"type": "Point", "coordinates": [-0.94745, 48.658393]}, "properties": {"stop_id": "FR:50371:ZE:1075478:ATOUMOD040", "stop_name": "Le Bourg", "route_ids": ["ATOUMOD040:Line:1002036:LOC"]}}, {"type": "Feature", "geometry": {"type": "Point", "coordinates": [-0.947102, 48.65936]}, "properties": {"stop_id": "FR:50371:ZE:1179299:ATOUMOD040", "stop_name": "Le Bourg", "route_ids": ["ATOUMOD040:Line:1002036:LOC"]}}, {"type": "Feature", "geometry": {"type": "Point", "coordinates": [-1.355171, 48.67975]}, "properties": {"stop_id": "FR:50025:ZE:1075496:ATOUMOD040", "stop_name": "AVRANCHES - Bld du Luxembourg", "route_ids": ["ATOUMOD040:Line:1002027:LOC", "ATOUMOD040:Line:1002035:LOC", "ATOUMOD040:Line:1002036:LOC", "ATOUMOD040:Line:1002026:LOC"]}}, {"type": "Feature", "geometry": {"type": "Point", "coordinates": [-1.355274, 48.679257]}, "properties": {"stop_id": "FR:50025:ZE:1178285:ATOUMOD040", "stop_name": "AVRANCHES - Bld du Luxembourg", "route_ids": ["ATOUMOD040:Line:1002026:LOC", "ATOUMOD040:Line:1002027:LOC", "ATOUMOD040:Line:1002035:LOC", "ATOUMOD040:Line:1002036:LOC"]}}, {"type": "Feature", "geometry": {"type": "Point", "coordinates": [-1.364299, 48.684468]}, "properties": {"stop_id": "FR:50025:ZE:1075500:ATOUMOD040", "stop_name": "AVRANCHES - Jardin des Plantes", "route_ids": ["ATOUMOD040:Line:1002027:LOC", "ATOUMOD040:Line:1002035:LOC", "ATOUMOD040:Line:1002036:LOC", "ATOUMOD040:Line:1002026:LOC"]}}, {"type": "Feature", "geometry": {"type": "Point", "coordinates": [-1.364119, 48.684366]}, "properties": {"stop_id": "FR:50025:ZE:1178284:ATOUMOD040", "stop_name": "AVRANCHES - Jardin des Plantes", "route_ids": ["ATOUMOD040:Line:1002026:LOC", "ATOUMOD040:Line:1002027:LOC", "ATOUMOD040:Line:1002035:LOC", "ATOUMOD040:Line:1002036:LOC"]}}, {"type": "Feature", "geometry": {"type": "Point", "coordinates": [-1.351175, 48.692466]}, "properties": {"stop_id": "FR:50025:ZE:1075504:ATOUMOD040", "stop_name": "AVRANCHES - Hôpital", "route_ids": ["ATOUMOD040:Line:1002035:LOC", "ATOUMOD040:Line:1002036:LOC", "ATOUMOD040:Line:1002026:LOC"]}}, {"type": "Feature", "geometry": {"type": "Point", "coordinates": [-1.350784, 48.692872]}, "properties": {"stop_id": "FR:50025:ZE:1178278:ATOUMOD040", "stop_name": "AVRANCHES - Hôpital", "route_ids": ["ATOUMOD040:Line:1002026:LOC", "ATOUMOD040:Line:1002036:LOC"]}}, {"type": "Feature", "geometry": {"type": "Point", "coordinates": [-1.622733, 49.635643]}, "properties": {"stop_id": "FR:50129:ZE:1075508:ATOUMOD040", "stop_name": "CHERBOURG-OCTEVILLE - Schuman-Delaville", "route_ids": ["ATOUMOD040:Line:1002019:LOC"]}}, {"type": "Feature", "geometry": {"type": "Point", "coordinates": [-1.479354, 49.505121]}, "properties": {"stop_id": "FR:50615:ZE:1075548:ATOUMOD040", "stop_name": "Gare Sncf", "route_ids": ["ATOUMOD040:Line:1002037:LOC"]}}, {"type": "Feature", "geometry": {"type": "Point", "coordinates": [-1.608152, 49.099257]}, "properties": {"stop_id": "FR:50215:ZE:1075616:ATOUMOD040", "stop_name": "GOUVILLE-SUR-MER - La Mielle", "route_ids": ["ATOUMOD040:Line:1002031:LOC"]}}, {"type": "Feature", "geometry": {"type": "Point", "coordinates": [-1.598056, 49.048495]}, "properties": {"stop_id": "FR:50003:ZE:1075624:ATOUMOD040", "stop_name": "Office de Tourisme - Av du Golf", "route_ids": ["ATOUMOD040:Line:1002031:LOC"]}}, {"type": "Feature", "geometry": {"type": "Point", "coordinates": [-1.577363, 49.042201]}, "properties": {"stop_id": "FR:50003:ZE:1075628:ATOUMOD040", "stop_name": "Rue Abbé Bailleul", "route_ids": ["ATOUMOD040:Line:1002031:LOC"]}}, {"type": "Feature", "geometry": {"type": "Point", "coordinates": [-1.509497, 48.612031]}, "properties": {"stop_id": "FR:50042:ZE:1075650:ATOUMOD040", "stop_name": "Parking Navettes", "route_ids": ["ATOUMOD040:Line:1002027:LOC"]}}, {"type": "Feature", "geometry": {"type": "Point", "coordinates": [-1.350779, 48.628956]}, "properties": {"stop_id": "FR:50408:ZE:1075672:ATOUMOD040", "stop_name": "Mairie", "route_ids": ["ATOUMOD040:Line:1002027:LOC", "ATOUMOD040:Line:1002036:LOC"]}}, {"type": "Feature", "geometry": {"type": "Point", "coordinates": [-1.350929, 48.629153]}, "properties": {"stop_id": "FR:50408:ZE:1178290:ATOUMOD040", "stop_name": "Mairie", "route_ids": ["ATOUMOD040:Line:1002027:LOC", "ATOUMOD040:Line:1002036:LOC"]}}, {"type": "Feature", "geometry": {"type": "Point", "coordinates": [-1.587939, 48.838327]}, "properties": {"stop_id": "FR:50218:ZE:1075684:ATOUMOD040", "stop_name": "Gare Sncf", "route_ids": ["ATOUMOD040:Line:1002027:LOC", "ATOUMOD040:Line:1002032:LOC", "ATOUMOD040:Line:1002035:LOC", "ATOUMOD040:Line:1002025:LOC"]}}, {"type": "Feature", "geometry": {"type": "Point", "coordinates": [-1.570071, 48.831128]}, "properties": {"stop_id": "FR:50218:ZE:1075686:ATOUMOD040", "stop_name": "Maison de Repos", "route_ids": ["ATOUMOD040:Line:1002027:LOC", "ATOUMOD040:Line:1002035:LOC"]}}, {"type": "Feature", "geometry": {"type": "Point", "coordinates": [-1.509691, 48.790058]}, "properties": {"stop_id": "FR:50540:ZE:1075692:ATOUMOD040", "stop_name": "La Havaudiere", "route_ids": ["ATOUMOD040:Line:1002035:LOC"]}}, {"type": "Feature", "geometry": {"type": "Point", "coordinates": [-1.50941, 48.790044]}, "properties": {"stop_id": "FR:50540:ZE:1178282:ATOUMOD040", "stop_name": "La Havaudiere", "route_ids": ["ATOUMOD040:Line:1002035:LOC"]}}, {"type": "Feature", "geometry": {"type": "Point", "coordinates": [-1.456544, 48.75239]}, "properties": {"stop_id": "FR:50565:ZE:1075696:ATOUMOD040", "stop_name": "SARTILLY - Grande Rue", "route_ids": ["ATOUMOD040:Line:1002035:LOC"]}}, {"type": "Feature", "geometry": {"type": "Point", "coordinates": [-1.456497, 48.752437]}, "properties": {"stop_id": "FR:50565:ZE:1178280:ATOUMOD040", "stop_name": "SARTILLY - Grande Rue", "route_ids": ["ATOUMOD040:Line:1002035:LOC"]}}, {"type": "Feature", "geometry": {"type": "Point", "coordinates": [-1.226201, 48.834089]}, "properties": {"stop_id": "FR:50639:ZE:1075728:ATOUMOD040", "stop_name": "VILLEDIEU-LES-POELES - Gare Sncf", "route_ids": ["ATOUMOD040:Line:1002026:LOC"]}}, {"type": "Feature", "geometry": {"type": "Point", "coordinates": [-1.200962, 48.879045]}, "properties": {"stop_id": "FR:50137:ZE:1075732:ATOUMOD040", "stop_name": "Le Bignon", "route_ids": ["ATOUMOD040:Line:1002026:LOC"]}}, {"type": "Feature", "geometry": {"type": "Point", "coordinates": [-1.201119, 48.878139]}, "properties": {"stop_id": "FR:50137:ZE:1075734:ATOUMOD040", "stop_name": "Le Bignon", "route_ids": ["ATOUMOD040:Line:1002026:LOC"]}}, {"type": "Feature", "geometry": {"type": "Point", "coordinates": [-1.166439, 48.959497]}, "properties": {"stop_id": "FR:50637:ZE:1075736:ATOUMOD040", "stop_name": "Le Bourg", "route_ids": ["ATOUMOD040:Line:1002026:LOC"]}}, {"type": "Feature", "geometry": {"type": "Point", "coordinates": [-1.166561, 48.959516]}, "properties": {"stop_id": "FR:50637:ZE:1178276:ATOUMOD040", "stop_name": "Le Bourg", "route_ids": ["ATOUMOD040:Line:1002026:LOC"]}}, {"type": "Feature", "geometry": {"type": "Point", "coordinates": [-1.11628, 49.100137]}, "properties": {"stop_id": "FR:50502:ZE:1075740:ATOUMOD040", "stop_name": "Maison du Département - Desserte Etablissements", "route_ids": ["ATOUMOD040:Line:1002019:LOC", "ATOUMOD040:Line:1002025:LOC", "ATOUMOD040:Line:1002026:LOC"]}}, {"type": "Feature", "geometry": {"type": "Point", "coordinates": [-1.291475, 48.759327]}, "properties": {"stop_id": "FR:50535:ZE:1075742:ATOUMOD040", "stop_name": "SAINTE-PIENCE - Château du Parc", "route_ids": ["ATOUMOD040:Line:1002026:LOC"]}}, {"type": "Feature", "geometry": {"type": "Point", "coordinates": [-1.291921, 48.759006]}, "properties": {"stop_id": "FR:50535:ZE:1178293:ATOUMOD040", "stop_name": "SAINTE-PIENCE - Château du Parc", "route_ids": ["ATOUMOD040:Line:1002026:LOC"]}}, {"type": "Feature", "geometry": {"type": "Point", "coordinates": [-1.411927, 49.13085]}, "properties": {"stop_id": "FR:50550:ZE:1075764:ATOUMOD040", "stop_name": "ST-SAUVEUR-LENDELIN - Mairie", "route_ids": ["ATOUMOD040:Line:1002037:LOC"]}}, {"type": "Feature", "geometry": {"type": "Point", "coordinates": [-1.531784, 49.22025]}, "properties": {"stop_id": "FR:50267:ZE:1075786:ATOUMOD040", "stop_name": "LESSAY - Abbatiale", "route_ids": ["ATOUMOD040:Line:1002037:LOC"]}}, {"type": "Feature", "geometry": {"type": "Point", "coordinates": [-1.531566, 49.220341]}, "properties": {"stop_id": "FR:50267:ZE:1178296:ATOUMOD040", "stop_name": "LESSAY - Abbatiale", "route_ids": ["ATOUMOD040:Line:1002037:LOC"]}}, {"type": "Feature", "geometry": {"type": "Point", "coordinates": [-1.408401, 49.185262]}, "properties": {"stop_id": "FR:50394:ZE:1075792:ATOUMOD040", "stop_name": "Marché couvert", "route_ids": ["ATOUMOD040:Line:1002037:LOC"]}}, {"type": "Feature", "geometry": {"type": "Point", "coordinates": [-1.408943, 49.184639]}, "properties": {"stop_id": "FR:50394:ZE:1178294:ATOUMOD040", "stop_name": "Marché couvert", "route_ids": ["ATOUMOD040:Line:1002037:LOC"]}}, {"type": "Feature", "geometry": {"type": "Point", "coordinates": [-1.511656, 48.897376]}, "properties": {"stop_id": "FR:50076:ZE:1075794:ATOUMOD040", "stop_name": "Ancienne Gare", "route_ids": ["ATOUMOD040:Line:1002025:LOC", "ATOUMOD040:Line:1002032:LOC"]}}, {"type": "Feature", "geometry": {"type": "Point", "coordinates": [-1.579912, 48.847004]}, "properties": {"stop_id": "FR:50165:ZE:1075812:ATOUMOD040", "stop_name": "Mairie", "route_ids": ["ATOUMOD040:Line:1002025:LOC", "ATOUMOD040:Line:1002032:LOC"]}}, {"type": "Feature", "geometry": {"type": "Point", "coordinates": [-1.580521, 48.846811]}, "properties": {"stop_id": "FR:50165:ZE:1168827:ATOUMOD040", "stop_name": "Mairie", "route_ids": ["ATOUMOD040:Line:1002032:LOC", "ATOUMOD040:Line:1002025:LOC"]}}, {"type": "Feature", "geometry": {"type": "Point", "coordinates": [-1.565868, 48.853602]}, "properties": {"stop_id": "FR:50165:ZE:1075818:ATOUMOD040", "stop_name": "Château d'eau", "route_ids": ["ATOUMOD040:Line:1002025:LOC", "ATOUMOD040:Line:1002032:LOC"]}}, {"type": "Feature", "geometry": {"type": "Point", "coordinates": [-1.566028, 48.853637]}, "properties": {"stop_id": "FR:50165:ZE:1178305:ATOUMOD040", "stop_name": "Château d'Eau", "route_ids": ["ATOUMOD040:Line:1002032:LOC", "ATOUMOD040:Line:1002025:LOC"]}}, {"type": "Feature", "geometry": {"type": "Point", "coordinates": [-1.521346, 48.912985]}, "properties": {"stop_id": "FR:50085:ZE:1075834:ATOUMOD040", "stop_name": "Église", "route_ids": ["ATOUMOD040:Line:1002032:LOC"]}}, {"type": "Feature", "geometry": {"type": "Point", "coordinates": [-1.521445, 48.912474]}, "properties": {"stop_id": "FR:50085:ZE:1178324:ATOUMOD040", "stop_name": "Église", "route_ids": ["ATOUMOD040:Line:1002032:LOC"]}}, {"type": "Feature", "geometry": {"type": "Point", "coordinates": [-1.526995, 48.935868]}, "properties": {"stop_id": "FR:50272:ZE:1075838:ATOUMOD040", "stop_name": "Coopérative", "route_ids": ["ATOUMOD040:Line:1002032:LOC"]}}, {"type": "Feature", "geometry": {"type": "Point", "coordinates": [-1.55728, 48.970175]}, "properties": {"stop_id": "FR:50231:ZE:1075844:ATOUMOD040", "stop_name": "Croix du Sud", "route_ids": ["ATOUMOD040:Line:1002032:LOC"]}}, {"type": "Feature", "geometry": {"type": "Point", "coordinates": [-1.55714, 48.970316]}, "properties": {"stop_id": "FR:50231:ZE:1178319:ATOUMOD040", "stop_name": "Croix du Sud", "route_ids": ["ATOUMOD040:Line:1002032:LOC"]}}, {"type": "Feature", "geometry": {"type": "Point", "coordinates": [-1.525894, 48.988013]}, "properties": {"stop_id": "FR:50349:ZE:1075850:ATOUMOD040", "stop_name": "Rue Franquet", "route_ids": ["ATOUMOD040:Line:1002032:LOC"]}}, {"type": "Feature", "geometry": {"type": "Point", "coordinates": [-1.525792, 48.98802]}, "properties": {"stop_id": "FR:50349:ZE:1178320:ATOUMOD040", "stop_name": "Rue Franquet", "route_ids": ["ATOUMOD040:Line:1002032:LOC"]}}, {"type": "Feature", "geometry": {"type": "Point", "coordinates": [-1.554623, 49.008654]}, "properties": {"stop_id": "FR:50429:ZE:1075856:ATOUMOD040", "stop_name": "La Poste", "route_ids": ["ATOUMOD040:Line:1002032:LOC"]}}, {"type": "Feature", "geometry": {"type": "Point", "coordinates": [-1.555009, 49.009192]}, "properties": {"stop_id": "FR:50429:ZE:1178317:ATOUMOD040", "stop_name": "La Poste", "route_ids": ["ATOUMOD040:Line:1002032:LOC"]}}, {"type": "Feature", "geometry": {"type": "Point", "coordinates": [-1.502547, 49.022209]}, "properties": {"stop_id": "FR:50243:ZE:1075860:ATOUMOD040", "stop_name": "Le Pont de la Roque", "route_ids": ["ATOUMOD040:Line:1002032:LOC"]}}, {"type": "Feature", "geometry": {"type": "Point", "coordinates": [-1.502265, 49.022106]}, "properties": {"stop_id": "FR:50243:ZE:1178321:ATOUMOD040", "stop_name": "Le Pont de la Roque", "route_ids": ["ATOUMOD040:Line:1002032:LOC"]}}, {"type": "Feature", "geometry": {"type": "Point", "coordinates": [-1.529387, 49.386915]}, "properties": {"stop_id": "FR:50551:ZE:1075882:ATOUMOD040", "stop_name": "Mairie", "route_ids": ["ATOUMOD040:Line:1002037:LOC"]}}, {"type": "Feature", "geometry": {"type": "Point", "coordinates": [-1.43201, 49.06564]}, "properties": {"stop_id": "FR:50147:ZE:1075884:ATOUMOD040", "stop_name": "La Louverie (ZI de la Mare)", "route_ids": ["ATOUMOD040:Line:1002025:LOC", "ATOUMOD040:Line:1002037:LOC"]}}, {"type": "Feature", "geometry": {"type": "Point", "coordinates": [-1.432223, 49.065578]}, "properties": {"stop_id": "FR:50147:ZE:1178298:ATOUMOD040", "stop_name": "La Louverie (ZI de la Mare)", "route_ids": ["ATOUMOD040:Line:1002037:LOC", "ATOUMOD040:Line:1002025:LOC"]}}, {"type": "Feature", "geometry": {"type": "Point", "coordinates": [-1.569747, 48.814252]}, "properties": {"stop_id": "FR:50532:ZE:1075894:ATOUMOD040", "stop_name": "La Porte des Iles", "route_ids": ["ATOUMOD040:Line:1002027:LOC"]}}, {"type": "Feature", "geometry": {"type": "Point", "coordinates": [-1.565727, 48.813073]}, "properties": {"stop_id": "FR:50532:ZE:1075896:ATOUMOD040", "stop_name": "Ancienne gare", "route_ids": ["ATOUMOD040:Line:1002027:LOC"]}}, {"type": "Feature", "geometry": {"type": "Point", "coordinates": [-1.567734, 48.803395]}, "properties": {"stop_id": "FR:50532:ZE:1075900:ATOUMOD040", "stop_name": "Beausoleil", "route_ids": ["ATOUMOD040:Line:1002027:LOC"]}}, {"type": "Feature", "geometry": {"type": "Point", "coordinates": [-1.567759, 48.803922]}, "properties": {"stop_id": "FR:50532:ZE:1178307:ATOUMOD040", "stop_name": "Beausoleil", "route_ids": ["ATOUMOD040:Line:1002027:LOC"]}}, {"type": "Feature", "geometry": {"type": "Point", "coordinates": [-1.565163, 48.793913]}, "properties": {"stop_id": "FR:50532:ZE:1075906:ATOUMOD040", "stop_name": "La Toque Blanche", "route_ids": ["ATOUMOD040:Line:1002027:LOC"]}}, {"type": "Feature", "geometry": {"type": "Point", "coordinates": [-1.565034, 48.793972]}, "properties": {"stop_id": "FR:50532:ZE:1178302:ATOUMOD040", "stop_name": "La Toque Blanche", "route_ids": ["ATOUMOD040:Line:1002027:LOC"]}}, {"type": "Feature", "geometry": {"type": "Point", "coordinates": [-1.56453, 48.790511]}, "properties": {"stop_id": "FR:50532:ZE:1075908:ATOUMOD040", "stop_name": "Le Pont-Bleu", "route_ids": ["ATOUMOD040:Line:1002027:LOC"]}}, {"type": "Feature", "geometry": {"type": "Point", "coordinates": [-1.564305, 48.790381]}, "properties": {"stop_id": "FR:50532:ZE:1178300:ATOUMOD040", "stop_name": "Le Pont-Bleu", "route_ids": ["ATOUMOD040:Line:1002027:LOC"]}}, {"type": "Feature", "geometry": {"type": "Point", "coordinates": [-1.567328, 48.774556]}, "properties": {"stop_id": "FR:50066:ZE:1075936:ATOUMOD040", "stop_name": "Office de Tourisme", "route_ids": ["ATOUMOD040:Line:1002027:LOC"]}}, {"type": "Feature", "geometry": {"type": "Point", "coordinates": [-1.568769, 48.762582]}, "properties": {"stop_id": "FR:50066:ZE:1075938:ATOUMOD040", "stop_name": "Edenville", "route_ids": ["ATOUMOD040:Line:1002027:LOC"]}}, {"type": "Feature", "geometry": {"type": "Point", "coordinates": [-1.568776, 48.763065]}, "properties": {"stop_id": "FR:50066:ZE:1178273:ATOUMOD040", "stop_name": "Edenville", "route_ids": ["ATOUMOD040:Line:1002027:LOC"]}}, {"type": "Feature", "geometry": {"type": "Point", "coordinates": [-1.561722, 48.751238]}, "properties": {"stop_id": "FR:50102:ZE:1075942:ATOUMOD040", "stop_name": "Salle des Fetes", "route_ids": ["ATOUMOD040:Line:1002027:LOC"]}}, {"type": "Feature", "geometry": {"type": "Point", "coordinates": [-1.561664, 48.751092]}, "properties": {"stop_id": "FR:50102:ZE:1178301:ATOUMOD040", "stop_name": "Salle des Fetes", "route_ids": ["ATOUMOD040:Line:1002027:LOC"]}}, {"type": "Feature", "geometry": {"type": "Point", "coordinates": [-1.532992, 48.73431]}, "properties": {"stop_id": "FR:50117:ZE:1075946:ATOUMOD040", "stop_name": "Marquis de Tombelaine", "route_ids": ["ATOUMOD040:Line:1002027:LOC"]}}, {"type": "Feature", "geometry": {"type": "Point", "coordinates": [-1.53257, 48.734305]}, "properties": {"stop_id": "FR:50117:ZE:1178304:ATOUMOD040", "stop_name": "Marquis de Tombelaine", "route_ids": ["ATOUMOD040:Line:1002027:LOC"]}}, {"type": "Feature", "geometry": {"type": "Point", "coordinates": [-1.518562, 48.730005]}, "properties": {"stop_id": "FR:50496:ZE:1075952:ATOUMOD040", "stop_name": "Jardin public", "route_ids": ["ATOUMOD040:Line:1002027:LOC"]}}, {"type": "Feature", "geometry": {"type": "Point", "coordinates": [-1.518347, 48.729895]}, "properties": {"stop_id": "FR:50496:ZE:1178308:ATOUMOD040", "stop_name": "Jardin public", "route_ids": ["ATOUMOD040:Line:1002027:LOC"]}}, {"type": "Feature", "geometry": {"type": "Point", "coordinates": [-1.440214, 48.688298]}, "properties": {"stop_id": "FR:50027:ZE:1075954:ATOUMOD040", "stop_name": "Le Fougeray", "route_ids": ["ATOUMOD040:Line:1002027:LOC"]}}, {"type": "Feature", "geometry": {"type": "Point", "coordinates": [-1.441014, 48.688245]}, "properties": {"stop_id": "FR:50027:ZE:1178291:ATOUMOD040", "stop_name": "Le Fougeray", "route_ids": ["ATOUMOD040:Line:1002027:LOC"]}}, {"type": "Feature", "geometry": {"type": "Point", "coordinates": [-1.411986, 48.681554]}, "properties": {"stop_id": "FR:50612:ZE:1075958:ATOUMOD040", "stop_name": "Mairie", "route_ids": ["ATOUMOD040:Line:1002027:LOC"]}}, {"type": "Feature", "geometry": {"type": "Point", "coordinates": [-1.413033, 48.681759]}, "properties": {"stop_id": "FR:50612:ZE:1178272:ATOUMOD040", "stop_name": "Mairie", "route_ids": ["ATOUMOD040:Line:1002027:LOC"]}}, {"type": "Feature", "geometry": {"type": "Point", "coordinates": [-1.375129, 48.692867]}, "properties": {"stop_id": "FR:50288:ZE:1075966:ATOUMOD040", "stop_name": "Pont-Gilbert", "route_ids": ["ATOUMOD040:Line:1002027:LOC"]}}, {"type": "Feature", "geometry": {"type": "Point", "coordinates": [-1.37435, 48.693306]}, "properties": {"stop_id": "FR:50288:ZE:1178311:ATOUMOD040", "stop_name": "Pont-Gilbert", "route_ids": ["ATOUMOD040:Line:1002027:LOC"]}}, {"type": "Feature", "geometry": {"type": "Point", "coordinates": [-1.56373, 48.907618]}, "properties": {"stop_id": "FR:50076:ZE:1075970:ATOUMOD040", "stop_name": "St-Martin-de-Bréhal - Camping de la Vanlée", "route_ids": ["ATOUMOD040:Line:1002032:LOC"]}}, {"type": "Feature", "geometry": {"type": "Point", "coordinates": [-1.541754, 49.284133]}, "properties": {"stop_id": "FR:50236:ZE:1076000:ATOUMOD040", "stop_name": "LA HAYE-DU-PUITS - Plc Flandres Dunkerque", "route_ids": ["ATOUMOD040:Line:1002037:LOC"]}}, {"type": "Feature", "geometry": {"type": "Point", "coordinates": [-1.529022, 49.212833]}, "properties": {"stop_id": "FR:50267:ZE:1076010:ATOUMOD040", "stop_name": "LESSAY - Rond-point de la Lande", "route_ids": ["ATOUMOD040:Line:1002037:LOC"]}}, {"type": "Feature", "geometry": {"type": "Point", "coordinates": [-1.529074, 49.213111]}, "properties": {"stop_id": "FR:50267:ZE:1178312:ATOUMOD040", "stop_name": "LESSAY - Rond-point de la Lande", "route_ids": ["ATOUMOD040:Line:1002037:LOC"]}}, {"type": "Feature", "geometry": {"type": "Point", "coordinates": [-1.191073, 48.915732]}, "properties": {"stop_id": "FR:50393:ZE:1076014:ATOUMOD040", "stop_name": "PERCY - Plc du Champ de foire", "route_ids": ["ATOUMOD040:Line:1002026:LOC"]}}, {"type": "Feature", "geometry": {"type": "Point", "coordinates": [-1.220208, 48.836815]}, "properties": {"stop_id": "FR:50639:ZE:1076016:ATOUMOD040", "stop_name": "VILLEDIEU-LES-POELES - Place des Costils", "route_ids": ["ATOUMOD040:Line:1002026:LOC"]}}, {"type": "Feature", "geometry": {"type": "Point", "coordinates": [-1.352901, 48.654577]}, "properties": {"stop_id": "FR:50025:ZE:1076022:ATOUMOD040", "stop_name": "ST-MARTIN-DES-CHAMPS - Parc de la Baie", "route_ids": ["ATOUMOD040:Line:1002027:LOC", "ATOUMOD040:Line:1002036:LOC"]}}, {"type": "Feature", "geometry": {"type": "Point", "coordinates": [-1.35308, 48.654364]}, "properties": {"stop_id": "FR:50025:ZE:1178286:ATOUMOD040", "stop_name": "ST-MARTIN-DES-CHAMPS - Parc de la Baie", "route_ids": ["ATOUMOD040:Line:1002027:LOC", "ATOUMOD040:Line:1002036:LOC"]}}, {"type": "Feature", "geometry": {"type": "Point", "coordinates": [-0.958396, 48.634926]}, "properties": {"stop_id": "FR:50436:ZE:1076028:ATOUMOD040", "stop_name": "ROMAGNY - ZA Teractive", "route_ids": ["ATOUMOD040:Line:1002036:LOC"]}}, {"type": "Feature", "geometry": {"type": "Point", "coordinates": [-0.958411, 48.635116]}, "properties": {"stop_id": "FR:50436:ZE:1178309:ATOUMOD040", "stop_name": "ROMAGNY - ZA Teractive", "route_ids": ["ATOUMOD040:Line:1002036:LOC"]}}, {"type": "Feature", "geometry": {"type": "Point", "coordinates": [-1.546057, 48.815885]}, "properties": {"stop_id": "FR:50532:ZE:1076036:ATOUMOD040", "stop_name": "ZA du Croissant", "route_ids": ["ATOUMOD040:Line:1002027:LOC", "ATOUMOD040:Line:1002035:LOC"]}}, {"type": "Feature", "geometry": {"type": "Point", "coordinates": [-1.546696, 48.816515]}, "properties": {"stop_id": "FR:50532:ZE:1178287:ATOUMOD040", "stop_name": "ZA du Croissant", "route_ids": ["ATOUMOD040:Line:1002027:LOC", "ATOUMOD040:Line:1002035:LOC"]}}, {"type": "Feature", "geometry": {"type": "Point", "coordinates": [-1.555338, 48.977992]}, "properties": {"stop_id": "FR:50231:ZE:1076246:ATOUMOD040", "stop_name": "Office de Tourisme", "route_ids": ["ATOUMOD040:Line:1002032:LOC"]}}, {"type": "Feature", "geometry": {"type": "Point", "coordinates": [-1.555413, 48.977893]}, "properties": {"stop_id": "FR:50231:ZE:1178318:ATOUMOD040", "stop_name": "Office de Tourisme", "route_ids": ["ATOUMOD040:Line:1002032:LOC"]}}, {"type": "Feature", "geometry": {"type": "Point", "coordinates": [-1.479985, 48.686559]}, "properties": {"stop_id": "FR:50199:ZE:1076276:ATOUMOD040", "stop_name": "Auberge de Jeunesse", "route_ids": ["ATOUMOD040:Line:1002027:LOC"]}}, {"type": "Feature", "geometry": {"type": "Point", "coordinates": [-1.479859, 48.686567]}, "properties": {"stop_id": "FR:50199:ZE:1178313:ATOUMOD040", "stop_name": "Auberge de Jeunesse", "route_ids": ["ATOUMOD040:Line:1002027:LOC"]}}, {"type": "Feature", "geometry": {"type": "Point", "coordinates": [-1.497471, 48.712086]}, "properties": {"stop_id": "FR:50167:ZE:1076278:ATOUMOD040", "stop_name": "Le Lavoir", "route_ids": ["ATOUMOD040:Line:1002027:LOC"]}}, {"type": "Feature", "geometry": {"type": "Point", "coordinates": [-1.498258, 48.712294]}, "properties": {"stop_id": "FR:50167:ZE:1178306:ATOUMOD040", "stop_name": "Le Lavoir", "route_ids": ["ATOUMOD040:Line:1002027:LOC"]}}, {"type": "Feature", "geometry": {"type": "Point", "coordinates": [-1.049789, 49.226822]}, "properties": {"stop_id": "FR:14614:ZE:1076288:ATOUMOD040", "stop_name": "Gare Sncf", "route_ids": ["ATOUMOD040:Line:1002025:LOC"]}}, {"type": "Feature", "geometry": {"type": "Point", "coordinates": [-1.127851, 49.049188]}, "properties": {"stop_id": "FR:50546:ZE:1076294:ATOUMOD040", "stop_name": "ST-SAMSON-DE-BONFOSSE - Plc Général de Gaulle", "route_ids": ["ATOUMOD040:Line:1002026:LOC"]}}, {"type": "Feature", "geometry": {"type": "Point", "coordinates": [-1.109343, 49.106107]}, "properties": {"stop_id": "FR:50502:ZE:1076364:ATOUMOD040", "stop_name": "Hôpital", "route_ids": ["ATOUMOD040:Line:1002019:LOC", "ATOUMOD040:Line:1002025:LOC", "ATOUMOD040:Line:1002026:LOC"]}}, {"type": "Feature", "geometry": {"type": "Point", "coordinates": [-1.108269, 49.107079]}, "properties": {"stop_id": "FR:50502:ZE:1076366:ATOUMOD040", "stop_name": "Hôpital", "route_ids": ["ATOUMOD040:Line:1002019:LOC", "ATOUMOD040:Line:1002025:LOC", "ATOUMOD040:Line:1002026:LOC"]}}, {"type": "Feature", "geometry": {"type": "Point", "coordinates": [-1.51183, 48.897419]}, "properties": {"stop_id": "FR:50076:ZE:1076374:ATOUMOD040", "stop_name": "Ancienne Gare", "route_ids": ["ATOUMOD040:Line:1002032:LOC", "ATOUMOD040:Line:1002025:LOC"]}}, {"type": "Feature", "geometry": {"type": "Point", "coordinates": [-1.468993, 48.968635]}, "properties": {"stop_id": "FR:50419:ZE:1076376:ATOUMOD040", "stop_name": "QUETTREVILLE-SUR-SIENNE - Mairie", "route_ids": ["ATOUMOD040:Line:1002025:LOC"]}}, {"type": "Feature", "geometry": {"type": "Point", "coordinates": [-1.469247, 48.968554]}, "properties": {"stop_id": "FR:50419:ZE:1178289:ATOUMOD040", "stop_name": "QUETTREVILLE-SUR-SIENNE - Mairie", "route_ids": ["ATOUMOD040:Line:1002025:LOC"]}}, {"type": "Feature", "geometry": {"type": "Point", "coordinates": [-1.253911, 48.803363]}, "properties": {"stop_id": "FR:50639:ZE:1076380:ATOUMOD040", "stop_name": "ROUFFIGNY - Salle des Fetes", "route_ids": ["ATOUMOD040:Line:1002026:LOC"]}}, {"type": "Feature", "geometry": {"type": "Point", "coordinates": [-1.59097, 49.042342]}, "properties": {"stop_id": "FR:50003:ZE:1076424:ATOUMOD040", "stop_name": "Avenue des Pins", "route_ids": ["ATOUMOD040:Line:1002031:LOC"]}}, {"type": "Feature", "geometry": {"type": "Point", "coordinates": [-1.131926, 48.585434]}, "properties": {"stop_id": "FR:50484:ZE:1076436:ATOUMOD040", "stop_name": "VIREY - Ecole", "route_ids": ["ATOUMOD040:Line:1002036:LOC"]}}, {"type": "Feature", "geometry": {"type": "Point", "coordinates": [-1.565765, 48.897661]}, "properties": {"stop_id": "FR:50076:ZE:1076442:ATOUMOD040", "stop_name": "St-Martin-de-Bréhal - Salle des fetes", "route_ids": ["ATOUMOD040:Line:1002032:LOC"]}}, {"type": "Feature", "geometry": {"type": "Point", "coordinates": [-1.565655, 48.897713]}, "properties": {"stop_id": "FR:50076:ZE:1179601:ATOUMOD040", "stop_name": "St-Martin-de-Bréhal - Salle des fetes", "route_ids": ["ATOUMOD040:Line:1002032:LOC"]}}, {"type": "Feature", "geometry": {"type": "Point", "coordinates": [-1.542248, 49.046564]}, "properties": {"stop_id": "FR:50603:ZE:1076480:ATOUMOD040", "stop_name": "Le Bourg", "route_ids": ["ATOUMOD040:Line:1002031:LOC"]}}, {"type": "Feature", "geometry": {"type": "Point", "coordinates": [-1.542127, 49.046499]}, "properties": {"stop_id": "FR:50603:ZE:1178277:ATOUMOD040", "stop_name": "Le Bourg", "route_ids": ["ATOUMOD040:Line:1002031:LOC"]}}, {"type": "Feature", "geometry": {"type": "Point", "coordinates": [-1.563801, 48.869781]}, "properties": {"stop_id": "FR:50081:ZE:1076484:ATOUMOD040", "stop_name": "La route Blanche", "route_ids": ["ATOUMOD040:Line:1002032:LOC"]}}, {"type": "Feature", "geometry": {"type": "Point", "coordinates": [-1.570178, 48.831028]}, "properties": {"stop_id": "FR:50218:ZE:1076884:ATOUMOD040", "stop_name": "Maison de repos", "route_ids": ["ATOUMOD040:Line:1002027:LOC", "ATOUMOD040:Line:1002035:LOC"]}}, {"type": "Feature", "geometry": {"type": "Point", "coordinates": [-1.474705, 48.68455]}, "properties": {"stop_id": "FR:50199:ZE:1076890:ATOUMOD040", "stop_name": "La Poste", "route_ids": ["ATOUMOD040:Line:1002027:LOC"]}}, {"type": "Feature", "geometry": {"type": "Point", "coordinates": [-1.474563, 48.68461]}, "properties": {"stop_id": "FR:50199:ZE:1178314:ATOUMOD040", "stop_name": "La Poste", "route_ids": ["ATOUMOD040:Line:1002027:LOC"]}}, {"type": "Feature", "geometry": {"type": "Point", "coordinates": [-0.887819, 48.835794]}, "properties": {"stop_id": "FR:14762:ZE:1076894:ATOUMOD040", "stop_name": "VIRE - Sainte-Anne", "route_ids": ["ATOUMOD040:Line:1002036:LOC"]}}, {"type": "Feature", "geometry": {"type": "Point", "coordinates": [-0.887702, 48.835826]}, "properties": {"stop_id": "FR:14762:ZE:1178254:ATOUMOD040", "stop_name": "VIRE - Sainte-Anne", "route_ids": ["ATOUMOD040:Line:1002036:LOC"]}}, {"type": "Feature", "geometry": {"type": "Point", "coordinates": [-1.154518, 48.997408]}, "properties": {"stop_id": "FR:50363:ZE:1076896:ATOUMOD040", "stop_name": "MOYON - Carrefour Paris", "route_ids": ["ATOUMOD040:Line:1002026:LOC"]}}, {"type": "Feature", "geometry": {"type": "Point", "coordinates": [-1.154479, 48.997977]}, "properties": {"stop_id": "FR:50363:ZE:1178283:ATOUMOD040", "stop_name": "MOYON - Carrefour Paris", "route_ids": ["ATOUMOD040:Line:1002026:LOC"]}}, {"type": "Feature", "geometry": {"type": "Point", "coordinates": [-1.136723, 49.228638]}, "properties": {"stop_id": "FR:50488:ZE:1076994:ATOUMOD040", "stop_name": "Mairie", "route_ids": ["ATOUMOD040:Line:1002019:LOC"]}}, {"type": "Feature", "geometry": {"type": "Point", "coordinates": [1.354841, 49.851146]}, "properties": {"stop_id": "FR:76749:ZE:1101314:ATOUMOD040", "stop_name": "Rue de l'Eaulne", "route_ids": ["ATOUMOD040:Line:1003069:LOC"]}}, {"type": "Feature", "geometry": {"type": "Point", "coordinates": [1.354796, 49.851219]}, "properties": {"stop_id": "FR:76749:ZE:1158685:ATOUMOD040", "stop_name": "Rue de l'Eaulne", "route_ids": ["ATOUMOD040:Line:1003069:LOC"]}}, {"type": "Feature", "geometry": {"type": "Point", "coordinates": [0.820658, 49.457675]}, "properties": {"stop_id": "FR:76750:ZE:1101316:ATOUMOD040", "stop_name": "Bac", "route_ids": ["ATOUMOD040:Line:1003058:LOC"]}}, {"type": "Feature", "geometry": {"type": "Point", "coordinates": [0.829343, 49.45474]}, "properties": {"stop_id": "FR:76750:ZE:1101318:ATOUMOD040", "stop_name": "Centre", "route_ids": ["ATOUMOD040:Line:1003058:LOC", "ATOUMOD040:Line:1003061:LOC"]}}, {"type": "Feature", "geometry": {"type": "Point", "coordinates": [0.82946, 49.454539]}, "properties": {"stop_id": "FR:76750:ZE:1171254:ATOUMOD040", "stop_name": "Centre", "route_ids": ["ATOUMOD040:Line:1003061:LOC"]}}, {"type": "Feature", "geometry": {"type": "Point", "coordinates": [0.831493, 49.455243]}, "properties": {"stop_id": "FR:76750:ZE:1101320:ATOUMOD040", "stop_name": "Terrain de Pétanque", "route_ids": ["ATOUMOD040:Line:1003061:LOC"]}}, {"type": "Feature", "geometry": {"type": "Point", "coordinates": [0.831419, 49.455746]}, "properties": {"stop_id": "FR:76750:ZE:1171257:ATOUMOD040", "stop_name": "Terrain de Pétanque", "route_ids": ["ATOUMOD040:Line:1003061:LOC"]}}, {"type": "Feature", "geometry": {"type": "Point", "coordinates": [0.353074, 49.591709]}, "properties": {"stop_id": "FR:76747:ZE:1101326:ATOUMOD040", "stop_name": "Mairie / École", "route_ids": ["ATOUMOD040:Line:1003053:LOC"]}}, {"type": "Feature", "geometry": {"type": "Point", "coordinates": [0.355631, 49.596482]}, "properties": {"stop_id": "FR:76747:ZE:1101328:ATOUMOD040", "stop_name": "La Petite Croix", "route_ids": ["ATOUMOD040:Line:1003053:LOC"]}}, {"type": "Feature", "geometry": {"type": "Point", "coordinates": [0.637622, 49.816497]}, "properties": {"stop_id": "FR:76748:ZE:1101330:ATOUMOD040", "stop_name": "Le Bourg", "route_ids": ["ATOUMOD040:Line:1003066:LOC"]}}, {"type": "Feature", "geometry": {"type": "Point", "coordinates": [1.24657, 49.499565]}, "properties": {"stop_id": "FR:76740:ZE:1101356:ATOUMOD040", "stop_name": "Mairie / Église", "route_ids": ["ATOUMOD040:Line:1003050:LOC"]}}, {"type": "Feature", "geometry": {"type": "Point", "coordinates": [1.246431, 49.499644]}, "properties": {"stop_id": "FR:76740:ZE:1171228:ATOUMOD040", "stop_name": "Mairie / Église", "route_ids": ["ATOUMOD040:Line:1003050:LOC"]}}, {"type": "Feature", "geometry": {"type": "Point", "coordinates": [0.242616, 49.660805]}, "properties": {"stop_id": "FR:76741:ZE:1101358:ATOUMOD040", "stop_name": "Mairie / École", "route_ids": ["ATOUMOD040:Line:1003055:LOC"]}}, {"type": "Feature", "geometry": {"type": "Point", "coordinates": [0.675355, 49.51386]}, "properties": {"stop_id": "FR:76164:ZE:1101368:ATOUMOD040", "stop_name": "VILLEQUIER - Centre", "route_ids": ["ATOUMOD040:Line:1003048:LOC", "ATOUMOD040:Line:1003051:LOC"]}}, {"type": "Feature", "geometry": {"type": "Point", "coordinates": [0.93177, 49.528237]}, "properties": {"stop_id": "FR:76743:ZE:1101380:ATOUMOD040", "stop_name": "Place Jean Moulin", "route_ids": ["ATOUMOD040:Line:1003058:LOC"]}}, {"type": "Feature", "geometry": {"type": "Point", "coordinates": [1.716297, 49.403377]}, "properties": {"stop_id": "FR:27098:ZE:1101446:ATOUMOD040", "stop_name": "Centre", "route_ids": ["ATOUMOD040:Line:1006919:LOC"]}}, {"type": "Feature", "geometry": {"type": "Point", "coordinates": [1.715989, 49.4034]}, "properties": {"stop_id": "FR:27098:ZE:1174829:ATOUMOD040", "stop_name": "Centre", "route_ids": ["ATOUMOD040:Line:1006919:LOC"]}}, {"type": "Feature", "geometry": {"type": "Point", "coordinates": [1.382188, 49.370395]}, "properties": {"stop_id": "FR:27151:ZE:1101460:ATOUMOD040", "stop_name": "Centre", "route_ids": ["ATOUMOD040:Line:1003065:LOC"]}}, {"type": "Feature", "geometry": {"type": "Point", "coordinates": [1.357359, 49.360298]}, "properties": {"stop_id": "FR:27246:ZE:1101478:ATOUMOD040", "stop_name": "Centre", "route_ids": ["ATOUMOD040:Line:1003065:LOC"]}}, {"type": "Feature", "geometry": {"type": "Point", "coordinates": [0.758279, 49.622293]}, "properties": {"stop_id": "FR:76758:ZE:1101546:ATOUMOD040", "stop_name": "Lycée Jean XXIII", "route_ids": ["ATOUMOD040:Line:1006899:LOC", "ATOUMOD040:Line:1003048:LOC", "ATOUMOD040:Line:1003056:LOC"]}}, {"type": "Feature", "geometry": {"type": "Point", "coordinates": [0.756432, 49.616029]}, "properties": {"stop_id": "FR:76758:ZE:1101548:ATOUMOD040", "stop_name": "Mairie (College Bobée)", "route_ids": ["ATOUMOD040:Line:1003057:LOC"]}}, {"type": "Feature", "geometry": {"type": "Point", "coordinates": [0.756691, 49.616728]}, "properties": {"stop_id": "FR:76758:ZE:1176044:ATOUMOD040", "stop_name": "Hôtel de Ville", "route_ids": ["ATOUMOD040:Line:1003057:LOC"]}}, {"type": "Feature", "geometry": {"type": "Point", "coordinates": [0.738282, 49.611981]}, "properties": {"stop_id": "FR:76043:ZE:1101550:ATOUMOD040", "stop_name": "Lycée Agricole", "route_ids": ["ATOUMOD040:Line:1003048:LOC", "ATOUMOD040:Line:1003056:LOC"]}}, {"type": "Feature", "geometry": {"type": "Point", "coordinates": [0.810186, 49.689177]}, "properties": {"stop_id": "FR:76757:ZE:1101556:ATOUMOD040", "stop_name": "Eglise / École", "route_ids": ["ATOUMOD040:Line:1006899:LOC"]}}, {"type": "Feature", "geometry": {"type": "Point", "coordinates": [0.768768, 49.616992]}, "properties": {"stop_id": "FR:76758:ZE:1101562:ATOUMOD040", "stop_name": "College Albert Camus", "route_ids": ["ATOUMOD040:Line:1003048:LOC", "ATOUMOD040:Line:1003056:LOC"]}}, {"type": "Feature", "geometry": {"type": "Point", "coordinates": [0.770086, 49.612401]}, "properties": {"stop_id": "FR:76758:ZE:1101564:ATOUMOD040", "stop_name": "Lycée Raymond Queneau", "route_ids": ["ATOUMOD040:Line:1003048:LOC", "ATOUMOD040:Line:1003056:LOC"]}}, {"type": "Feature", "geometry": {"type": "Point", "coordinates": [0.314748, 49.737549]}, "properties": {"stop_id": "FR:76754:ZE:1101568:ATOUMOD040", "stop_name": "Place du Marché", "route_ids": ["ATOUMOD040:Line:1003055:LOC"]}}, {"type": "Feature", "geometry": {"type": "Point", "coordinates": [0.314977, 49.737308]}, "properties": {"stop_id": "FR:76754:ZE:1171263:ATOUMOD040", "stop_name": "Place du Marché", "route_ids": ["ATOUMOD040:Line:1003055:LOC"]}}, {"type": "Feature", "geometry": {"type": "Point", "coordinates": [0.808667, 49.688319]}, "properties": {"stop_id": "FR:76757:ZE:1101590:ATOUMOD040", "stop_name": "Salle des Fetes", "route_ids": ["ATOUMOD040:Line:1006899:LOC"]}}, {"type": "Feature", "geometry": {"type": "Point", "coordinates": [0.897253, 49.668597]}, "properties": {"stop_id": "FR:76752:ZE:1101592:ATOUMOD040", "stop_name": "Place du Marché", "route_ids": ["ATOUMOD040:Line:1003057:LOC"]}}, {"type": "Feature", "geometry": {"type": "Point", "coordinates": [1.279613, 49.55482]}, "properties": {"stop_id": "FR:76738:ZE:1171205:ATOUMOD040", "stop_name": "Saint-Aubin", "route_ids": ["ATOUMOD040:Line:1003073:LOC"]}}, {"type": "Feature", "geometry": {"type": "Point", "coordinates": [1.279853, 49.55474]}, "properties": {"stop_id": "FR:76738:ZE:1171304:ATOUMOD040", "stop_name": "Saint-Aubin", "route_ids": ["ATOUMOD040:Line:1003073:LOC"]}}, {"type": "Feature", "geometry": {"type": "Point", "coordinates": [0.597134, 49.852786]}, "properties": {"stop_id": "FR:76736:ZE:1101616:ATOUMOD040", "stop_name": "Digue", "route_ids": ["ATOUMOD040:Line:1003066:LOC"]}}, {"type": "Feature", "geometry": {"type": "Point", "coordinates": [0.282036, 49.618672]}, "properties": {"stop_id": "FR:76734:ZE:1101632:ATOUMOD040", "stop_name": "Mairie / École", "route_ids": ["ATOUMOD040:Line:1003054:LOC"]}}, {"type": "Feature", "geometry": {"type": "Point", "coordinates": [0.803535, 49.87631]}, "properties": {"stop_id": "FR:76683:ZE:1101636:ATOUMOD040", "stop_name": "Les Mouettes", "route_ids": ["ATOUMOD040:Line:1003067:LOC"]}}, {"type": "Feature", "geometry": {"type": "Point", "coordinates": [0.80343, 49.876199]}, "properties": {"stop_id": "FR:76683:ZE:1171185:ATOUMOD040", "stop_name": "Les Mouettes", "route_ids": ["ATOUMOD040:Line:1003067:LOC"]}}, {"type": "Feature", "geometry": {"type": "Point", "coordinates": [0.800993, 49.8702]}, "properties": {"stop_id": "FR:76735:ZE:1101642:ATOUMOD040", "stop_name": "Station", "route_ids": ["ATOUMOD040:Line:1003067:LOC"]}}, {"type": "Feature", "geometry": {"type": "Point", "coordinates": [0.80113, 49.870379]}, "properties": {"stop_id": "FR:76735:ZE:1171273:ATOUMOD040", "stop_name": "Station", "route_ids": ["ATOUMOD040:Line:1003067:LOC"]}}, {"type": "Feature", "geometry": {"type": "Point", "coordinates": [0.5871, 49.847919]}, "properties": {"stop_id": "FR:76736:ZE:1101646:ATOUMOD040", "stop_name": "Le Mesnil", "route_ids": ["ATOUMOD040:Line:1003066:LOC"]}}, {"type": "Feature", "geometry": {"type": "Point", "coordinates": [1.003004, 49.478096]}, "properties": {"stop_id": "FR:76728:ZE:1101668:ATOUMOD040", "stop_name": "Le Vaumain", "route_ids": ["ATOUMOD040:Line:1003063:LOC"]}}, {"type": "Feature", "geometry": {"type": "Point", "coordinates": [1.002934, 49.478076]}, "properties": {"stop_id": "FR:76728:ZE:1158639:ATOUMOD040", "stop_name": "Le Vaumain", "route_ids": ["ATOUMOD040:Line:1003063:LOC"]}}, {"type": "Feature", "geometry": {"type": "Point", "coordinates": [0.280064, 49.727663]}, "properties": {"stop_id": "FR:76726:ZE:1101684:ATOUMOD040", "stop_name": "Mairie / École", "route_ids": ["ATOUMOD040:Line:1003055:LOC"]}}, {"type": "Feature", "geometry": {"type": "Point", "coordinates": [0.292228, 49.732131]}, "properties": {"stop_id": "FR:76726:ZE:1101686:ATOUMOD040", "stop_name": "Vaucottes", "route_ids": ["ATOUMOD040:Line:1003055:LOC"]}}, {"type": "Feature", "geometry": {"type": "Point", "coordinates": [0.453815, 49.620657]}, "properties": {"stop_id": "FR:76725:ZE:1101706:ATOUMOD040", "stop_name": "Le Parlement", "route_ids": ["ATOUMOD040:Line:1003053:LOC"]}}, {"type": "Feature", "geometry": {"type": "Point", "coordinates": [0.446222, 49.624705]}, "properties": {"stop_id": "FR:76725:ZE:1101708:ATOUMOD040", "stop_name": "Mairie / École", "route_ids": ["ATOUMOD040:Line:1003053:LOC"]}}, {"type": "Feature", "geometry": {"type": "Point", "coordinates": [0.468571, 49.616582]}, "properties": {"stop_id": "FR:76725:ZE:1101710:ATOUMOD040", "stop_name": "La Boulangerie", "route_ids": ["ATOUMOD040:Line:1003053:LOC"]}}, {"type": "Feature", "geometry": {"type": "Point", "coordinates": [0.514732, 49.742177]}, "properties": {"stop_id": "FR:76719:ZE:1101728:ATOUMOD040", "stop_name": "Mairie", "route_ids": ["ATOUMOD040:Line:1003054:LOC"]}}, {"type": "Feature", "geometry": {"type": "Point", "coordinates": [0.98992, 49.906419]}, "properties": {"stop_id": "FR:76720:ZE:1101732:ATOUMOD040", "stop_name": "Maison de la Presse", "route_ids": ["ATOUMOD040:Line:1003067:LOC"]}}, {"type": "Feature", "geometry": {"type": "Point", "coordinates": [0.989998, 49.906462]}, "properties": {"stop_id": "FR:76720:ZE:1177696:ATOUMOD040", "stop_name": "Maison de la Presse", "route_ids": ["ATOUMOD040:Line:1003067:LOC"]}}, {"type": "Feature", "geometry": {"type": "Point", "coordinates": [1.002176, 49.903419]}, "properties": {"stop_id": "FR:76720:ZE:1101736:ATOUMOD040", "stop_name": "Château", "route_ids": ["ATOUMOD040:Line:1003067:LOC"]}}, {"type": "Feature", "geometry": {"type": "Point", "coordinates": [0.228785, 49.608378]}, "properties": {"stop_id": "FR:76716:ZE:1101748:ATOUMOD040", "stop_name": "La Forge", "route_ids": ["ATOUMOD040:Line:1003054:LOC", "ATOUMOD040:Line:1003055:LOC"]}}, {"type": "Feature", "geometry": {"type": "Point", "coordinates": [0.248433, 49.606882]}, "properties": {"stop_id": "FR:76716:ZE:1101750:ATOUMOD040", "stop_name": "L'Hirondelle Ecuquetot", "route_ids": ["ATOUMOD040:Line:1003054:LOC"]}}, {"type": "Feature", "geometry": {"type": "Point", "coordinates": [0.465742, 49.485163]}, "properties": {"stop_id": "FR:76684:ZE:1101798:ATOUMOD040", "stop_name": "Le Petit Pont", "route_ids": ["ATOUMOD040:Line:1003051:LOC"]}}, {"type": "Feature", "geometry": {"type": "Point", "coordinates": [1.26389, 49.464989]}, "properties": {"stop_id": "FR:76673:ZE:1101844:ATOUMOD040", "stop_name": "La Hémaudiere", "route_ids": ["ATOUMOD040:Line:1003076:LOC"]}}, {"type": "Feature", "geometry": {"type": "Point", "coordinates": [1.268134, 49.475133]}, "properties": {"stop_id": "FR:76673:ZE:1101848:ATOUMOD040", "stop_name": "École", "route_ids": ["ATOUMOD040:Line:1003076:LOC"]}}, {"type": "Feature", "geometry": {"type": "Point", "coordinates": [1.163464, 49.710259]}, "properties": {"stop_id": "FR:76034:ZE:1101856:ATOUMOD040", "stop_name": "SÉVIS - Ferme Auvray", "route_ids": ["ATOUMOD040:Line:1003068:LOC"]}}, {"type": "Feature", "geometry": {"type": "Point", "coordinates": [1.163386, 49.7103]}, "properties": {"stop_id": "FR:76034:ZE:1167910:ATOUMOD040", "stop_name": "SÉVIS - Ferme Auvray", "route_ids": ["ATOUMOD040:Line:1003068:LOC"]}}, {"type": "Feature", "geometry": {"type": "Point", "coordinates": [1.160824, 49.70481]}, "properties": {"stop_id": "FR:76034:ZE:1101860:ATOUMOD040", "stop_name": "SÉVIS - Mairie / École", "route_ids": ["ATOUMOD040:Line:1003068:LOC"]}}, {"type": "Feature", "geometry": {"type": "Point", "coordinates": [1.538316, 49.631217]}, "properties": {"stop_id": "FR:76672:ZE:1101874:ATOUMOD040", "stop_name": "Gare", "route_ids": ["ATOUMOD040:Line:1006919:LOC"]}}, {"type": "Feature", "geometry": {"type": "Point", "coordinates": [1.538523, 49.631345]}, "properties": {"stop_id": "FR:76672:ZE:1170845:ATOUMOD040", "stop_name": "Gare", "route_ids": ["ATOUMOD040:Line:1006919:LOC"]}}, {"type": "Feature", "geometry": {"type": "Point", "coordinates": [1.538868, 49.631458]}, "properties": {"stop_id": "FR:76672:ZE:1178424:ATOUMOD040", "stop_name": "Gare", "route_ids": ["ATOUMOD040:Line:1006919:LOC"]}}, {"type": "Feature", "geometry": {"type": "Point", "coordinates": [0.343154, 49.666406]}, "properties": {"stop_id": "FR:76669:ZE:1101878:ATOUMOD040", "stop_name": "Le Carreau", "route_ids": ["ATOUMOD040:Line:1003054:LOC", "ATOUMOD040:Line:1003055:LOC"]}}, {"type": "Feature", "geometry": {"type": "Point", "coordinates": [0.415686, 49.772633]}, "properties": {"stop_id": "FR:76670:ZE:1101880:ATOUMOD040", "stop_name": "Église", "route_ids": ["ATOUMOD040:Line:1003066:LOC", "ATOUMOD040:Line:1003085:LOC"]}}, {"type": "Feature", "geometry": {"type": "Point", "coordinates": [0.421161, 49.768278]}, "properties": {"stop_id": "FR:76670:ZE:1101882:ATOUMOD040", "stop_name": "Hableville", "route_ids": ["ATOUMOD040:Line:1003066:LOC", "ATOUMOD040:Line:1003085:LOC"]}}, {"type": "Feature", "geometry": {"type": "Point", "coordinates": [1.04857, 49.851647]}, "properties": {"stop_id": "FR:76667:ZE:1101890:ATOUMOD040", "stop_name": "Patteville", "route_ids": ["ATOUMOD040:Line:1003079:LOC"]}}, {"type": "Feature", "geometry": {"type": "Point", "coordinates": [1.202999, 49.910801]}, "properties": {"stop_id": "FR:76665:ZE:1101906:ATOUMOD040", "stop_name": "Le Bas", "route_ids": ["ATOUMOD040:Line:1003069:LOC"]}}, {"type": "Feature", "geometry": {"type": "Point", "coordinates": [1.203894, 49.910764]}, "properties": {"stop_id": "FR:76665:ZE:1170822:ATOUMOD040", "stop_name": "Le Bas", "route_ids": ["ATOUMOD040:Line:1003069:LOC"]}}, {"type": "Feature", "geometry": {"type": "Point", "coordinates": [0.530154, 49.814744]}, "properties": {"stop_id": "FR:76663:ZE:1101920:ATOUMOD040", "stop_name": "Petites Dalles Val Fleuri", "route_ids": ["ATOUMOD040:Line:1003066:LOC"]}}, {"type": "Feature", "geometry": {"type": "Point", "coordinates": [0.950182, 49.757082]}, "properties": {"stop_id": "FR:76629:ZE:1101960:ATOUMOD040", "stop_name": "Bois Lambert", "route_ids": ["ATOUMOD040:Line:1003079:LOC"]}}, {"type": "Feature", "geometry": {"type": "Point", "coordinates": [1.216151, 49.876153]}, "properties": {"stop_id": "FR:76624:ZE:1101974:ATOUMOD040", "stop_name": "Les Azalées", "route_ids": ["ATOUMOD040:Line:1003071:LOC"]}}, {"type": "Feature", "geometry": {"type": "Point", "coordinates": [1.212799, 49.873503]}, "properties": {"stop_id": "FR:76624:ZE:1101976:ATOUMOD040", "stop_name": "Bel Air", "route_ids": ["ATOUMOD040:Line:1003071:LOC"]}}, {"type": "Feature", "geometry": {"type": "Point", "coordinates": [1.213113, 49.873394]}, "properties": {"stop_id": "FR:76624:ZE:1172607:ATOUMOD040", "stop_name": "Bel Air", "route_ids": ["ATOUMOD040:Line:1003071:LOC"]}}, {"type": "Feature", "geometry": {"type": "Point", "coordinates": [1.236709, 49.87612]}, "properties": {"stop_id": "FR:76624:ZE:1101986:ATOUMOD040", "stop_name": "Le Manoir", "route_ids": ["ATOUMOD040:Line:1003071:LOC"]}}, {"type": "Feature", "geometry": {"type": "Point", "coordinates": [1.236675, 49.876168]}, "properties": {"stop_id": "FR:76624:ZE:1172620:ATOUMOD040", "stop_name": "Le Manoir", "route_ids": ["ATOUMOD040:Line:1003071:LOC"]}}, {"type": "Feature", "geometry": {"type": "Point", "coordinates": [1.222164, 49.878837]}, "properties": {"stop_id": "FR:76624:ZE:1101990:ATOUMOD040", "stop_name": "Place de la Mairie", "route_ids": ["ATOUMOD040:Line:1003071:LOC"]}}, {"type": "Feature", "geometry": {"type": "Point", "coordinates": [1.222366, 49.878728]}, "properties": {"stop_id": "FR:76624:ZE:1167267:ATOUMOD040", "stop_name": "Place de la Mairie", "route_ids": ["ATOUMOD040:Line:1003071:LOC"]}}, {"type": "Feature", "geometry": {"type": "Point", "coordinates": [1.202896, 49.881115]}, "properties": {"stop_id": "FR:76624:ZE:1101992:ATOUMOD040", "stop_name": "Square Aval", "route_ids": ["ATOUMOD040:Line:1003071:LOC"]}}, {"type": "Feature", "geometry": {"type": "Point", "coordinates": [1.202934, 49.881174]}, "properties": {"stop_id": "FR:76624:ZE:1172630:ATOUMOD040", "stop_name": "Square Aval", "route_ids": ["ATOUMOD040:Line:1003071:LOC"]}}, {"type": "Feature", "geometry": {"type": "Point", "coordinates": [1.219342, 49.878594]}, "properties": {"stop_id": "FR:76624:ZE:1101994:ATOUMOD040", "stop_name": "Garderie", "route_ids": ["ATOUMOD040:Line:1003071:LOC"]}}, {"type": "Feature", "geometry": {"type": "Point", "coordinates": [1.21588, 49.879982]}, "properties": {"stop_id": "FR:76624:ZE:1101996:ATOUMOD040", "stop_name": "La Poste", "route_ids": ["ATOUMOD040:Line:1003071:LOC"]}}, {"type": "Feature", "geometry": {"type": "Point", "coordinates": [1.215913, 49.880024]}, "properties": {"stop_id": "FR:76624:ZE:1172619:ATOUMOD040", "stop_name": "La Poste", "route_ids": ["ATOUMOD040:Line:1003071:LOC"]}}, {"type": "Feature", "geometry": {"type": "Point", "coordinates": [0.393222, 49.545238]}, "properties": {"stop_id": "FR:76714:ZE:1102004:ATOUMOD040", "stop_name": "Le Bois Rosé", "route_ids": ["ATOUMOD040:Line:1003051:LOC"]}}, {"type": "Feature", "geometry": {"type": "Point", "coordinates": [0.393939, 49.545616]}, "properties": {"stop_id": "FR:76714:ZE:1158196:ATOUMOD040", "stop_name": "Le Bois Rosé", "route_ids": ["ATOUMOD040:Line:1003051:LOC"]}}, {"type": "Feature", "geometry": {"type": "Point", "coordinates": [0.814652, 49.473084]}, "properties": {"stop_id": "FR:76709:ZE:1102016:ATOUMOD040", "stop_name": "Église du Trait", "route_ids": ["ATOUMOD040:Line:1003058:LOC", "ATOUMOD040:Line:1003061:LOC"]}}, {"type": "Feature", "geometry": {"type": "Point", "coordinates": [0.814544, 49.473395]}, "properties": {"stop_id": "FR:76709:ZE:1158163:ATOUMOD040", "stop_name": "Église du Trait", "route_ids": ["ATOUMOD040:Line:1003061:LOC"]}}, {"type": "Feature", "geometry": {"type": "Point", "coordinates": [1.365278, 50.055122]}, "properties": {"stop_id": "FR:76711:ZE:1102022:ATOUMOD040", "stop_name": "College Rachel Salmona", "route_ids": ["ATOUMOD040:Line:1003072:LOC"]}}, {"type": "Feature", "geometry": {"type": "Point", "coordinates": [1.378291, 50.055277]}, "properties": {"stop_id": "FR:76711:ZE:1102024:ATOUMOD040", "stop_name": "Route d'Étalondes", "route_ids": ["ATOUMOD040:Line:1003060:LOC"]}}, {"type": "Feature", "geometry": {"type": "Point", "coordinates": [1.374994, 50.060154]}, "properties": {"stop_id": "FR:76711:ZE:1102026:ATOUMOD040", "stop_name": "Café du Port", "route_ids": ["ATOUMOD040:Line:1003060:LOC"]}}, {"type": "Feature", "geometry": {"type": "Point", "coordinates": [1.366725, 50.056124]}, "properties": {"stop_id": "FR:76711:ZE:1102028:ATOUMOD040", "stop_name": "Lycée Le Hurlevent", "route_ids": ["ATOUMOD040:Line:1003060:LOC", "ATOUMOD040:Line:1003072:LOC"]}}, {"type": "Feature", "geometry": {"type": "Point", "coordinates": [1.387633, 50.055943]}, "properties": {"stop_id": "FR:76711:ZE:1102032:ATOUMOD040", "stop_name": "Carrefour Ampere", "route_ids": ["ATOUMOD040:Line:1003060:LOC"]}}, {"type": "Feature", "geometry": {"type": "Point", "coordinates": [1.387986, 50.055899]}, "properties": {"stop_id": "FR:76711:ZE:1171090:ATOUMOD040", "stop_name": "Carrefour Ampere", "route_ids": ["ATOUMOD040:Line:1003060:LOC"]}}, {"type": "Feature", "geometry": {"type": "Point", "coordinates": [1.387365, 50.05598]}, "properties": {"stop_id": "FR:76711:ZE:1178344:ATOUMOD040", "stop_name": "Carrefour Ampere", "route_ids": ["ATOUMOD040:Line:1003060:LOC"]}}, {"type": "Feature", "geometry": {"type": "Point", "coordinates": [1.376592, 50.059897]}, "properties": {"stop_id": "FR:76711:ZE:1102034:ATOUMOD040", "stop_name": "Quai Sadi Carnot", "route_ids": ["ATOUMOD040:Line:1003060:LOC"]}}, {"type": "Feature", "geometry": {"type": "Point", "coordinates": [1.368172, 50.062034]}, "properties": {"stop_id": "FR:76711:ZE:1102036:ATOUMOD040", "stop_name": "Casino", "route_ids": ["ATOUMOD040:Line:1003060:LOC"]}}, {"type": "Feature", "geometry": {"type": "Point", "coordinates": [1.375762, 50.062464]}, "properties": {"stop_id": "FR:76711:ZE:1102038:ATOUMOD040", "stop_name": "Gare Sncf", "route_ids": ["ATOUMOD040:Line:1003060:LOC", "ATOUMOD040:Line:1003072:LOC"]}}, {"type": "Feature", "geometry": {"type": "Point", "coordinates": [1.377057, 50.057892]}, "properties": {"stop_id": "FR:76711:ZE:1102040:ATOUMOD040", "stop_name": "Rue Gounod", "route_ids": ["ATOUMOD040:Line:1003060:LOC"]}}, {"type": "Feature", "geometry": {"type": "Point", "coordinates": [1.377482, 50.057682]}, "properties": {"stop_id": "FR:76711:ZE:1171101:ATOUMOD040", "stop_name": "Rue Gounod", "route_ids": ["ATOUMOD040:Line:1003060:LOC"]}}, {"type": "Feature", "geometry": {"type": "Point", "coordinates": [0.424141, 49.738807]}, "properties": {"stop_id": "FR:76708:ZE:1102052:ATOUMOD040", "stop_name": "Mairie / École", "route_ids": ["ATOUMOD040:Line:1003056:LOC"]}}, {"type": "Feature", "geometry": {"type": "Point", "coordinates": [0.797012, 49.495085]}, "properties": {"stop_id": "FR:76709:ZE:1102054:ATOUMOD040", "stop_name": "La Neuville", "route_ids": ["ATOUMOD040:Line:1003058:LOC", "ATOUMOD040:Line:1003061:LOC"]}}, {"type": "Feature", "geometry": {"type": "Point", "coordinates": [0.798019, 49.494372]}, "properties": {"stop_id": "FR:76709:ZE:1158164:ATOUMOD040", "stop_name": "La Neuville", "route_ids": ["ATOUMOD040:Line:1003061:LOC"]}}, {"type": "Feature", "geometry": {"type": "Point", "coordinates": [0.402152, 49.709988]}, "properties": {"stop_id": "FR:76706:ZE:1102068:ATOUMOD040", "stop_name": "Rue Justin Simon", "route_ids": ["ATOUMOD040:Line:1003053:LOC"]}}, {"type": "Feature", "geometry": {"type": "Point", "coordinates": [1.103143, 49.858813]}, "properties": {"stop_id": "FR:76707:ZE:1102072:ATOUMOD040", "stop_name": "Mairie", "route_ids": ["ATOUMOD040:Line:1003068:LOC"]}}, {"type": "Feature", "geometry": {"type": "Point", "coordinates": [1.103566, 49.858817]}, "properties": {"stop_id": "FR:76707:ZE:1171064:ATOUMOD040", "stop_name": "Mairie", "route_ids": ["ATOUMOD040:Line:1003068:LOC"]}}, {"type": "Feature", "geometry": {"type": "Point", "coordinates": [1.24799, 49.939569]}, "properties": {"stop_id": "FR:76618:ZE:1102074:ATOUMOD040", "stop_name": "TOURVILLE-LA-CHAPELLE - Tourville", "route_ids": ["ATOUMOD040:Line:1003069:LOC"]}}, {"type": "Feature", "geometry": {"type": "Point", "coordinates": [1.247643, 49.939375]}, "properties": {"stop_id": "FR:76618:ZE:1172509:ATOUMOD040", "stop_name": "TOURVILLE-LA-CHAPELLE - Tourville", "route_ids": ["ATOUMOD040:Line:1003069:LOC"]}}, {"type": "Feature", "geometry": {"type": "Point", "coordinates": [1.269042, 49.947665]}, "properties": {"stop_id": "FR:76618:ZE:1172497:ATOUMOD040", "stop_name": "TOURVILLE-LA-CHAPELLE - Château", "route_ids": ["ATOUMOD040:Line:1003069:LOC"]}}, {"type": "Feature", "geometry": {"type": "Point", "coordinates": [1.118665, 49.675083]}, "properties": {"stop_id": "FR:76656:ZE:1102106:ATOUMOD040", "stop_name": "Abbaye", "route_ids": ["ATOUMOD040:Line:1003078:LOC"]}}, {"type": "Feature", "geometry": {"type": "Point", "coordinates": [1.120335, 49.674553]}, "properties": {"stop_id": "FR:76656:ZE:1102108:ATOUMOD040", "stop_name": "Mairie / École", "route_ids": ["ATOUMOD040:Line:1003078:LOC"]}}, {"type": "Feature", "geometry": {"type": "Point", "coordinates": [0.713138, 49.861888]}, "properties": {"stop_id": "FR:76655:ZE:1102134:ATOUMOD040", "stop_name": "Espace Littoral", "route_ids": ["ATOUMOD040:Line:1006899:LOC", "ATOUMOD040:Line:1003066:LOC", "ATOUMOD040:Line:1003067:LOC"]}}, {"type": "Feature", "geometry": {"type": "Point", "coordinates": [0.697384, 49.864199]}, "properties": {"stop_id": "FR:76655:ZE:1102136:ATOUMOD040", "stop_name": "Lycée de la Côte d'Albâtre", "route_ids": ["ATOUMOD040:Line:1003066:LOC"]}}, {"type": "Feature", "geometry": {"type": "Point", "coordinates": [1.007025, 49.692281]}, "properties": {"stop_id": "FR:76654:ZE:1176541:ATOUMOD040", "stop_name": "Ferme de Glatigny", "route_ids": ["ATOUMOD040:Line:1003078:LOC"]}}, {"type": "Feature", "geometry": {"type": "Point", "coordinates": [1.007069, 49.69231]}, "properties": {"stop_id": "FR:76654:ZE:1176542:ATOUMOD040", "stop_name": "Ferme de Glatigny", "route_ids": ["ATOUMOD040:Line:1003078:LOC"]}}, {"type": "Feature", "geometry": {"type": "Point", "coordinates": [1.011007, 49.688796]}, "properties": {"stop_id": "FR:76654:ZE:1102162:ATOUMOD040", "stop_name": "Église", "route_ids": ["ATOUMOD040:Line:1003078:LOC"]}}, {"type": "Feature", "geometry": {"type": "Point", "coordinates": [1.010948, 49.68879]}, "properties": {"stop_id": "FR:76654:ZE:1170787:ATOUMOD040", "stop_name": "Église", "route_ids": ["ATOUMOD040:Line:1003078:LOC"]}}, {"type": "Feature", "geometry": {"type": "Point", "coordinates": [1.003484, 49.694443]}, "properties": {"stop_id": "FR:76654:ZE:1170790:ATOUMOD040", "stop_name": "Scierie", "route_ids": ["ATOUMOD040:Line:1003078:LOC"]}}, {"type": "Feature", "geometry": {"type": "Point", "coordinates": [1.003524, 49.69447]}, "properties": {"stop_id": "FR:76654:ZE:1170791:ATOUMOD040", "stop_name": "Scierie", "route_ids": ["ATOUMOD040:Line:1003078:LOC"]}}, {"type": "Feature", "geometry": {"type": "Point", "coordinates": [0.303287, 49.603054]}, "properties": {"stop_id": "FR:76650:ZE:1102168:ATOUMOD040", "stop_name": "Saint-Sauveur - Église", "route_ids": ["ATOUMOD040:Line:1003054:LOC"]}}, {"type": "Feature", "geometry": {"type": "Point", "coordinates": [0.297046, 49.616936]}, "properties": {"stop_id": "FR:76650:ZE:1102170:ATOUMOD040", "stop_name": "La Forge", "route_ids": ["ATOUMOD040:Line:1003054:LOC"]}}, {"type": "Feature", "geometry": {"type": "Point", "coordinates": [0.297041, 49.617068]}, "properties": {"stop_id": "FR:76650:ZE:1170769:ATOUMOD040", "stop_name": "La Forge", "route_ids": ["ATOUMOD040:Line:1003054:LOC"]}}, {"type": "Feature", "geometry": {"type": "Point", "coordinates": [0.30497, 49.612938]}, "properties": {"stop_id": "FR:76650:ZE:1102172:ATOUMOD040", "stop_name": "Mairie / École", "route_ids": ["ATOUMOD040:Line:1003054:LOC"]}}, {"type": "Feature", "geometry": {"type": "Point", "coordinates": [0.304771, 49.61261]}, "properties": {"stop_id": "FR:76650:ZE:1167354:ATOUMOD040", "stop_name": "Mairie / École", "route_ids": ["ATOUMOD040:Line:1003054:LOC"]}}, {"type": "Feature", "geometry": {"type": "Point", "coordinates": [0.673536, 49.844555]}, "properties": {"stop_id": "FR:76651:ZE:1102178:ATOUMOD040", "stop_name": "Route de l'Aérodrome", "route_ids": ["ATOUMOD040:Line:1003066:LOC"]}}, {"type": "Feature", "geometry": {"type": "Point", "coordinates": [0.721745, 49.756442]}, "properties": {"stop_id": "FR:76653:ZE:1102190:ATOUMOD040", "stop_name": "Centre", "route_ids": ["ATOUMOD040:Line:1006899:LOC"]}}, {"type": "Feature", "geometry": {"type": "Point", "coordinates": [0.721371, 49.75585]}, "properties": {"stop_id": "FR:76653:ZE:1169461:ATOUMOD040", "stop_name": "Egilse", "route_ids": ["ATOUMOD040:Line:1006899:LOC"]}}, {"type": "Feature", "geometry": {"type": "Point", "coordinates": [0.29532, 49.605218]}, "properties": {"stop_id": "FR:76650:ZE:1102204:ATOUMOD040", "stop_name": "La Régie", "route_ids": ["ATOUMOD040:Line:1003054:LOC"]}}, {"type": "Feature", "geometry": {"type": "Point", "coordinates": [1.283032, 49.672883]}, "properties": {"stop_id": "FR:76648:ZE:1102212:ATOUMOD040", "stop_name": "Centre", "route_ids": ["ATOUMOD040:Line:1003068:LOC", "ATOUMOD040:Line:1003073:LOC"]}}, {"type": "Feature", "geometry": {"type": "Point", "coordinates": [1.496058, 49.69707]}, "properties": {"stop_id": "FR:76459:ZE:1102224:ATOUMOD040", "stop_name": "Ancienne Gare Sncf", "route_ids": ["ATOUMOD040:Line:1006919:LOC"]}}, {"type": "Feature", "geometry": {"type": "Point", "coordinates": [1.496158, 49.697085]}, "properties": {"stop_id": "FR:76459:ZE:1175849:ATOUMOD040", "stop_name": "Ancienne Gare Sncf", "route_ids": ["ATOUMOD040:Line:1006919:LOC"]}}, {"type": "Feature", "geometry": {"type": "Point", "coordinates": [0.872596, 49.850481]}, "properties": {"stop_id": "FR:76641:ZE:1172183:ATOUMOD040", "stop_name": "Église (Mairie)", "route_ids": ["ATOUMOD040:Line:1003047:LOC"]}}, {"type": "Feature", "geometry": {"type": "Point", "coordinates": [0.849029, 49.826429]}, "properties": {"stop_id": "FR:76642:ZE:1102266:ATOUMOD040", "stop_name": "Salle des Fetes", "route_ids": ["ATOUMOD040:Line:1003047:LOC"]}}, {"type": "Feature", "geometry": {"type": "Point", "coordinates": [0.849585, 49.826779]}, "properties": {"stop_id": "FR:76642:ZE:1172647:ATOUMOD040", "stop_name": "Salle des Fetes", "route_ids": ["ATOUMOD040:Line:1003047:LOC"]}}, {"type": "Feature", "geometry": {"type": "Point", "coordinates": [1.318076, 49.936085]}, "properties": {"stop_id": "FR:76618:ZE:1102268:ATOUMOD040", "stop_name": "SAINT-QUENTIN-AU-BOSC - Carrefour D22 x D26", "route_ids": ["ATOUMOD040:Line:1003069:LOC"]}}, {"type": "Feature", "geometry": {"type": "Point", "coordinates": [0.919896, 49.515464]}, "properties": {"stop_id": "FR:76636:ZE:1102284:ATOUMOD040", "stop_name": "Le Paulu - Chapelle", "route_ids": ["ATOUMOD040:Line:1003058:LOC"]}}, {"type": "Feature", "geometry": {"type": "Point", "coordinates": [0.495867, 49.805556]}, "properties": {"stop_id": "FR:76637:ZE:1102286:ATOUMOD040", "stop_name": "Centre Bourg", "route_ids": ["ATOUMOD040:Line:1003066:LOC", "ATOUMOD040:Line:1003085:LOC"]}}, {"type": "Feature", "geometry": {"type": "Point", "coordinates": [0.972077, 49.740508]}, "properties": {"stop_id": "FR:76632:ZE:1102316:ATOUMOD040", "stop_name": "Mairie", "route_ids": ["ATOUMOD040:Line:1003079:LOC"]}}, {"type": "Feature", "geometry": {"type": "Point", "coordinates": [0.971998, 49.740523]}, "properties": {"stop_id": "FR:76632:ZE:1172711:ATOUMOD040", "stop_name": "Mairie", "route_ids": ["ATOUMOD040:Line:1003079:LOC"]}}, {"type": "Feature", "geometry": {"type": "Point", "coordinates": [1.044332, 49.67874]}, "properties": {"stop_id": "FR:76700:ZE:1102342:ATOUMOD040", "stop_name": "Centre", "route_ids": ["ATOUMOD040:Line:1003078:LOC"]}}, {"type": "Feature", "geometry": {"type": "Point", "coordinates": [1.043739, 49.678794]}, "properties": {"stop_id": "FR:76700:ZE:1158321:ATOUMOD040", "stop_name": "Centre", "route_ids": ["ATOUMOD040:Line:1003078:LOC"]}}, {"type": "Feature", "geometry": {"type": "Point", "coordinates": [0.763221, 49.581422]}, "properties": {"stop_id": "FR:76702:ZE:1102352:ATOUMOD040", "stop_name": "Église", "route_ids": ["ATOUMOD040:Line:1003048:LOC"]}}, {"type": "Feature", "geometry": {"type": "Point", "coordinates": [1.174666, 49.800884]}, "properties": {"stop_id": "FR:76697:ZE:1102360:ATOUMOD040", "stop_name": "Ancienne Mairie", "route_ids": ["ATOUMOD040:Line:1003068:LOC"]}}, {"type": "Feature", "geometry": {"type": "Point", "coordinates": [1.172588, 49.813812]}, "properties": {"stop_id": "FR:76698:ZE:1102364:ATOUMOD040", "stop_name": "Mairie / École", "route_ids": ["ATOUMOD040:Line:1003068:LOC"]}}, {"type": "Feature", "geometry": {"type": "Point", "coordinates": [1.172657, 49.813883]}, "properties": {"stop_id": "FR:76698:ZE:1171046:ATOUMOD040", "stop_name": "Mairie / École", "route_ids": ["ATOUMOD040:Line:1003068:LOC"]}}, {"type": "Feature", "geometry": {"type": "Point", "coordinates": [0.197662, 49.677061]}, "properties": {"stop_id": "FR:76693:ZE:1102376:ATOUMOD040", "stop_name": "La Moyennerie", "route_ids": ["ATOUMOD040:Line:1003055:LOC"]}}, {"type": "Feature", "geometry": {"type": "Point", "coordinates": [0.202136, 49.683193]}, "properties": {"stop_id": "FR:76693:ZE:1102378:ATOUMOD040", "stop_name": "Église", "route_ids": ["ATOUMOD040:Line:1003055:LOC"]}}, {"type": "Feature", "geometry": {"type": "Point", "coordinates": [0.908504, 49.7818]}, "properties": {"stop_id": "FR:76694:ZE:1102380:ATOUMOD040", "stop_name": "Église", "route_ids": ["ATOUMOD040:Line:1003079:LOC"]}}, {"type": "Feature", "geometry": {"type": "Point", "coordinates": [0.908454, 49.781927]}, "properties": {"stop_id": "FR:76694:ZE:1171043:ATOUMOD040", "stop_name": "Église", "route_ids": ["ATOUMOD040:Line:1003079:LOC"]}}, {"type": "Feature", "geometry": {"type": "Point", "coordinates": [0.504764, 49.704054]}, "properties": {"stop_id": "FR:76689:ZE:1102386:ATOUMOD040", "stop_name": "Silo", "route_ids": ["ATOUMOD040:Line:1003056:LOC"]}}, {"type": "Feature", "geometry": {"type": "Point", "coordinates": [1.010363, 49.504379]}, "properties": {"stop_id": "FR:76594:ZE:1102408:ATOUMOD040", "stop_name": "Centre", "route_ids": ["ATOUMOD040:Line:1003057:LOC"]}}, {"type": "Feature", "geometry": {"type": "Point", "coordinates": [0.164002, 49.641305]}, "properties": {"stop_id": "FR:76595:ZE:1102410:ATOUMOD040", "stop_name": "Mairie", "route_ids": ["ATOUMOD040:Line:1003055:LOC"]}}, {"type": "Feature", "geometry": {"type": "Point", "coordinates": [0.164061, 49.641363]}, "properties": {"stop_id": "FR:76595:ZE:1172100:ATOUMOD040", "stop_name": "Mairie", "route_ids": ["ATOUMOD040:Line:1003055:LOC"]}}, {"type": "Feature", "geometry": {"type": "Point", "coordinates": [0.185454, 49.639124]}, "properties": {"stop_id": "FR:76595:ZE:1102412:ATOUMOD040", "stop_name": "La Forge", "route_ids": ["ATOUMOD040:Line:1003055:LOC"]}}, {"type": "Feature", "geometry": {"type": "Point", "coordinates": [0.185492, 49.639154]}, "properties": {"stop_id": "FR:76595:ZE:1172098:ATOUMOD040", "stop_name": "La Forge", "route_ids": ["ATOUMOD040:Line:1003055:LOC"]}}, {"type": "Feature", "geometry": {"type": "Point", "coordinates": [0.514694, 49.506818]}, "properties": {"stop_id": "FR:76592:ZE:1102420:ATOUMOD040", "stop_name": "Radicâtel - Rue des Sources", "route_ids": ["ATOUMOD040:Line:1003051:LOC"]}}, {"type": "Feature", "geometry": {"type": "Point", "coordinates": [1.216509, 49.455489]}, "properties": {"stop_id": "FR:76591:ZE:1176430:ATOUMOD040", "stop_name": "Forgettes", "route_ids": ["ATOUMOD040:Line:1003076:LOC"]}}, {"type": "Feature", "geometry": {"type": "Point", "coordinates": [1.215457, 49.455046]}, "properties": {"stop_id": "FR:76591:ZE:1102436:ATOUMOD040", "stop_name": "Forgettes", "route_ids": ["ATOUMOD040:Line:1003076:LOC"]}}, {"type": "Feature", "geometry": {"type": "Point", "coordinates": [1.184603, 49.441712]}, "properties": {"stop_id": "FR:76591:ZE:1102438:ATOUMOD040", "stop_name": "Briqueterie", "route_ids": ["ATOUMOD040:Line:1003076:LOC"]}}, {"type": "Feature", "geometry": {"type": "Point", "coordinates": [1.184089, 49.441654]}, "properties": {"stop_id": "FR:76591:ZE:1170686:ATOUMOD040", "stop_name": "Briqueterie", "route_ids": ["ATOUMOD040:Line:1003076:LOC"]}}, {"type": "Feature", "geometry": {"type": "Point", "coordinates": [0.461545, 49.772667]}, "properties": {"stop_id": "FR:76587:ZE:1102446:ATOUMOD040", "stop_name": "Mairie", "route_ids": ["ATOUMOD040:Line:1003066:LOC"]}}, {"type": "Feature", "geometry": {"type": "Point", "coordinates": [0.459965, 49.764776]}, "properties": {"stop_id": "FR:76587:ZE:1102450:ATOUMOD040", "stop_name": "Alventot", "route_ids": ["ATOUMOD040:Line:1003066:LOC"]}}, {"type": "Feature", "geometry": {"type": "Point", "coordinates": [1.198158, 49.730802]}, "properties": {"stop_id": "FR:76588:ZE:1102466:ATOUMOD040", "stop_name": "Beau Soleil", "route_ids": ["ATOUMOD040:Line:1003068:LOC"]}}, {"type": "Feature", "geometry": {"type": "Point", "coordinates": [1.198158, 49.730901]}, "properties": {"stop_id": "FR:76588:ZE:1170680:ATOUMOD040", "stop_name": "Beau Soleil", "route_ids": ["ATOUMOD040:Line:1003068:LOC"]}}, {"type": "Feature", "geometry": {"type": "Point", "coordinates": [1.155489, 49.784556]}, "properties": {"stop_id": "FR:76589:ZE:1102468:ATOUMOD040", "stop_name": "Église", "route_ids": ["ATOUMOD040:Line:1003068:LOC"]}}, {"type": "Feature", "geometry": {"type": "Point", "coordinates": [1.1554, 49.784485]}, "properties": {"stop_id": "FR:76589:ZE:1170794:ATOUMOD040", "stop_name": "Église", "route_ids": ["ATOUMOD040:Line:1003068:LOC"]}}, {"type": "Feature", "geometry": {"type": "Point", "coordinates": [1.159831, 49.778072]}, "properties": {"stop_id": "FR:76589:ZE:1102470:ATOUMOD040", "stop_name": "Clair Soleil", "route_ids": ["ATOUMOD040:Line:1003068:LOC"]}}, {"type": "Feature", "geometry": {"type": "Point", "coordinates": [1.15977, 49.778061]}, "properties": {"stop_id": "FR:76589:ZE:1170793:ATOUMOD040", "stop_name": "Clair Soleil", "route_ids": ["ATOUMOD040:Line:1003068:LOC"]}}, {"type": "Feature", "geometry": {"type": "Point", "coordinates": [1.168194, 49.835257]}, "properties": {"stop_id": "FR:76582:ZE:1102488:ATOUMOD040", "stop_name": "Les 3 Ponts", "route_ids": ["ATOUMOD040:Line:1003068:LOC"]}}, {"type": "Feature", "geometry": {"type": "Point", "coordinates": [1.167977, 49.835292]}, "properties": {"stop_id": "FR:76582:ZE:1170689:ATOUMOD040", "stop_name": "Les 3 Ponts", "route_ids": ["ATOUMOD040:Line:1003068:LOC"]}}, {"type": "Feature", "geometry": {"type": "Point", "coordinates": [1.206165, 49.578239]}, "properties": {"stop_id": "FR:76583:ZE:1170779:ATOUMOD040", "stop_name": "Mairie / École (D44)", "route_ids": ["ATOUMOD040:Line:1003073:LOC"]}}, {"type": "Feature", "geometry": {"type": "Point", "coordinates": [1.205753, 49.578313]}, "properties": {"stop_id": "FR:76583:ZE:1170780:ATOUMOD040", "stop_name": "Mairie / École (D44)", "route_ids": ["ATOUMOD040:Line:1003073:LOC"]}}, {"type": "Feature", "geometry": {"type": "Point", "coordinates": [1.179226, 49.54393]}, "properties": {"stop_id": "FR:76580:ZE:1102522:ATOUMOD040", "stop_name": "Mairie", "route_ids": ["ATOUMOD040:Line:1003073:LOC"]}}, {"type": "Feature", "geometry": {"type": "Point", "coordinates": [1.178875, 49.543804]}, "properties": {"stop_id": "FR:76580:ZE:1167512:ATOUMOD040", "stop_name": "Mairie", "route_ids": ["ATOUMOD040:Line:1003073:LOC"]}}, {"type": "Feature", "geometry": {"type": "Point", "coordinates": [1.179262, 49.54385]}, "properties": {"stop_id": "FR:76580:ZE:1167518:ATOUMOD040", "stop_name": "Mairie", "route_ids": ["ATOUMOD040:Line:1003073:LOC"]}}, {"type": "Feature", "geometry": {"type": "Point", "coordinates": [1.328974, 49.532598]}, "properties": {"stop_id": "FR:76581:ZE:1102524:ATOUMOD040", "stop_name": "La Campagne", "route_ids": ["ATOUMOD040:Line:1003073:LOC"]}}, {"type": "Feature", "geometry": {"type": "Point", "coordinates": [1.329044, 49.532618]}, "properties": {"stop_id": "FR:76581:ZE:1170636:ATOUMOD040", "stop_name": "La Campagne", "route_ids": ["ATOUMOD040:Line:1003073:LOC"]}}, {"type": "Feature", "geometry": {"type": "Point", "coordinates": [1.317238, 49.538487]}, "properties": {"stop_id": "FR:76581:ZE:1102528:ATOUMOD040", "stop_name": "Centre", "route_ids": ["ATOUMOD040:Line:1003073:LOC"]}}, {"type": "Feature", "geometry": {"type": "Point", "coordinates": [1.317695, 49.538561]}, "properties": {"stop_id": "FR:76581:ZE:1170639:ATOUMOD040", "stop_name": "Centre", "route_ids": ["ATOUMOD040:Line:1003073:LOC"]}}, {"type": "Feature", "geometry": {"type": "Point", "coordinates": [0.452136, 49.553828]}, "properties": {"stop_id": "FR:76576:ZE:1102540:ATOUMOD040", "stop_name": "Centre", "route_ids": ["ATOUMOD040:Line:1003051:LOC"]}}, {"type": "Feature", "geometry": {"type": "Point", "coordinates": [1.134602, 49.794927]}, "properties": {"stop_id": "FR:76577:ZE:1102544:ATOUMOD040", "stop_name": "Église", "route_ids": ["ATOUMOD040:Line:1003068:LOC"]}}, {"type": "Feature", "geometry": {"type": "Point", "coordinates": [1.134543, 49.79491]}, "properties": {"stop_id": "FR:76577:ZE:1170635:ATOUMOD040", "stop_name": "Église", "route_ids": ["ATOUMOD040:Line:1003068:LOC"]}}, {"type": "Feature", "geometry": {"type": "Point", "coordinates": [1.362102, 49.459641]}, "properties": {"stop_id": "FR:76573:ZE:1102550:ATOUMOD040", "stop_name": "Mairie / École", "route_ids": ["ATOUMOD040:Line:1003076:LOC"]}}, {"type": "Feature", "geometry": {"type": "Point", "coordinates": [1.338571, 49.451179]}, "properties": {"stop_id": "FR:76573:ZE:1102554:ATOUMOD040", "stop_name": "Villers", "route_ids": ["ATOUMOD040:Line:1003076:LOC"]}}, {"type": "Feature", "geometry": {"type": "Point", "coordinates": [1.095366, 49.705951]}, "properties": {"stop_id": "FR:76574:ZE:1102558:ATOUMOD040", "stop_name": "Mairie / École", "route_ids": ["ATOUMOD040:Line:1003078:LOC"]}}, {"type": "Feature", "geometry": {"type": "Point", "coordinates": [1.095364, 49.705861]}, "properties": {"stop_id": "FR:76574:ZE:1170629:ATOUMOD040", "stop_name": "Mairie / École", "route_ids": ["ATOUMOD040:Line:1003078:LOC"]}}, {"type": "Feature", "geometry": {"type": "Point", "coordinates": [1.054567, 49.706596]}, "properties": {"stop_id": "FR:76574:ZE:1102562:ATOUMOD040", "stop_name": "Grande Rue", "route_ids": ["ATOUMOD040:Line:1003078:LOC"]}}, {"type": "Feature", "geometry": {"type": "Point", "coordinates": [1.054356, 49.706479]}, "properties": {"stop_id": "FR:76574:ZE:1170626:ATOUMOD040", "stop_name": "Grande Rue", "route_ids": ["ATOUMOD040:Line:1003078:LOC"]}}, {"type": "Feature", "geometry": {"type": "Point", "coordinates": [1.350683, 49.551979]}, "properties": {"stop_id": "FR:76571:ZE:1102566:ATOUMOD040", "stop_name": "Le Bus", "route_ids": ["ATOUMOD040:Line:1003073:LOC"]}}, {"type": "Feature", "geometry": {"type": "Point", "coordinates": [1.350743, 49.551968]}, "properties": {"stop_id": "FR:76571:ZE:1170614:ATOUMOD040", "stop_name": "Le Bus", "route_ids": ["ATOUMOD040:Line:1003073:LOC"]}}, {"type": "Feature", "geometry": {"type": "Point", "coordinates": [1.349293, 49.564896]}, "properties": {"stop_id": "FR:76571:ZE:1102570:ATOUMOD040", "stop_name": "École", "route_ids": ["ATOUMOD040:Line:1003073:LOC"]}}, {"type": "Feature", "geometry": {"type": "Point", "coordinates": [1.349255, 49.564841]}, "properties": {"stop_id": "FR:76571:ZE:1170611:ATOUMOD040", "stop_name": "École", "route_ids": ["ATOUMOD040:Line:1003073:LOC"]}}, {"type": "Feature", "geometry": {"type": "Point", "coordinates": [0.97479, 49.598201]}, "properties": {"stop_id": "FR:76566:ZE:1102580:ATOUMOD040", "stop_name": "Mairie", "route_ids": ["ATOUMOD040:Line:1003057:LOC"]}}, {"type": "Feature", "geometry": {"type": "Point", "coordinates": [0.974774, 49.598089]}, "properties": {"stop_id": "FR:76566:ZE:1158119:ATOUMOD040", "stop_name": "Mairie", "route_ids": ["ATOUMOD040:Line:1003057:LOC"]}}, {"type": "Feature", "geometry": {"type": "Point", "coordinates": [1.068966, 49.872993]}, "properties": {"stop_id": "FR:76565:ZE:1102596:ATOUMOD040", "stop_name": "Mairie de Saint-Aubin", "route_ids": ["ATOUMOD040:Line:1003047:LOC", "ATOUMOD040:Line:1003078:LOC"]}}, {"type": "Feature", "geometry": {"type": "Point", "coordinates": [1.068717, 49.873547]}, "properties": {"stop_id": "FR:76565:ZE:1158347:ATOUMOD040", "stop_name": "Mairie de Saint-Aubin", "route_ids": ["ATOUMOD040:Line:1003047:LOC", "ATOUMOD040:Line:1003078:LOC", "ATOUMOD040:Line:1003079:LOC"]}}, {"type": "Feature", "geometry": {"type": "Point", "coordinates": [0.887903, 49.890385]}, "properties": {"stop_id": "FR:76564:ZE:1102600:ATOUMOD040", "stop_name": "Ramouville", "route_ids": ["ATOUMOD040:Line:1003067:LOC"]}}, {"type": "Feature", "geometry": {"type": "Point", "coordinates": [0.887964, 49.890359]}, "properties": {"stop_id": "FR:76564:ZE:1170603:ATOUMOD040", "stop_name": "Ramouville", "route_ids": ["ATOUMOD040:Line:1003067:LOC"]}}, {"type": "Feature", "geometry": {"type": "Point", "coordinates": [1.066826, 49.871984]}, "properties": {"stop_id": "FR:76565:ZE:1170604:ATOUMOD040", "stop_name": "Gare", "route_ids": ["ATOUMOD040:Line:1003047:LOC"]}}, {"type": "Feature", "geometry": {"type": "Point", "coordinates": [1.074126, 49.898388]}, "properties": {"stop_id": "FR:76565:ZE:1102614:ATOUMOD040", "stop_name": "La Providence (Chemin des Vertus)", "route_ids": ["ATOUMOD040:Line:1003047:LOC", "ATOUMOD040:Line:1003068:LOC", "ATOUMOD040:Line:1003078:LOC", "ATOUMOD040:Line:1003079:LOC"]}}, {"type": "Feature", "geometry": {"type": "Point", "coordinates": [1.076139, 49.898513]}, "properties": {"stop_id": "FR:76565:ZE:1175769:ATOUMOD040", "stop_name": "La Providence (Rue de la Providence)", "route_ids": ["ATOUMOD040:Line:1003047:LOC", "ATOUMOD040:Line:1003067:LOC", "ATOUMOD040:Line:1003068:LOC", "ATOUMOD040:Line:1003069:LOC", "ATOUMOD040:Line:1003070:LOC", "ATOUMOD040:Line:1003071:LOC", "ATOUMOD040:Line:1003078:LOC", "ATOUMOD040:Line:1003079:LOC"]}}, {"type": "Feature", "geometry": {"type": "Point", "coordinates": [1.074053, 49.898383]}, "properties": {"stop_id": "FR:76565:ZE:1177700:ATOUMOD040", "stop_name": "La Providence (chemin des Vertus)", "route_ids": ["ATOUMOD040:Line:1003068:LOC"]}}, {"type": "Feature", "geometry": {"type": "Point", "coordinates": [1.179565, 49.868759]}, "properties": {"stop_id": "FR:76562:ZE:1102618:ATOUMOD040", "stop_name": "Mairie", "route_ids": ["ATOUMOD040:Line:1006919:LOC", "ATOUMOD040:Line:1003071:LOC"]}}, {"type": "Feature", "geometry": {"type": "Point", "coordinates": [1.179324, 49.868785]}, "properties": {"stop_id": "FR:76562:ZE:1170571:ATOUMOD040", "stop_name": "Mairie", "route_ids": ["ATOUMOD040:Line:1006919:LOC", "ATOUMOD040:Line:1003071:LOC"]}}, {"type": "Feature", "geometry": {"type": "Point", "coordinates": [0.326442, 49.524851]}, "properties": {"stop_id": "FR:76563:ZE:1102628:ATOUMOD040", "stop_name": "Centre", "route_ids": ["ATOUMOD040:Line:1003051:LOC"]}}, {"type": "Feature", "geometry": {"type": "Point", "coordinates": [1.185022, 49.866867]}, "properties": {"stop_id": "FR:76562:ZE:1102658:ATOUMOD040", "stop_name": "La Poste", "route_ids": ["ATOUMOD040:Line:1003071:LOC"]}}, {"type": "Feature", "geometry": {"type": "Point", "coordinates": [0.671256, 49.528201]}, "properties": {"stop_id": "FR:76557:ZE:1102670:ATOUMOD040", "stop_name": "Centre", "route_ids": ["ATOUMOD040:Line:1003048:LOC", "ATOUMOD040:Line:1003051:LOC"]}}, {"type": "Feature", "geometry": {"type": "Point", "coordinates": [0.682734, 49.528455]}, "properties": {"stop_id": "FR:76557:ZE:1102676:ATOUMOD040", "stop_name": "Houquetot", "route_ids": ["ATOUMOD040:Line:1003051:LOC"]}}, {"type": "Feature", "geometry": {"type": "Point", "coordinates": [0.682471, 49.528431]}, "properties": {"stop_id": "FR:76557:ZE:1158438:ATOUMOD040", "stop_name": "Houquetot", "route_ids": ["ATOUMOD040:Line:1003048:LOC"]}}, {"type": "Feature", "geometry": {"type": "Point", "coordinates": [0.699898, 49.526735]}, "properties": {"stop_id": "FR:76557:ZE:1102680:ATOUMOD040", "stop_name": "La Croix Blanche", "route_ids": ["ATOUMOD040:Line:1003048:LOC", "ATOUMOD040:Line:1003051:LOC"]}}, {"type": "Feature", "geometry": {"type": "Point", "coordinates": [1.351572, 49.503368]}, "properties": {"stop_id": "FR:76554:ZE:1102696:ATOUMOD040", "stop_name": "Mairie / École", "route_ids": ["ATOUMOD040:Line:1003050:LOC"]}}, {"type": "Feature", "geometry": {"type": "Point", "coordinates": [1.35172, 49.503171]}, "properties": {"stop_id": "FR:76554:ZE:1170527:ATOUMOD040", "stop_name": "Mairie / École", "route_ids": ["ATOUMOD040:Line:1003050:LOC"]}}, {"type": "Feature", "geometry": {"type": "Point", "coordinates": [1.219373, 49.547877]}, "properties": {"stop_id": "FR:76555:ZE:1102698:ATOUMOD040", "stop_name": "Centre", "route_ids": ["ATOUMOD040:Line:1003073:LOC"]}}, {"type": "Feature", "geometry": {"type": "Point", "coordinates": [1.219428, 49.547838]}, "properties": {"stop_id": "FR:76555:ZE:1170601:ATOUMOD040", "stop_name": "Centre", "route_ids": ["ATOUMOD040:Line:1003073:LOC"]}}, {"type": "Feature", "geometry": {"type": "Point", "coordinates": [1.221781, 49.539725]}, "properties": {"stop_id": "FR:76555:ZE:1102702:ATOUMOD040", "stop_name": "Le Vert Galant", "route_ids": ["ATOUMOD040:Line:1003073:LOC"]}}, {"type": "Feature", "geometry": {"type": "Point", "coordinates": [1.221667, 49.539785]}, "properties": {"stop_id": "FR:76555:ZE:1169506:ATOUMOD040", "stop_name": "Le Vert Galant", "route_ids": ["ATOUMOD040:Line:1003073:LOC"]}}, {"type": "Feature", "geometry": {"type": "Point", "coordinates": [0.084594, 49.506085]}, "properties": {"stop_id": "FR:76552:ZE:1102712:ATOUMOD040", "stop_name": "Saint-Denis (Église)", "route_ids": ["ATOUMOD040:Line:1003055:LOC"]}}, {"type": "Feature", "geometry": {"type": "Point", "coordinates": [0.927209, 49.753787]}, "properties": {"stop_id": "FR:76549:ZE:1102720:ATOUMOD040", "stop_name": "Le Bourg", "route_ids": ["ATOUMOD040:Line:1003079:LOC"]}}, {"type": "Feature", "geometry": {"type": "Point", "coordinates": [0.92727, 49.753778]}, "properties": {"stop_id": "FR:76549:ZE:1170520:ATOUMOD040", "stop_name": "Le Bourg", "route_ids": ["ATOUMOD040:Line:1003079:LOC"]}}, {"type": "Feature", "geometry": {"type": "Point", "coordinates": [1.09308, 49.904494]}, "properties": {"stop_id": "FR:76545:ZE:1102734:ATOUMOD040", "stop_name": "Mairie", "route_ids": ["ATOUMOD040:Line:1003068:LOC", "ATOUMOD040:Line:1003071:LOC"]}}, {"type": "Feature", "geometry": {"type": "Point", "coordinates": [1.092758, 49.904745]}, "properties": {"stop_id": "FR:76545:ZE:1170503:ATOUMOD040", "stop_name": "Mairie", "route_ids": ["ATOUMOD040:Line:1003068:LOC", "ATOUMOD040:Line:1003071:LOC"]}}, {"type": "Feature", "geometry": {"type": "Point", "coordinates": [1.270957, 49.864499]}, "properties": {"stop_id": "FR:76624:ZE:1102738:ATOUMOD040", "stop_name": "Bout d'Amont", "route_ids": ["ATOUMOD040:Line:1003071:LOC"]}}, {"type": "Feature", "geometry": {"type": "Point", "coordinates": [1.270971, 49.864453]}, "properties": {"stop_id": "FR:76624:ZE:1172611:ATOUMOD040", "stop_name": "Bout d'Amont", "route_ids": ["ATOUMOD040:Line:1003071:LOC"]}}, {"type": "Feature", "geometry": {"type": "Point", "coordinates": [1.293937, 49.652721]}, "properties": {"stop_id": "FR:76621:ZE:1102762:ATOUMOD040", "stop_name": "Le Beau Soleil", "route_ids": ["ATOUMOD040:Line:1003073:LOC"]}}, {"type": "Feature", "geometry": {"type": "Point", "coordinates": [1.294012, 49.652722]}, "properties": {"stop_id": "FR:76621:ZE:1172535:ATOUMOD040", "stop_name": "Le Beau Soleil", "route_ids": ["ATOUMOD040:Line:1003073:LOC"]}}, {"type": "Feature", "geometry": {"type": "Point", "coordinates": [1.299345, 49.638334]}, "properties": {"stop_id": "FR:76621:ZE:1102766:ATOUMOD040", "stop_name": "Église", "route_ids": ["ATOUMOD040:Line:1003073:LOC"]}}, {"type": "Feature", "geometry": {"type": "Point", "coordinates": [1.299277, 49.638336]}, "properties": {"stop_id": "FR:76621:ZE:1158318:ATOUMOD040", "stop_name": "Église", "route_ids": ["ATOUMOD040:Line:1003073:LOC"]}}, {"type": "Feature", "geometry": {"type": "Point", "coordinates": [0.617593, 49.462581]}, "properties": {"stop_id": "FR:76622:ZE:1102774:ATOUMOD040", "stop_name": "Centre", "route_ids": ["ATOUMOD040:Line:1003051:LOC"]}}, {"type": "Feature", "geometry": {"type": "Point", "coordinates": [0.623383, 49.467279]}, "properties": {"stop_id": "FR:76622:ZE:1102776:ATOUMOD040", "stop_name": "Château", "route_ids": ["ATOUMOD040:Line:1003051:LOC"]}}, {"type": "Feature", "geometry": {"type": "Point", "coordinates": [1.204001, 49.967136]}, "properties": {"stop_id": "FR:76618:ZE:1102796:ATOUMOD040", "stop_name": "SAINT-MARTIN-EN-CAMPAGNE - Camping", "route_ids": ["ATOUMOD040:Line:1003070:LOC", "ATOUMOD040:Line:1003072:LOC"]}}, {"type": "Feature", "geometry": {"type": "Point", "coordinates": [1.220094, 49.96618]}, "properties": {"stop_id": "FR:76618:ZE:1102798:ATOUMOD040", "stop_name": "SAINT-MARTIN-EN-CAMPAGNE - Vassonville", "route_ids": ["ATOUMOD040:Line:1003070:LOC"]}}, {"type": "Feature", "geometry": {"type": "Point", "coordinates": [1.220054, 49.966139]}, "properties": {"stop_id": "FR:76618:ZE:1172489:ATOUMOD040", "stop_name": "SAINT-MARTIN-EN-CAMPAGNE - Vassonville", "route_ids": ["ATOUMOD040:Line:1003070:LOC"]}}, {"type": "Feature", "geometry": {"type": "Point", "coordinates": [1.221049, 49.957359]}, "properties": {"stop_id": "FR:76618:ZE:1102800:ATOUMOD040", "stop_name": "SAINT-MARTIN-EN-CAMPAGNE - Écoles", "route_ids": ["ATOUMOD040:Line:1003070:LOC", "ATOUMOD040:Line:1003072:LOC"]}}, {"type": "Feature", "geometry": {"type": "Point", "coordinates": [1.226623, 49.954452]}, "properties": {"stop_id": "FR:76618:ZE:1102802:ATOUMOD040", "stop_name": "SAINT-MARTIN-EN-CAMPAGNE - Rond-Point", "route_ids": ["ATOUMOD040:Line:1003072:LOC", "ATOUMOD040:Line:1003069:LOC", "ATOUMOD040:Line:1003070:LOC"]}}, {"type": "Feature", "geometry": {"type": "Point", "coordinates": [1.226544, 49.954258]}, "properties": {"stop_id": "FR:76618:ZE:1172488:ATOUMOD040", "stop_name": "SAINT-MARTIN-EN-CAMPAGNE - Rond-Point", "route_ids": ["ATOUMOD040:Line:1003069:LOC", "ATOUMOD040:Line:1003072:LOC"]}}, {"type": "Feature", "geometry": {"type": "Point", "coordinates": [1.278499, 49.626224]}, "properties": {"stop_id": "FR:76621:ZE:1172529:ATOUMOD040", "stop_name": "La Prée", "route_ids": ["ATOUMOD040:Line:1003073:LOC"]}}, {"type": "Feature", "geometry": {"type": "Point", "coordinates": [1.27787, 49.626284]}, "properties": {"stop_id": "FR:76621:ZE:1172530:ATOUMOD040", "stop_name": "La Prée", "route_ids": ["ATOUMOD040:Line:1003073:LOC"]}}, {"type": "Feature", "geometry": {"type": "Point", "coordinates": [0.967659, 49.448955]}, "properties": {"stop_id": "FR:76614:ZE:1102834:ATOUMOD040", "stop_name": "Centre", "route_ids": ["ATOUMOD040:Line:1003061:LOC"]}}, {"type": "Feature", "geometry": {"type": "Point", "coordinates": [0.966662, 49.449261]}, "properties": {"stop_id": "FR:76614:ZE:1172164:ATOUMOD040", "stop_name": "Centre", "route_ids": ["ATOUMOD040:Line:1003061:LOC"]}}, {"type": "Feature", "geometry": {"type": "Point", "coordinates": [0.903865, 49.652811]}, "properties": {"stop_id": "FR:76611:ZE:1102848:ATOUMOD040", "stop_name": "Bosc Robert", "route_ids": ["ATOUMOD040:Line:1003057:LOC"]}}, {"type": "Feature", "geometry": {"type": "Point", "coordinates": [0.903877, 49.652929]}, "properties": {"stop_id": "FR:76611:ZE:1169107:ATOUMOD040", "stop_name": "Bosc Robert", "route_ids": ["ATOUMOD040:Line:1003057:LOC"]}}, {"type": "Feature", "geometry": {"type": "Point", "coordinates": [0.551673, 49.824324]}, "properties": {"stop_id": "FR:76613:ZE:1102860:ATOUMOD040", "stop_name": "Mairie", "route_ids": ["ATOUMOD040:Line:1003066:LOC"]}}, {"type": "Feature", "geometry": {"type": "Point", "coordinates": [0.52943, 49.818906]}, "properties": {"stop_id": "FR:76613:ZE:1102862:ATOUMOD040", "stop_name": "Petites Dalles", "route_ids": ["ATOUMOD040:Line:1003066:LOC"]}}, {"type": "Feature", "geometry": {"type": "Point", "coordinates": [0.541853, 49.822165]}, "properties": {"stop_id": "FR:76613:ZE:1102864:ATOUMOD040", "stop_name": "Vinchigny", "route_ids": ["ATOUMOD040:Line:1003066:LOC"]}}, {"type": "Feature", "geometry": {"type": "Point", "coordinates": [0.201837, 49.664018]}, "properties": {"stop_id": "FR:76609:ZE:1102880:ATOUMOD040", "stop_name": "Route de Gonneville", "route_ids": ["ATOUMOD040:Line:1003055:LOC"]}}, {"type": "Feature", "geometry": {"type": "Point", "coordinates": [0.946686, 49.909457]}, "properties": {"stop_id": "FR:76605:ZE:1102896:ATOUMOD040", "stop_name": "Église", "route_ids": ["ATOUMOD040:Line:1003067:LOC"]}}, {"type": "Feature", "geometry": {"type": "Point", "coordinates": [0.946748, 49.909481]}, "properties": {"stop_id": "FR:76605:ZE:1172095:ATOUMOD040", "stop_name": "Église", "route_ids": ["ATOUMOD040:Line:1003067:LOC"]}}, {"type": "Feature", "geometry": {"type": "Point", "coordinates": [1.034406, 49.764619]}, "properties": {"stop_id": "FR:76604:ZE:1102922:ATOUMOD040", "stop_name": "Socquentot", "route_ids": ["ATOUMOD040:Line:1003078:LOC"]}}, {"type": "Feature", "geometry": {"type": "Point", "coordinates": [1.034687, 49.764658]}, "properties": {"stop_id": "FR:76604:ZE:1172092:ATOUMOD040", "stop_name": "Socquentot", "route_ids": ["ATOUMOD040:Line:1003078:LOC"]}}, {"type": "Feature", "geometry": {"type": "Point", "coordinates": [1.01227, 49.760322]}, "properties": {"stop_id": "FR:76604:ZE:1102924:ATOUMOD040", "stop_name": "Église", "route_ids": ["ATOUMOD040:Line:1003079:LOC"]}}, {"type": "Feature", "geometry": {"type": "Point", "coordinates": [1.015309, 49.760571]}, "properties": {"stop_id": "FR:76604:ZE:1172088:ATOUMOD040", "stop_name": "Église", "route_ids": ["ATOUMOD040:Line:1003078:LOC"]}}, {"type": "Feature", "geometry": {"type": "Point", "coordinates": [1.012063, 49.76038]}, "properties": {"stop_id": "FR:76604:ZE:1172089:ATOUMOD040", "stop_name": "Église", "route_ids": ["ATOUMOD040:Line:1003079:LOC"]}}, {"type": "Feature", "geometry": {"type": "Point", "coordinates": [1.094111, 49.670169]}, "properties": {"stop_id": "FR:76602:ZE:1102928:ATOUMOD040", "stop_name": "Garage d'Épinay", "route_ids": ["ATOUMOD040:Line:1003078:LOC"]}}, {"type": "Feature", "geometry": {"type": "Point", "coordinates": [1.091811, 49.670224]}, "properties": {"stop_id": "FR:76602:ZE:1102932:ATOUMOD040", "stop_name": "Épinay", "route_ids": ["ATOUMOD040:Line:1003078:LOC"]}}, {"type": "Feature", "geometry": {"type": "Point", "coordinates": [0.356793, 49.738561]}, "properties": {"stop_id": "FR:76600:ZE:1102938:ATOUMOD040", "stop_name": "Mairie", "route_ids": ["ATOUMOD040:Line:1003055:LOC"]}}, {"type": "Feature", "geometry": {"type": "Point", "coordinates": [1.107076, 49.679973]}, "properties": {"stop_id": "FR:76602:ZE:1102952:ATOUMOD040", "stop_name": "Église / École", "route_ids": ["ATOUMOD040:Line:1003078:LOC"]}}, {"type": "Feature", "geometry": {"type": "Point", "coordinates": [1.107138, 49.67997]}, "properties": {"stop_id": "FR:76602:ZE:1172149:ATOUMOD040", "stop_name": "Église / École", "route_ids": ["ATOUMOD040:Line:1003078:LOC"]}}, {"type": "Feature", "geometry": {"type": "Point", "coordinates": [1.610748, 49.833542]}, "properties": {"stop_id": "FR:76598:ZE:1172123:ATOUMOD040", "stop_name": "Mairie / École", "route_ids": ["ATOUMOD040:Line:1003075:LOC"]}}, {"type": "Feature", "geometry": {"type": "Point", "coordinates": [1.012239, 49.50639]}, "properties": {"stop_id": "FR:76594:ZE:1102986:ATOUMOD040", "stop_name": "Place des Jardins", "route_ids": ["ATOUMOD040:Line:1003057:LOC"]}}, {"type": "Feature", "geometry": {"type": "Point", "coordinates": [1.613643, 49.855549]}, "properties": {"stop_id": "FR:76520:ZE:1103002:ATOUMOD040", "stop_name": "Salle des Fetes", "route_ids": ["ATOUMOD040:Line:1003075:LOC"]}}, {"type": "Feature", "geometry": {"type": "Point", "coordinates": [1.622533, 49.850811]}, "properties": {"stop_id": "FR:76520:ZE:1103008:ATOUMOD040", "stop_name": "École des Filles", "route_ids": ["ATOUMOD040:Line:1003075:LOC"]}}, {"type": "Feature", "geometry": {"type": "Point", "coordinates": [1.622592, 49.850798]}, "properties": {"stop_id": "FR:76520:ZE:1158612:ATOUMOD040", "stop_name": "École des Filles", "route_ids": ["ATOUMOD040:Line:1003075:LOC"]}}, {"type": "Feature", "geometry": {"type": "Point", "coordinates": [1.186307, 49.522198]}, "properties": {"stop_id": "FR:76517:ZE:1103028:ATOUMOD040", "stop_name": "Centre", "route_ids": ["ATOUMOD040:Line:1003073:LOC"]}}, {"type": "Feature", "geometry": {"type": "Point", "coordinates": [1.186445, 49.522216]}, "properties": {"stop_id": "FR:76517:ZE:1167227:ATOUMOD040", "stop_name": "Centre", "route_ids": ["ATOUMOD040:Line:1003073:LOC"]}}, {"type": "Feature", "geometry": {"type": "Point", "coordinates": [1.169744, 49.513598]}, "properties": {"stop_id": "FR:76517:ZE:1103030:ATOUMOD040", "stop_name": "La Loge aux Pauvres", "route_ids": ["ATOUMOD040:Line:1003073:LOC"]}}, {"type": "Feature", "geometry": {"type": "Point", "coordinates": [1.170249, 49.513936]}, "properties": {"stop_id": "FR:76517:ZE:1167508:ATOUMOD040", "stop_name": "La Loge aux Pauvres", "route_ids": ["ATOUMOD040:Line:1003073:LOC"]}}, {"type": "Feature", "geometry": {"type": "Point", "coordinates": [0.936866, 49.790384]}, "properties": {"stop_id": "FR:76519:ZE:1103034:ATOUMOD040", "stop_name": "Mairie / École", "route_ids": ["ATOUMOD040:Line:1003079:LOC"]}}, {"type": "Feature", "geometry": {"type": "Point", "coordinates": [0.924775, 49.904885]}, "properties": {"stop_id": "FR:76515:ZE:1103056:ATOUMOD040", "stop_name": "Bazar de la Plage", "route_ids": ["ATOUMOD040:Line:1003067:LOC"]}}, {"type": "Feature", "geometry": {"type": "Point", "coordinates": [0.924746, 49.904924]}, "properties": {"stop_id": "FR:76515:ZE:1172015:ATOUMOD040", "stop_name": "Bazar de la Plage", "route_ids": ["ATOUMOD040:Line:1003067:LOC"]}}, {"type": "Feature", "geometry": {"type": "Point", "coordinates": [0.189203, 49.671861]}, "properties": {"stop_id": "FR:76508:ZE:1103084:ATOUMOD040", "stop_name": "Mairie", "route_ids": ["ATOUMOD040:Line:1003055:LOC"]}}, {"type": "Feature", "geometry": {"type": "Point", "coordinates": [1.214133, 49.491647]}, "properties": {"stop_id": "FR:76509:ZE:1171996:ATOUMOD040", "stop_name": "Place de la Mairie", "route_ids": ["ATOUMOD040:Line:1003050:LOC"]}}, {"type": "Feature", "geometry": {"type": "Point", "coordinates": [0.970852, 49.530844]}, "properties": {"stop_id": "FR:76541:ZE:1103126:ATOUMOD040", "stop_name": "Malzaize", "route_ids": ["ATOUMOD040:Line:1003057:LOC"]}}, {"type": "Feature", "geometry": {"type": "Point", "coordinates": [0.969663, 49.531708]}, "properties": {"stop_id": "FR:76503:ZE:1169394:ATOUMOD040", "stop_name": "Malzaize", "route_ids": ["ATOUMOD040:Line:1003057:LOC"]}}, {"type": "Feature", "geometry": {"type": "Point", "coordinates": [0.994075, 49.528013]}, "properties": {"stop_id": "FR:76503:ZE:1103132:ATOUMOD040", "stop_name": "Mairie École", "route_ids": ["ATOUMOD040:Line:1003057:LOC"]}}, {"type": "Feature", "geometry": {"type": "Point", "coordinates": [0.94939, 49.572361]}, "properties": {"stop_id": "FR:76495:ZE:1158120:ATOUMOD040", "stop_name": "Val Saint Denis", "route_ids": ["ATOUMOD040:Line:1003057:LOC"]}}, {"type": "Feature", "geometry": {"type": "Point", "coordinates": [0.954434, 49.566315]}, "properties": {"stop_id": "FR:76495:ZE:1103142:ATOUMOD040", "stop_name": "Mairie", "route_ids": ["ATOUMOD040:Line:1003057:LOC"]}}, {"type": "Feature", "geometry": {"type": "Point", "coordinates": [0.954479, 49.566263]}, "properties": {"stop_id": "FR:76495:ZE:1158126:ATOUMOD040", "stop_name": "Mairie", "route_ids": ["ATOUMOD040:Line:1003057:LOC"]}}, {"type": "Feature", "geometry": {"type": "Point", "coordinates": [1.233422, 49.980517]}, "properties": {"stop_id": "FR:76618:ZE:1103146:ATOUMOD040", "stop_name": "PENLY - École", "route_ids": ["ATOUMOD040:Line:1003070:LOC"]}}, {"type": "Feature", "geometry": {"type": "Point", "coordinates": [0.629471, 49.831847]}, "properties": {"stop_id": "FR:76493:ZE:1103162:ATOUMOD040", "stop_name": "Mairie École", "route_ids": ["ATOUMOD040:Line:1003066:LOC"]}}, {"type": "Feature", "geometry": {"type": "Point", "coordinates": [0.993755, 49.867987]}, "properties": {"stop_id": "FR:76492:ZE:1103180:ATOUMOD040", "stop_name": "Passage a niveau (Mont de Tessy)", "route_ids": ["ATOUMOD040:Line:1003047:LOC"]}}, {"type": "Feature", "geometry": {"type": "Point", "coordinates": [0.993681, 49.867912]}, "properties": {"stop_id": "FR:76492:ZE:1176370:ATOUMOD040", "stop_name": "Passage a niveau (Mont de Tessy)", "route_ids": ["ATOUMOD040:Line:1003047:LOC"]}}, {"type": "Feature", "geometry": {"type": "Point", "coordinates": [1.182401, 49.758751]}, "properties": {"stop_id": "FR:76458:ZE:1103190:ATOUMOD040", "stop_name": "Mathonville", "route_ids": ["ATOUMOD040:Line:1003068:LOC"]}}, {"type": "Feature", "geometry": {"type": "Point", "coordinates": [1.18237, 49.759041]}, "properties": {"stop_id": "FR:76458:ZE:1171297:ATOUMOD040", "stop_name": "Mathonville", "route_ids": ["ATOUMOD040:Line:1003068:LOC"]}}, {"type": "Feature", "geometry": {"type": "Point", "coordinates": [1.072857, 49.547056]}, "properties": {"stop_id": "FR:76452:ZE:1103230:ATOUMOD040", "stop_name": "Piscine", "route_ids": ["ATOUMOD040:Line:1003059:LOC"]}}, {"type": "Feature", "geometry": {"type": "Point", "coordinates": [1.252533, 49.512488]}, "properties": {"stop_id": "FR:76453:ZE:1103236:ATOUMOD040", "stop_name": "Centre", "route_ids": ["ATOUMOD040:Line:1003050:LOC"]}}, {"type": "Feature", "geometry": {"type": "Point", "coordinates": [1.253144, 49.512436]}, "properties": {"stop_id": "FR:76453:ZE:1171278:ATOUMOD040", "stop_name": "Centre", "route_ids": ["ATOUMOD040:Line:1003050:LOC"]}}, {"type": "Feature", "geometry": {"type": "Point", "coordinates": [1.247809, 49.523023]}, "properties": {"stop_id": "FR:76453:ZE:1103240:ATOUMOD040", "stop_name": "Gare", "route_ids": ["ATOUMOD040:Line:1003050:LOC"]}}, {"type": "Feature", "geometry": {"type": "Point", "coordinates": [1.148221, 49.67952]}, "properties": {"stop_id": "FR:76449:ZE:1103266:ATOUMOD040", "stop_name": "Mairie / Église", "route_ids": ["ATOUMOD040:Line:1003068:LOC"]}}, {"type": "Feature", "geometry": {"type": "Point", "coordinates": [1.151987, 49.684387]}, "properties": {"stop_id": "FR:76449:ZE:1103268:ATOUMOD040", "stop_name": "Ferme Cauchois", "route_ids": ["ATOUMOD040:Line:1003068:LOC"]}}, {"type": "Feature", "geometry": {"type": "Point", "coordinates": [1.151885, 49.684091]}, "properties": {"stop_id": "FR:76449:ZE:1171242:ATOUMOD040", "stop_name": "Ferme Cauchois", "route_ids": ["ATOUMOD040:Line:1003068:LOC"]}}, {"type": "Feature", "geometry": {"type": "Point", "coordinates": [1.245627, 49.564001]}, "properties": {"stop_id": "FR:76547:ZE:1103282:ATOUMOD040", "stop_name": "Mairie / École", "route_ids": ["ATOUMOD040:Line:1003073:LOC"]}}, {"type": "Feature", "geometry": {"type": "Point", "coordinates": [1.245685, 49.564008]}, "properties": {"stop_id": "FR:76547:ZE:1170516:ATOUMOD040", "stop_name": "Mairie / École", "route_ids": ["ATOUMOD040:Line:1003073:LOC"]}}, {"type": "Feature", "geometry": {"type": "Point", "coordinates": [1.342507, 49.47124]}, "properties": {"stop_id": "FR:76548:ZE:1103290:ATOUMOD040", "stop_name": "Le Bourg", "route_ids": ["ATOUMOD040:Line:1003076:LOC"]}}, {"type": "Feature", "geometry": {"type": "Point", "coordinates": [0.976745, 49.510174]}, "properties": {"stop_id": "FR:76541:ZE:1103296:ATOUMOD040", "stop_name": "Mairie", "route_ids": ["ATOUMOD040:Line:1003057:LOC"]}}, {"type": "Feature", "geometry": {"type": "Point", "coordinates": [0.976608, 49.510161]}, "properties": {"stop_id": "FR:76541:ZE:1172070:ATOUMOD040", "stop_name": "Mairie", "route_ids": ["ATOUMOD040:Line:1003057:LOC"]}}, {"type": "Feature", "geometry": {"type": "Point", "coordinates": [0.982608, 49.505892]}, "properties": {"stop_id": "FR:76541:ZE:1103298:ATOUMOD040", "stop_name": "Le Bout du Haut", "route_ids": ["ATOUMOD040:Line:1003057:LOC", "ATOUMOD040:Line:1003063:LOC"]}}, {"type": "Feature", "geometry": {"type": "Point", "coordinates": [0.984108, 49.505538]}, "properties": {"stop_id": "FR:76541:ZE:1172068:ATOUMOD040", "stop_name": "Le Bout du Haut", "route_ids": ["ATOUMOD040:Line:1003057:LOC", "ATOUMOD040:Line:1003063:LOC"]}}, {"type": "Feature", "geometry": {"type": "Point", "coordinates": [0.971844, 49.499934]}, "properties": {"stop_id": "FR:76541:ZE:1103300:ATOUMOD040", "stop_name": "Chemin de l'Ouraille", "route_ids": ["ATOUMOD040:Line:1003057:LOC", "ATOUMOD040:Line:1003063:LOC"]}}, {"type": "Feature", "geometry": {"type": "Point", "coordinates": [0.971899, 49.500148]}, "properties": {"stop_id": "FR:76541:ZE:1172065:ATOUMOD040", "stop_name": "Chemin de l'Ouraille", "route_ids": ["ATOUMOD040:Line:1003057:LOC", "ATOUMOD040:Line:1003063:LOC"]}}, {"type": "Feature", "geometry": {"type": "Point", "coordinates": [0.963631, 49.49976]}, "properties": {"stop_id": "FR:76541:ZE:1103302:ATOUMOD040", "stop_name": "Saint-Thomas", "route_ids": ["ATOUMOD040:Line:1003057:LOC", "ATOUMOD040:Line:1003063:LOC"]}}, {"type": "Feature", "geometry": {"type": "Point", "coordinates": [0.96363, 49.4998]}, "properties": {"stop_id": "FR:76541:ZE:1172071:ATOUMOD040", "stop_name": "Saint-Thomas", "route_ids": ["ATOUMOD040:Line:1003057:LOC", "ATOUMOD040:Line:1003063:LOC"]}}, {"type": "Feature", "geometry": {"type": "Point", "coordinates": [0.97558, 49.510166]}, "properties": {"stop_id": "FR:76541:ZE:1103304:ATOUMOD040", "stop_name": "Le Bourg (Place de la Liberté)", "route_ids": ["ATOUMOD040:Line:1003057:LOC", "ATOUMOD040:Line:1003063:LOC"]}}, {"type": "Feature", "geometry": {"type": "Point", "coordinates": [0.975582, 49.510207]}, "properties": {"stop_id": "FR:76541:ZE:1172067:ATOUMOD040", "stop_name": "Le Bourg (Place de la Liberté)", "route_ids": ["ATOUMOD040:Line:1003057:LOC", "ATOUMOD040:Line:1003063:LOC"]}}, {"type": "Feature", "geometry": {"type": "Point", "coordinates": [1.064435, 49.449111]}, "properties": {"stop_id": "FR:76540:ZE:1103318:ATOUMOD040", "stop_name": "Mont Riboudet - Kindarena", "route_ids": ["ATOUMOD040:Line:1003057:LOC", "ATOUMOD040:Line:1003059:LOC", "ATOUMOD040:Line:1003061:LOC", "ATOUMOD040:Line:1003063:LOC"]}}, {"type": "Feature", "geometry": {"type": "Point", "coordinates": [1.064774, 49.448667]}, "properties": {"stop_id": "FR:76540:ZE:1169396:ATOUMOD040", "stop_name": "Mont Riboudet - Kindarena", "route_ids": ["ATOUMOD040:Line:1003057:LOC", "ATOUMOD040:Line:1003059:LOC", "ATOUMOD040:Line:1003061:LOC", "ATOUMOD040:Line:1003063:LOC"]}}, {"type": "Feature", "geometry": {"type": "Point", "coordinates": [1.088472, 49.440398]}, "properties": {"stop_id": "FR:76540:ZE:1103328:ATOUMOD040", "stop_name": "Gare Routiere", "route_ids": ["ATOUMOD040:Line:1003076:LOC"]}}, {"type": "Feature", "geometry": {"type": "Point", "coordinates": [1.088417, 49.440303]}, "properties": {"stop_id": "FR:76540:ZE:1172576:ATOUMOD040", "stop_name": "Gare Routiere", "route_ids": ["ATOUMOD040:Line:1003073:LOC"]}}, {"type": "Feature", "geometry": {"type": "Point", "coordinates": [1.08853, 49.440491]}, "properties": {"stop_id": "FR:76540:ZE:1172577:ATOUMOD040", "stop_name": "Gare Routiere", "route_ids": ["ATOUMOD040:Line:1003063:LOC", "ATOUMOD040:Line:1003298:LOC", "ATOUMOD040:Line:1003299:LOC", "ATOUMOD040:Line:1003297:LOC"]}}, {"type": "Feature", "geometry": {"type": "Point", "coordinates": [1.08861, 49.440473]}, "properties": {"stop_id": "FR:76540:ZE:1172578:ATOUMOD040", "stop_name": "Gare Routiere", "route_ids": ["ATOUMOD040:Line:1003050:LOC", "ATOUMOD040:Line:1003294:LOC"]}}, {"type": "Feature", "geometry": {"type": "Point", "coordinates": [1.088267, 49.439977]}, "properties": {"stop_id": "FR:76540:ZE:1172579:ATOUMOD040", "stop_name": "Gare Routiere", "route_ids": ["ATOUMOD040:Line:1006959:LOC", "ATOUMOD040:Line:1006979:LOC", "ATOUMOD040:Line:1003300:LOC"]}}, {"type": "Feature", "geometry": {"type": "Point", "coordinates": [1.088276, 49.440164]}, "properties": {"stop_id": "FR:76540:ZE:1172580:ATOUMOD040", "stop_name": "Gare Routiere", "route_ids": ["ATOUMOD040:Line:1003057:LOC"]}}, {"type": "Feature", "geometry": {"type": "Point", "coordinates": [1.088097, 49.44002]}, "properties": {"stop_id": "FR:76540:ZE:1174227:ATOUMOD040", "stop_name": "Gare Routiere", "route_ids": ["ATOUMOD040:Line:1003050:LOC", "ATOUMOD040:Line:1003057:LOC", "ATOUMOD040:Line:1003296:LOC", "ATOUMOD040:Line:1003297:LOC", "ATOUMOD040:Line:1006959:LOC", "ATOUMOD040:Line:1006979:LOC", "ATOUMOD040:Line:1003059:LOC", "ATOUMOD040:Line:1003061:LOC", "ATOUMOD040:Line:1003063:LOC", "ATOUMOD040:Line:1003073:LOC", "ATOUMOD040:Line:1003076:LOC", "ATOUMOD040:Line:1003294:LOC", "ATOUMOD040:Line:1003298:LOC", "ATOUMOD040:Line:1003299:LOC", "ATOUMOD040:Line:1003300:LOC"]}}, {"type": "Feature", "geometry": {"type": "Point", "coordinates": [1.088362, 49.440213]}, "properties": {"stop_id": "FR:76540:ZE:1172575:ATOUMOD040", "stop_name": "Gare Routiere", "route_ids": ["ATOUMOD040:Line:1003296:LOC"]}}, {"type": "Feature", "geometry": {"type": "Point", "coordinates": [1.088811, 49.440413]}, "properties": {"stop_id": "FR:76540:ZE:1175530:ATOUMOD040", "stop_name": "Gare Routiere", "route_ids": ["ATOUMOD040:Line:1003059:LOC", "ATOUMOD040:Line:1003061:LOC"]}}, {"type": "Feature", "geometry": {"type": "Point", "coordinates": [1.094019, 49.447377]}, "properties": {"stop_id": "FR:76540:ZE:1103332:ATOUMOD040", "stop_name": "Gare - Rue Verte", "route_ids": ["ATOUMOD040:Line:1003050:LOC", "ATOUMOD040:Line:1003073:LOC", "ATOUMOD040:Line:1003076:LOC"]}}, {"type": "Feature", "geometry": {"type": "Point", "coordinates": [1.094155, 49.447135]}, "properties": {"stop_id": "FR:76540:ZE:1172572:ATOUMOD040", "stop_name": "Gare - Rue Verte", "route_ids": ["ATOUMOD040:Line:1003050:LOC", "ATOUMOD040:Line:1003073:LOC", "ATOUMOD040:Line:1003076:LOC", "ATOUMOD040:Line:1003057:LOC"]}}, {"type": "Feature", "geometry": {"type": "Point", "coordinates": [0.95898, 49.867038]}, "properties": {"stop_id": "FR:76492:ZE:1103354:ATOUMOD040", "stop_name": "Gare", "route_ids": ["ATOUMOD040:Line:1003047:LOC"]}}, {"type": "Feature", "geometry": {"type": "Point", "coordinates": [0.958912, 49.866997]}, "properties": {"stop_id": "FR:76492:ZE:1171934:ATOUMOD040", "stop_name": "Gare", "route_ids": ["ATOUMOD040:Line:1003047:LOC"]}}, {"type": "Feature", "geometry": {"type": "Point", "coordinates": [0.95911, 49.873992]}, "properties": {"stop_id": "FR:76492:ZE:1103356:ATOUMOD040", "stop_name": "Patte d'Oie", "route_ids": ["ATOUMOD040:Line:1003047:LOC", "ATOUMOD040:Line:1003067:LOC"]}}, {"type": "Feature", "geometry": {"type": "Point", "coordinates": [0.959046, 49.874064]}, "properties": {"stop_id": "FR:76492:ZE:1158345:ATOUMOD040", "stop_name": "Patte d'Oie", "route_ids": ["ATOUMOD040:Line:1003047:LOC", "ATOUMOD040:Line:1003067:LOC"]}}, {"type": "Feature", "geometry": {"type": "Point", "coordinates": [1.322902, 49.796039]}, "properties": {"stop_id": "FR:76487:ZE:1103380:ATOUMOD040", "stop_name": "École", "route_ids": ["ATOUMOD040:Line:1006919:LOC"]}}, {"type": "Feature", "geometry": {"type": "Point", "coordinates": [1.323624, 49.795866]}, "properties": {"stop_id": "FR:76487:ZE:1175895:ATOUMOD040", "stop_name": "École", "route_ids": ["ATOUMOD040:Line:1006919:LOC"]}}, {"type": "Feature", "geometry": {"type": "Point", "coordinates": [0.591481, 49.784614]}, "properties": {"stop_id": "FR:76488:ZE:1103388:ATOUMOD040", "stop_name": "École", "route_ids": ["ATOUMOD040:Line:1003066:LOC"]}}, {"type": "Feature", "geometry": {"type": "Point", "coordinates": [1.020261, 49.860295]}, "properties": {"stop_id": "FR:76482:ZE:1103400:ATOUMOD040", "stop_name": "Neufmesnil (RD 927)", "route_ids": ["ATOUMOD040:Line:1003047:LOC"]}}, {"type": "Feature", "geometry": {"type": "Point", "coordinates": [1.020262, 49.860355]}, "properties": {"stop_id": "FR:76482:ZE:1171516:ATOUMOD040", "stop_name": "Neufmesnil (RD927)", "route_ids": ["ATOUMOD040:Line:1003047:LOC"]}}, {"type": "Feature", "geometry": {"type": "Point", "coordinates": [1.055374, 49.79845]}, "properties": {"stop_id": "FR:76485:ZE:1158348:ATOUMOD040", "stop_name": "Le Relais", "route_ids": ["ATOUMOD040:Line:1003079:LOC"]}}, {"type": "Feature", "geometry": {"type": "Point", "coordinates": [0.109661, 49.547092]}, "properties": {"stop_id": "FR:76481:ZE:1103420:ATOUMOD040", "stop_name": "Patrouille de France", "route_ids": ["ATOUMOD040:Line:1003055:LOC"]}}, {"type": "Feature", "geometry": {"type": "Point", "coordinates": [0.109547, 49.546443]}, "properties": {"stop_id": "FR:76481:ZE:1171498:ATOUMOD040", "stop_name": "Patrouille de France", "route_ids": ["ATOUMOD040:Line:1003055:LOC"]}}, {"type": "Feature", "geometry": {"type": "Point", "coordinates": [0.114222, 49.553137]}, "properties": {"stop_id": "FR:76481:ZE:1103428:ATOUMOD040", "stop_name": "Auguste Le Conte", "route_ids": ["ATOUMOD040:Line:1003055:LOC"]}}, {"type": "Feature", "geometry": {"type": "Point", "coordinates": [1.139574, 49.74669]}, "properties": {"stop_id": "FR:76204:ZE:1103442:ATOUMOD040", "stop_name": "Le Bois Guillaume", "route_ids": ["ATOUMOD040:Line:1003068:LOC"]}}, {"type": "Feature", "geometry": {"type": "Point", "coordinates": [1.13907, 49.746666]}, "properties": {"stop_id": "FR:76478:ZE:1171480:ATOUMOD040", "stop_name": "Le Bois Guillaume", "route_ids": ["ATOUMOD040:Line:1003068:LOC"]}}, {"type": "Feature", "geometry": {"type": "Point", "coordinates": [1.12645, 49.748253]}, "properties": {"stop_id": "FR:76478:ZE:1103446:ATOUMOD040", "stop_name": "Neuf Moulin", "route_ids": ["ATOUMOD040:Line:1003068:LOC"]}}, {"type": "Feature", "geometry": {"type": "Point", "coordinates": [0.689867, 49.799278]}, "properties": {"stop_id": "FR:76480:ZE:1103458:ATOUMOD040", "stop_name": "École Primaire (D70)", "route_ids": ["ATOUMOD040:Line:1006899:LOC"]}}, {"type": "Feature", "geometry": {"type": "Point", "coordinates": [0.68981, 49.799207]}, "properties": {"stop_id": "FR:76480:ZE:1178433:ATOUMOD040", "stop_name": "École Primaire (D70)", "route_ids": ["ATOUMOD040:Line:1006899:LOC"]}}, {"type": "Feature", "geometry": {"type": "Point", "coordinates": [0.208864, 49.589635]}, "properties": {"stop_id": "FR:76477:ZE:1103468:ATOUMOD040", "stop_name": "Moulin du Vey", "route_ids": ["ATOUMOD040:Line:1003054:LOC"]}}, {"type": "Feature", "geometry": {"type": "Point", "coordinates": [0.208892, 49.589302]}, "properties": {"stop_id": "FR:76477:ZE:1171587:ATOUMOD040", "stop_name": "Moulin du Vey", "route_ids": ["ATOUMOD040:Line:1003054:LOC"]}}, {"type": "Feature", "geometry": {"type": "Point", "coordinates": [1.048905, 49.488198]}, "properties": {"stop_id": "FR:76474:ZE:1103488:ATOUMOD040", "stop_name": "Mairie - Victor Schoelcher", "route_ids": ["ATOUMOD040:Line:1003057:LOC", "ATOUMOD040:Line:1003059:LOC"]}}, {"type": "Feature", "geometry": {"type": "Point", "coordinates": [1.049053, 49.4884]}, "properties": {"stop_id": "FR:76474:ZE:1169391:ATOUMOD040", "stop_name": "Mairie - Victor Schoelcher", "route_ids": ["ATOUMOD040:Line:1003057:LOC", "ATOUMOD040:Line:1003059:LOC"]}}, {"type": "Feature", "geometry": {"type": "Point", "coordinates": [0.63322, 49.474819]}, "properties": {"stop_id": "FR:76471:ZE:1103498:ATOUMOD040", "stop_name": "Centre", "route_ids": ["ATOUMOD040:Line:1003051:LOC"]}}, {"type": "Feature", "geometry": {"type": "Point", "coordinates": [1.282359, 49.856491]}, "properties": {"stop_id": "FR:76472:ZE:1103504:ATOUMOD040", "stop_name": "Les Carreaux", "route_ids": ["ATOUMOD040:Line:1003071:LOC"]}}, {"type": "Feature", "geometry": {"type": "Point", "coordinates": [1.282387, 49.856525]}, "properties": {"stop_id": "FR:76472:ZE:1171413:ATOUMOD040", "stop_name": "Les Carreaux", "route_ids": ["ATOUMOD040:Line:1003071:LOC"]}}, {"type": "Feature", "geometry": {"type": "Point", "coordinates": [1.289575, 49.853568]}, "properties": {"stop_id": "FR:76472:ZE:1103508:ATOUMOD040", "stop_name": "Salle des Fetes", "route_ids": ["ATOUMOD040:Line:1003071:LOC"]}}, {"type": "Feature", "geometry": {"type": "Point", "coordinates": [1.289551, 49.853539]}, "properties": {"stop_id": "FR:76472:ZE:1171420:ATOUMOD040", "stop_name": "Salle des Fetes", "route_ids": ["ATOUMOD040:Line:1003071:LOC"]}}, {"type": "Feature", "geometry": {"type": "Point", "coordinates": [1.306196, 49.838307]}, "properties": {"stop_id": "FR:76472:ZE:1103510:ATOUMOD040", "stop_name": "Rue du Mont Tape-Dur", "route_ids": ["ATOUMOD040:Line:1003071:LOC"]}}, {"type": "Feature", "geometry": {"type": "Point", "coordinates": [0.709892, 49.827119]}, "properties": {"stop_id": "FR:76467:ZE:1103522:ATOUMOD040", "stop_name": "Salle des Sports", "route_ids": ["ATOUMOD040:Line:1006899:LOC"]}}, {"type": "Feature", "geometry": {"type": "Point", "coordinates": [0.70982, 49.827119]}, "properties": {"stop_id": "FR:76467:ZE:1171395:ATOUMOD040", "stop_name": "Salle des Sports", "route_ids": ["ATOUMOD040:Line:1006899:LOC"]}}, {"type": "Feature", "geometry": {"type": "Point", "coordinates": [0.478112, 49.598963]}, "properties": {"stop_id": "FR:76468:ZE:1103524:ATOUMOD040", "stop_name": "Centre", "route_ids": ["ATOUMOD040:Line:1003043:LOC"]}}, {"type": "Feature", "geometry": {"type": "Point", "coordinates": [1.439929, 49.730634]}, "properties": {"stop_id": "FR:76462:ZE:1103542:ATOUMOD040", "stop_name": "Place de la Libération", "route_ids": ["ATOUMOD040:Line:1006919:LOC", "ATOUMOD040:Line:1003073:LOC", "ATOUMOD040:Line:1003075:LOC"]}}, {"type": "Feature", "geometry": {"type": "Point", "coordinates": [0.84886, 49.637831]}, "properties": {"stop_id": "FR:76456:ZE:1103578:ATOUMOD040", "stop_name": "Gare", "route_ids": ["ATOUMOD040:Line:1003057:LOC"]}}, {"type": "Feature", "geometry": {"type": "Point", "coordinates": [1.282303, 49.604097]}, "properties": {"stop_id": "FR:76532:ZE:1103628:ATOUMOD040", "stop_name": "Mairie", "route_ids": ["ATOUMOD040:Line:1003073:LOC"]}}, {"type": "Feature", "geometry": {"type": "Point", "coordinates": [1.289306, 49.596648]}, "properties": {"stop_id": "FR:76532:ZE:1103632:ATOUMOD040", "stop_name": "Le Fresneau", "route_ids": ["ATOUMOD040:Line:1003073:LOC"]}}, {"type": "Feature", "geometry": {"type": "Point", "coordinates": [1.290213, 49.598186]}, "properties": {"stop_id": "FR:76532:ZE:1172032:ATOUMOD040", "stop_name": "Le Fresneau", "route_ids": ["ATOUMOD040:Line:1003073:LOC"]}}, {"type": "Feature", "geometry": {"type": "Point", "coordinates": [0.726813, 49.555616]}, "properties": {"stop_id": "FR:76418:ZE:1103666:ATOUMOD040", "stop_name": "Grande Route", "route_ids": ["ATOUMOD040:Line:1003048:LOC"]}}, {"type": "Feature", "geometry": {"type": "Point", "coordinates": [1.141434, 49.902167]}, "properties": {"stop_id": "FR:76414:ZE:1103668:ATOUMOD040", "stop_name": "Mairie", "route_ids": ["ATOUMOD040:Line:1003069:LOC"]}}, {"type": "Feature", "geometry": {"type": "Point", "coordinates": [1.140797, 49.900903]}, "properties": {"stop_id": "FR:76414:ZE:1175473:ATOUMOD040", "stop_name": "Place Mayenne", "route_ids": ["ATOUMOD040:Line:1003069:LOC"]}}, {"type": "Feature", "geometry": {"type": "Point", "coordinates": [1.111309, 49.907411]}, "properties": {"stop_id": "FR:76414:ZE:1103670:ATOUMOD040", "stop_name": "Étran", "route_ids": ["ATOUMOD040:Line:1003069:LOC"]}}, {"type": "Feature", "geometry": {"type": "Point", "coordinates": [1.111468, 49.907403]}, "properties": {"stop_id": "FR:76414:ZE:1171743:ATOUMOD040", "stop_name": "Étran", "route_ids": ["ATOUMOD040:Line:1003069:LOC"]}}, {"type": "Feature", "geometry": {"type": "Point", "coordinates": [1.280012, 49.439742]}, "properties": {"stop_id": "FR:76412:ZE:1103680:ATOUMOD040", "stop_name": "Impasse de la Fontaine", "route_ids": ["ATOUMOD040:Line:1003076:LOC"]}}, {"type": "Feature", "geometry": {"type": "Point", "coordinates": [1.292246, 49.460179]}, "properties": {"stop_id": "FR:76412:ZE:1103686:ATOUMOD040", "stop_name": "Centre (Château)", "route_ids": ["ATOUMOD040:Line:1003076:LOC"]}}, {"type": "Feature", "geometry": {"type": "Point", "coordinates": [1.293419, 49.460214]}, "properties": {"stop_id": "FR:76412:ZE:1171747:ATOUMOD040", "stop_name": "Centre (Château)", "route_ids": ["ATOUMOD040:Line:1003076:LOC"]}}, {"type": "Feature", "geometry": {"type": "Point", "coordinates": [1.296555, 49.460144]}, "properties": {"stop_id": "FR:76412:ZE:1180971:ATOUMOD040", "stop_name": "Centre (Mairie)", "route_ids": ["ATOUMOD040:Line:1003076:LOC"]}}, {"type": "Feature", "geometry": {"type": "Point", "coordinates": [1.047025, 49.479513]}, "properties": {"stop_id": "FR:76410:ZE:1103698:ATOUMOD040", "stop_name": "Demi-Lune", "route_ids": ["ATOUMOD040:Line:1003059:LOC"]}}, {"type": "Feature", "geometry": {"type": "Point", "coordinates": [1.047338, 49.479733]}, "properties": {"stop_id": "FR:76216:ZE:1167607:ATOUMOD040", "stop_name": "Demi-Lune", "route_ids": ["ATOUMOD040:Line:1003059:LOC"]}}, {"type": "Feature", "geometry": {"type": "Point", "coordinates": [1.023314, 49.478995]}, "properties": {"stop_id": "FR:76410:ZE:1103700:ATOUMOD040", "stop_name": "Parc Signa", "route_ids": ["ATOUMOD040:Line:1003057:LOC"]}}, {"type": "Feature", "geometry": {"type": "Point", "coordinates": [1.023307, 49.479156]}, "properties": {"stop_id": "FR:76410:ZE:1171738:ATOUMOD040", "stop_name": "Parc Signa", "route_ids": ["ATOUMOD040:Line:1003057:LOC"]}}, {"type": "Feature", "geometry": {"type": "Point", "coordinates": [0.356045, 49.610273]}, "properties": {"stop_id": "FR:76408:ZE:1103716:ATOUMOD040", "stop_name": "Mairie", "route_ids": ["ATOUMOD040:Line:1003053:LOC"]}}, {"type": "Feature", "geometry": {"type": "Point", "coordinates": [1.04271, 49.481831]}, "properties": {"stop_id": "FR:76410:ZE:1103726:ATOUMOD040", "stop_name": "Saint-Just (École Gustave Flaubert)", "route_ids": ["ATOUMOD040:Line:1003057:LOC"]}}, {"type": "Feature", "geometry": {"type": "Point", "coordinates": [1.04283, 49.481604]}, "properties": {"stop_id": "FR:76410:ZE:1167568:ATOUMOD040", "stop_name": "Saint-Just (École Gustave Flaubert)", "route_ids": ["ATOUMOD040:Line:1003057:LOC"]}}, {"type": "Feature", "geometry": {"type": "Point", "coordinates": [1.04161, 49.524021]}, "properties": {"stop_id": "FR:76402:ZE:1103734:ATOUMOD040", "stop_name": "Mairie", "route_ids": ["ATOUMOD040:Line:1003059:LOC"]}}, {"type": "Feature", "geometry": {"type": "Point", "coordinates": [1.041234, 49.523694]}, "properties": {"stop_id": "FR:76402:ZE:1171907:ATOUMOD040", "stop_name": "Mairie", "route_ids": ["ATOUMOD040:Line:1003059:LOC"]}}, {"type": "Feature", "geometry": {"type": "Point", "coordinates": [0.608129, 49.82884]}, "properties": {"stop_id": "FR:76403:ZE:1103736:ATOUMOD040", "stop_name": "Le Bourg", "route_ids": ["ATOUMOD040:Line:1003066:LOC"]}}, {"type": "Feature", "geometry": {"type": "Point", "coordinates": [0.604951, 49.83026]}, "properties": {"stop_id": "FR:76403:ZE:1103738:ATOUMOD040", "stop_name": "Mairie", "route_ids": ["ATOUMOD040:Line:1003066:LOC"]}}, {"type": "Feature", "geometry": {"type": "Point", "coordinates": [0.25582, 49.565451]}, "properties": {"stop_id": "FR:76404:ZE:1103740:ATOUMOD040", "stop_name": "Place", "route_ids": ["ATOUMOD040:Line:1003054:LOC"]}}, {"type": "Feature", "geometry": {"type": "Point", "coordinates": [1.288344, 49.549438]}, "properties": {"stop_id": "FR:76396:ZE:1171885:ATOUMOD040", "stop_name": "École", "route_ids": ["ATOUMOD040:Line:1003073:LOC"]}}, {"type": "Feature", "geometry": {"type": "Point", "coordinates": [1.288382, 49.549413]}, "properties": {"stop_id": "FR:76396:ZE:1171886:ATOUMOD040", "stop_name": "École", "route_ids": ["ATOUMOD040:Line:1003073:LOC"]}}, {"type": "Feature", "geometry": {"type": "Point", "coordinates": [1.296859, 49.544239]}, "properties": {"stop_id": "FR:76396:ZE:1103768:ATOUMOD040", "stop_name": "Château", "route_ids": ["ATOUMOD040:Line:1003073:LOC"]}}, {"type": "Feature", "geometry": {"type": "Point", "coordinates": [1.297012, 49.544015]}, "properties": {"stop_id": "FR:76396:ZE:1171884:ATOUMOD040", "stop_name": "Château", "route_ids": ["ATOUMOD040:Line:1003073:LOC"]}}, {"type": "Feature", "geometry": {"type": "Point", "coordinates": [1.116763, 49.792832]}, "properties": {"stop_id": "FR:76397:ZE:1103774:ATOUMOD040", "stop_name": "College Jean Malaurie", "route_ids": ["ATOUMOD040:Line:1003079:LOC"]}}, {"type": "Feature", "geometry": {"type": "Point", "coordinates": [1.10363, 49.801273]}, "properties": {"stop_id": "FR:76397:ZE:1103778:ATOUMOD040", "stop_name": "Vaudreville", "route_ids": ["ATOUMOD040:Line:1003079:LOC"]}}, {"type": "Feature", "geometry": {"type": "Point", "coordinates": [1.104367, 49.799453]}, "properties": {"stop_id": "FR:76397:ZE:1171893:ATOUMOD040", "stop_name": "Vaudreville", "route_ids": ["ATOUMOD040:Line:1003079:LOC"]}}, {"type": "Feature", "geometry": {"type": "Point", "coordinates": [0.912262, 49.828802]}, "properties": {"stop_id": "FR:76400:ZE:1103788:ATOUMOD040", "stop_name": "Centre", "route_ids": ["ATOUMOD040:Line:1003047:LOC"]}}, {"type": "Feature", "geometry": {"type": "Point", "coordinates": [0.911923, 49.828914]}, "properties": {"stop_id": "FR:76400:ZE:1158344:ATOUMOD040", "stop_name": "Centre", "route_ids": ["ATOUMOD040:Line:1003047:LOC"]}}, {"type": "Feature", "geometry": {"type": "Point", "coordinates": [1.402345, 49.833024]}, "properties": {"stop_id": "FR:76392:ZE:1103822:ATOUMOD040", "stop_name": "Hôtel de Ville", "route_ids": ["ATOUMOD040:Line:1003069:LOC"]}}, {"type": "Feature", "geometry": {"type": "Point", "coordinates": [1.402389, 49.833046]}, "properties": {"stop_id": "FR:76392:ZE:1158316:ATOUMOD040", "stop_name": "Hôtel de Ville", "route_ids": ["ATOUMOD040:Line:1003069:LOC"]}}, {"type": "Feature", "geometry": {"type": "Point", "coordinates": [1.072887, 49.799846]}, "properties": {"stop_id": "FR:76389:ZE:1103834:ATOUMOD040", "stop_name": "Mairie", "route_ids": ["ATOUMOD040:Line:1003078:LOC"]}}, {"type": "Feature", "geometry": {"type": "Point", "coordinates": [0.308964, 49.707524]}, "properties": {"stop_id": "FR:76390:ZE:1103836:ATOUMOD040", "stop_name": "La Haute Folie", "route_ids": ["ATOUMOD040:Line:1003055:LOC"]}}, {"type": "Feature", "geometry": {"type": "Point", "coordinates": [0.282491, 49.699252]}, "properties": {"stop_id": "FR:76390:ZE:1103842:ATOUMOD040", "stop_name": "Église / École", "route_ids": ["ATOUMOD040:Line:1003055:LOC"]}}, {"type": "Feature", "geometry": {"type": "Point", "coordinates": [0.533523, 49.522068]}, "properties": {"stop_id": "FR:76384:ZE:1103852:ATOUMOD040", "stop_name": "Rue Thiers", "route_ids": ["ATOUMOD040:Line:1003051:LOC"]}}, {"type": "Feature", "geometry": {"type": "Point", "coordinates": [0.517329, 49.53472]}, "properties": {"stop_id": "FR:76384:ZE:1103856:ATOUMOD040", "stop_name": "Le Becquet", "route_ids": ["ATOUMOD040:Line:1003051:LOC"]}}, {"type": "Feature", "geometry": {"type": "Point", "coordinates": [0.537473, 49.506087]}, "properties": {"stop_id": "FR:76384:ZE:1103858:ATOUMOD040", "stop_name": "Le Mesnil", "route_ids": ["ATOUMOD040:Line:1003051:LOC"]}}, {"type": "Feature", "geometry": {"type": "Point", "coordinates": [0.926275, 49.61287]}, "properties": {"stop_id": "FR:76385:ZE:1103864:ATOUMOD040", "stop_name": "Centre", "route_ids": ["ATOUMOD040:Line:1003057:LOC"]}}, {"type": "Feature", "geometry": {"type": "Point", "coordinates": [0.967826, 49.747042]}, "properties": {"stop_id": "FR:76383:ZE:1103882:ATOUMOD040", "stop_name": "Ancienne Mairie", "route_ids": ["ATOUMOD040:Line:1003079:LOC"]}}, {"type": "Feature", "geometry": {"type": "Point", "coordinates": [0.96765, 49.74697]}, "properties": {"stop_id": "FR:76632:ZE:1169329:ATOUMOD040", "stop_name": "Ancienne Mairie", "route_ids": ["ATOUMOD040:Line:1003079:LOC"]}}, {"type": "Feature", "geometry": {"type": "Point", "coordinates": [0.832929, 49.416301]}, "properties": {"stop_id": "FR:76378:ZE:1103892:ATOUMOD040", "stop_name": "L'Essartel", "route_ids": ["ATOUMOD040:Line:1003061:LOC"]}}, {"type": "Feature", "geometry": {"type": "Point", "coordinates": [0.832702, 49.416325]}, "properties": {"stop_id": "FR:76378:ZE:1170388:ATOUMOD040", "stop_name": "L'Essartel", "route_ids": ["ATOUMOD040:Line:1003061:LOC"]}}, {"type": "Feature", "geometry": {"type": "Point", "coordinates": [1.002661, 49.771316]}, "properties": {"stop_id": "FR:76379:ZE:1103894:ATOUMOD040", "stop_name": "Centre", "route_ids": ["ATOUMOD040:Line:1003079:LOC"]}}, {"type": "Feature", "geometry": {"type": "Point", "coordinates": [1.002671, 49.771383]}, "properties": {"stop_id": "FR:76379:ZE:1170390:ATOUMOD040", "stop_name": "Centre", "route_ids": ["ATOUMOD040:Line:1003079:LOC"]}}, {"type": "Feature", "geometry": {"type": "Point", "coordinates": [0.967181, 49.785776]}, "properties": {"stop_id": "FR:76380:ZE:1103898:ATOUMOD040", "stop_name": "Faguillonde", "route_ids": ["ATOUMOD040:Line:1003079:LOC"]}}, {"type": "Feature", "geometry": {"type": "Point", "coordinates": [0.967167, 49.785821]}, "properties": {"stop_id": "FR:76380:ZE:1177135:ATOUMOD040", "stop_name": "Faguillonde", "route_ids": ["ATOUMOD040:Line:1003079:LOC"]}}, {"type": "Feature", "geometry": {"type": "Point", "coordinates": [0.982113, 49.80461]}, "properties": {"stop_id": "FR:76380:ZE:1103900:ATOUMOD040", "stop_name": "Flamanville", "route_ids": ["ATOUMOD040:Line:1003079:LOC"]}}, {"type": "Feature", "geometry": {"type": "Point", "coordinates": [0.982315, 49.804758]}, "properties": {"stop_id": "FR:76380:ZE:1172989:ATOUMOD040", "stop_name": "Flamanville", "route_ids": ["ATOUMOD040:Line:1003079:LOC"]}}, {"type": "Feature", "geometry": {"type": "Point", "coordinates": [0.960618, 49.793047]}, "properties": {"stop_id": "FR:76380:ZE:1103902:ATOUMOD040", "stop_name": "Calvaire des mesnils", "route_ids": ["ATOUMOD040:Line:1003079:LOC"]}}, {"type": "Feature", "geometry": {"type": "Point", "coordinates": [0.961081, 49.793058]}, "properties": {"stop_id": "FR:76380:ZE:1170393:ATOUMOD040", "stop_name": "Calvaire des mesnils", "route_ids": ["ATOUMOD040:Line:1003079:LOC"]}}, {"type": "Feature", "geometry": {"type": "Point", "coordinates": [0.388133, 49.604183]}, "properties": {"stop_id": "FR:76368:ZE:1103960:ATOUMOD040", "stop_name": "Mairie / École", "route_ids": ["ATOUMOD040:Line:1003053:LOC"]}}, {"type": "Feature", "geometry": {"type": "Point", "coordinates": [0.39657, 49.606174]}, "properties": {"stop_id": "FR:76368:ZE:1103962:ATOUMOD040", "stop_name": "La Grande Mare", "route_ids": ["ATOUMOD040:Line:1003053:LOC"]}}, {"type": "Feature", "geometry": {"type": "Point", "coordinates": [0.397491, 49.606241]}, "properties": {"stop_id": "FR:76368:ZE:1170329:ATOUMOD040", "stop_name": "La Grande Mare", "route_ids": ["ATOUMOD040:Line:1003053:LOC"]}}, {"type": "Feature", "geometry": {"type": "Point", "coordinates": [0.182378, 49.54756]}, "properties": {"stop_id": "FR:76447:ZE:1103988:ATOUMOD040", "stop_name": "Lycée Jean Prévost", "route_ids": ["ATOUMOD040:Line:1003054:LOC", "ATOUMOD040:Line:1003055:LOC"]}}, {"type": "Feature", "geometry": {"type": "Point", "coordinates": [0.183021, 49.547727]}, "properties": {"stop_id": "FR:76447:ZE:1171513:ATOUMOD040", "stop_name": "Lycée Jean Prévost", "route_ids": ["ATOUMOD040:Line:1003055:LOC", "ATOUMOD040:Line:1003054:LOC"]}}, {"type": "Feature", "geometry": {"type": "Point", "coordinates": [0.182615, 49.543676]}, "properties": {"stop_id": "FR:76447:ZE:1103990:ATOUMOD040", "stop_name": "Chef de Caux", "route_ids": ["ATOUMOD040:Line:1003054:LOC", "ATOUMOD040:Line:1003055:LOC"]}}, {"type": "Feature", "geometry": {"type": "Point", "coordinates": [0.188797, 49.546808]}, "properties": {"stop_id": "FR:76447:ZE:1103992:ATOUMOD040", "stop_name": "Champ de Foire", "route_ids": ["ATOUMOD040:Line:1003054:LOC", "ATOUMOD040:Line:1003055:LOC"]}}, {"type": "Feature", "geometry": {"type": "Point", "coordinates": [0.188572, 49.547285]}, "properties": {"stop_id": "FR:76447:ZE:1171510:ATOUMOD040", "stop_name": "Champ de Foire", "route_ids": ["ATOUMOD040:Line:1003055:LOC", "ATOUMOD040:Line:1003054:LOC"]}}, {"type": "Feature", "geometry": {"type": "Point", "coordinates": [0.200726, 49.550237]}, "properties": {"stop_id": "FR:76447:ZE:1103994:ATOUMOD040", "stop_name": "Bois Champion", "route_ids": ["ATOUMOD040:Line:1003054:LOC"]}}, {"type": "Feature", "geometry": {"type": "Point", "coordinates": [0.173967, 49.549399]}, "properties": {"stop_id": "FR:76447:ZE:1103998:ATOUMOD040", "stop_name": "Belle Étoile", "route_ids": ["ATOUMOD040:Line:1003054:LOC", "ATOUMOD040:Line:1003055:LOC"]}}, {"type": "Feature", "geometry": {"type": "Point", "coordinates": [0.174514, 49.556077]}, "properties": {"stop_id": "FR:76447:ZE:1179086:ATOUMOD040", "stop_name": "Belle Étoile (C.F.A)", "route_ids": ["ATOUMOD040:Line:1003054:LOC"]}}, {"type": "Feature", "geometry": {"type": "Point", "coordinates": [0.174068, 49.549421]}, "properties": {"stop_id": "FR:76447:ZE:1171225:ATOUMOD040", "stop_name": "Belle Étoile", "route_ids": ["ATOUMOD040:Line:1003054:LOC"]}}, {"type": "Feature", "geometry": {"type": "Point", "coordinates": [0.189545, 49.54317]}, "properties": {"stop_id": "FR:76447:ZE:1104000:ATOUMOD040", "stop_name": "Gare", "route_ids": ["ATOUMOD040:Line:1003054:LOC"]}}, {"type": "Feature", "geometry": {"type": "Point", "coordinates": [0.998758, 49.459101]}, "properties": {"stop_id": "FR:76446:ZE:1104038:ATOUMOD040", "stop_name": "Le Bourg", "route_ids": ["ATOUMOD040:Line:1003063:LOC"]}}, {"type": "Feature", "geometry": {"type": "Point", "coordinates": [0.998827, 49.459145]}, "properties": {"stop_id": "FR:76446:ZE:1158662:ATOUMOD040", "stop_name": "Le Bourg", "route_ids": ["ATOUMOD040:Line:1003063:LOC"]}}, {"type": "Feature", "geometry": {"type": "Point", "coordinates": [0.170736, 49.542731]}, "properties": {"stop_id": "FR:76447:ZE:1171508:ATOUMOD040", "stop_name": "Centre Équestre", "route_ids": ["ATOUMOD040:Line:1003054:LOC"]}}, {"type": "Feature", "geometry": {"type": "Point", "coordinates": [1.587794, 49.954048]}, "properties": {"stop_id": "FR:76441:ZE:1104048:ATOUMOD040", "stop_name": "École", "route_ids": ["ATOUMOD040:Line:1003075:LOC"]}}, {"type": "Feature", "geometry": {"type": "Point", "coordinates": [1.587852, 49.954056]}, "properties": {"stop_id": "FR:76441:ZE:1171191:ATOUMOD040", "stop_name": "École", "route_ids": ["ATOUMOD040:Line:1003075:LOC"]}}, {"type": "Feature", "geometry": {"type": "Point", "coordinates": [1.594273, 49.948203]}, "properties": {"stop_id": "FR:76441:ZE:1104050:ATOUMOD040", "stop_name": "Salle des Fetes", "route_ids": ["ATOUMOD040:Line:1003075:LOC"]}}, {"type": "Feature", "geometry": {"type": "Point", "coordinates": [1.594237, 49.948177]}, "properties": {"stop_id": "FR:76441:ZE:1171200:ATOUMOD040", "stop_name": "Salle des Fetes", "route_ids": ["ATOUMOD040:Line:1003075:LOC"]}}, {"type": "Feature", "geometry": {"type": "Point", "coordinates": [1.227278, 49.841465]}, "properties": {"stop_id": "FR:76437:ZE:1104084:ATOUMOD040", "stop_name": "Centre", "route_ids": ["ATOUMOD040:Line:1006919:LOC"]}}, {"type": "Feature", "geometry": {"type": "Point", "coordinates": [1.227574, 49.841276]}, "properties": {"stop_id": "FR:76437:ZE:1171130:ATOUMOD040", "stop_name": "Centre", "route_ids": ["ATOUMOD040:Line:1006919:LOC"]}}, {"type": "Feature", "geometry": {"type": "Point", "coordinates": [0.85873, 49.412067]}, "properties": {"stop_id": "FR:76436:ZE:1104102:ATOUMOD040", "stop_name": "Place Joseph Lefebvre", "route_ids": ["ATOUMOD040:Line:1003061:LOC"]}}, {"type": "Feature", "geometry": {"type": "Point", "coordinates": [0.859206, 49.411989]}, "properties": {"stop_id": "FR:76436:ZE:1171108:ATOUMOD040", "stop_name": "Place Joseph Lefebvre", "route_ids": ["ATOUMOD040:Line:1003061:LOC"]}}, {"type": "Feature", "geometry": {"type": "Point", "coordinates": [1.273644, 49.392586]}, "properties": {"stop_id": "FR:76434:ZE:1104120:ATOUMOD040", "stop_name": "Mairie / École", "route_ids": ["ATOUMOD040:Line:1003065:LOC"]}}, {"type": "Feature", "geometry": {"type": "Point", "coordinates": [1.274881, 49.387329]}, "properties": {"stop_id": "FR:76434:ZE:1104122:ATOUMOD040", "stop_name": "Rue du Mesnil", "route_ids": ["ATOUMOD040:Line:1003065:LOC"]}}, {"type": "Feature", "geometry": {"type": "Point", "coordinates": [1.262184, 49.39241]}, "properties": {"stop_id": "FR:76434:ZE:1104124:ATOUMOD040", "stop_name": "Rue de la Lande", "route_ids": ["ATOUMOD040:Line:1003065:LOC"]}}, {"type": "Feature", "geometry": {"type": "Point", "coordinates": [1.380256, 49.762801]}, "properties": {"stop_id": "FR:76427:ZE:1104130:ATOUMOD040", "stop_name": "Institution Saint-Joseph", "route_ids": ["ATOUMOD040:Line:1006919:LOC"]}}, {"type": "Feature", "geometry": {"type": "Point", "coordinates": [1.379947, 49.765139]}, "properties": {"stop_id": "FR:76427:ZE:1104132:ATOUMOD040", "stop_name": "Mairie / École", "route_ids": ["ATOUMOD040:Line:1006919:LOC"]}}, {"type": "Feature", "geometry": {"type": "Point", "coordinates": [1.380329, 49.765056]}, "properties": {"stop_id": "FR:76427:ZE:1171811:ATOUMOD040", "stop_name": "Mairie / École", "route_ids": ["ATOUMOD040:Line:1006919:LOC"]}}, {"type": "Feature", "geometry": {"type": "Point", "coordinates": [1.492491, 49.772412]}, "properties": {"stop_id": "FR:76424:ZE:1104180:ATOUMOD040", "stop_name": "Mairie", "route_ids": ["ATOUMOD040:Line:1003075:LOC"]}}, {"type": "Feature", "geometry": {"type": "Point", "coordinates": [0.718827, 49.555834]}, "properties": {"stop_id": "FR:76418:ZE:1104234:ATOUMOD040", "stop_name": "Centre Bourg", "route_ids": ["ATOUMOD040:Line:1003048:LOC"]}}, {"type": "Feature", "geometry": {"type": "Point", "coordinates": [1.029767, 49.897927]}, "properties": {"stop_id": "FR:76349:ZE:1104250:ATOUMOD040", "stop_name": "Monument aux Morts", "route_ids": ["ATOUMOD040:Line:1003067:LOC"]}}, {"type": "Feature", "geometry": {"type": "Point", "coordinates": [1.029764, 49.897985]}, "properties": {"stop_id": "FR:76349:ZE:1170024:ATOUMOD040", "stop_name": "Monument aux Morts", "route_ids": ["ATOUMOD040:Line:1003067:LOC"]}}, {"type": "Feature", "geometry": {"type": "Point", "coordinates": [0.198804, 49.507118]}, "properties": {"stop_id": "FR:76341:ZE:1104284:ATOUMOD040", "stop_name": "Saint-Martin", "route_ids": ["ATOUMOD040:Line:1003051:LOC", "ATOUMOD040:Line:1003054:LOC", "ATOUMOD040:Line:1003055:LOC"]}}, {"type": "Feature", "geometry": {"type": "Point", "coordinates": [1.301926, 49.967417]}, "properties": {"stop_id": "FR:76618:ZE:1104294:ATOUMOD040", "stop_name": "GUILMÉCOURT - Église", "route_ids": ["ATOUMOD040:Line:1003069:LOC"]}}, {"type": "Feature", "geometry": {"type": "Point", "coordinates": [1.301775, 49.967502]}, "properties": {"stop_id": "FR:76618:ZE:1172469:ATOUMOD040", "stop_name": "GUILMÉCOURT - Église", "route_ids": ["ATOUMOD040:Line:1003069:LOC"]}}, {"type": "Feature", "geometry": {"type": "Point", "coordinates": [0.963138, 49.842829]}, "properties": {"stop_id": "FR:76334:ZE:1104330:ATOUMOD040", "stop_name": "Mairie", "route_ids": ["ATOUMOD040:Line:1003047:LOC"]}}, {"type": "Feature", "geometry": {"type": "Point", "coordinates": [0.963088, 49.842809]}, "properties": {"stop_id": "FR:76334:ZE:1169955:ATOUMOD040", "stop_name": "Mairie", "route_ids": ["ATOUMOD040:Line:1003047:LOC"]}}, {"type": "Feature", "geometry": {"type": "Point", "coordinates": [0.485777, 49.555183]}, "properties": {"stop_id": "FR:76329:ZE:1104338:ATOUMOD040", "stop_name": "Mairie", "route_ids": ["ATOUMOD040:Line:1003051:LOC"]}}, {"type": "Feature", "geometry": {"type": "Point", "coordinates": [1.110936, 49.621267]}, "properties": {"stop_id": "FR:76331:ZE:1104346:ATOUMOD040", "stop_name": "Centre", "route_ids": ["ATOUMOD040:Line:1003059:LOC"]}}, {"type": "Feature", "geometry": {"type": "Point", "coordinates": [1.11093, 49.621304]}, "properties": {"stop_id": "FR:76331:ZE:1171634:ATOUMOD040", "stop_name": "Centre", "route_ids": ["ATOUMOD040:Line:1003059:LOC"]}}, {"type": "Feature", "geometry": {"type": "Point", "coordinates": [1.305359, 49.946596]}, "properties": {"stop_id": "FR:76618:ZE:1104352:ATOUMOD040", "stop_name": "GRENY - Mairie / École", "route_ids": ["ATOUMOD040:Line:1003069:LOC"]}}, {"type": "Feature", "geometry": {"type": "Point", "coordinates": [1.190811, 49.654417]}, "properties": {"stop_id": "FR:76328:ZE:1104366:ATOUMOD040", "stop_name": "Mairie / École", "route_ids": ["ATOUMOD040:Line:1003078:LOC"]}}, {"type": "Feature", "geometry": {"type": "Point", "coordinates": [1.142645, 49.931334]}, "properties": {"stop_id": "FR:76324:ZE:1104374:ATOUMOD040", "stop_name": "Carrefour (D100 x D925)", "route_ids": ["ATOUMOD040:Line:1003069:LOC", "ATOUMOD040:Line:1003072:LOC"]}}, {"type": "Feature", "geometry": {"type": "Point", "coordinates": [1.141043, 49.931148]}, "properties": {"stop_id": "FR:76618:ZE:1171590:ATOUMOD040", "stop_name": "Carrefour (D100 x D925)", "route_ids": ["ATOUMOD040:Line:1003072:LOC"]}}, {"type": "Feature", "geometry": {"type": "Point", "coordinates": [0.827476, 49.669677]}, "properties": {"stop_id": "FR:76325:ZE:1104382:ATOUMOD040", "stop_name": "Centre (D20)", "route_ids": ["ATOUMOD040:Line:1006899:LOC"]}}, {"type": "Feature", "geometry": {"type": "Point", "coordinates": [0.827538, 49.669673]}, "properties": {"stop_id": "FR:76325:ZE:1171593:ATOUMOD040", "stop_name": "Centre (D20)", "route_ids": ["ATOUMOD040:Line:1006899:LOC"]}}, {"type": "Feature", "geometry": {"type": "Point", "coordinates": [1.222178, 49.775547]}, "properties": {"stop_id": "FR:76321:ZE:1104390:ATOUMOD040", "stop_name": "Grande Rue", "route_ids": ["ATOUMOD040:Line:1003068:LOC"]}}, {"type": "Feature", "geometry": {"type": "Point", "coordinates": [1.222353, 49.775576]}, "properties": {"stop_id": "FR:76321:ZE:1171803:ATOUMOD040", "stop_name": "Grande Rue", "route_ids": ["ATOUMOD040:Line:1003068:LOC"]}}, {"type": "Feature", "geometry": {"type": "Point", "coordinates": [1.20347, 49.797506]}, "properties": {"stop_id": "FR:76321:ZE:1104394:ATOUMOD040", "stop_name": "La Boisette", "route_ids": ["ATOUMOD040:Line:1003068:LOC"]}}, {"type": "Feature", "geometry": {"type": "Point", "coordinates": [1.204936, 49.796702]}, "properties": {"stop_id": "FR:76321:ZE:1171810:ATOUMOD040", "stop_name": "La Boisette", "route_ids": ["ATOUMOD040:Line:1003068:LOC"]}}, {"type": "Feature", "geometry": {"type": "Point", "coordinates": [1.227969, 49.785746]}, "properties": {"stop_id": "FR:76321:ZE:1104396:ATOUMOD040", "stop_name": "Mairie / Église", "route_ids": ["ATOUMOD040:Line:1003068:LOC"]}}, {"type": "Feature", "geometry": {"type": "Point", "coordinates": [1.228193, 49.785536]}, "properties": {"stop_id": "FR:76321:ZE:1171820:ATOUMOD040", "stop_name": "Mairie / Église", "route_ids": ["ATOUMOD040:Line:1003068:LOC"]}}, {"type": "Feature", "geometry": {"type": "Point", "coordinates": [1.280719, 49.410063]}, "properties": {"stop_id": "FR:76285:ZE:1104410:ATOUMOD040", "stop_name": "Mesnil Fouque", "route_ids": ["ATOUMOD040:Line:1003065:LOC"]}}, {"type": "Feature", "geometry": {"type": "Point", "coordinates": [1.08144, 49.658596]}, "properties": {"stop_id": "FR:76602:ZE:1104430:ATOUMOD040", "stop_name": "Bout de Fresnay", "route_ids": ["ATOUMOD040:Line:1003078:LOC"]}}, {"type": "Feature", "geometry": {"type": "Point", "coordinates": [1.081355, 49.658464]}, "properties": {"stop_id": "FR:76284:ZE:1171433:ATOUMOD040", "stop_name": "Bout de Fresnay", "route_ids": ["ATOUMOD040:Line:1003078:LOC"]}}, {"type": "Feature", "geometry": {"type": "Point", "coordinates": [1.110384, 49.644948]}, "properties": {"stop_id": "FR:76284:ZE:1104432:ATOUMOD040", "stop_name": "Ferme Avenel", "route_ids": ["ATOUMOD040:Line:1003078:LOC"]}}, {"type": "Feature", "geometry": {"type": "Point", "coordinates": [1.110504, 49.644803]}, "properties": {"stop_id": "FR:76284:ZE:1171435:ATOUMOD040", "stop_name": "Ferme Avenel", "route_ids": ["ATOUMOD040:Line:1003078:LOC"]}}, {"type": "Feature", "geometry": {"type": "Point", "coordinates": [1.103274, 49.647753]}, "properties": {"stop_id": "FR:76284:ZE:1171432:ATOUMOD040", "stop_name": "Abri (D25)", "route_ids": ["ATOUMOD040:Line:1003078:LOC"]}}, {"type": "Feature", "geometry": {"type": "Point", "coordinates": [1.093341, 49.650321]}, "properties": {"stop_id": "FR:76284:ZE:1104436:ATOUMOD040", "stop_name": "Centre", "route_ids": ["ATOUMOD040:Line:1003078:LOC"]}}, {"type": "Feature", "geometry": {"type": "Point", "coordinates": [1.093926, 49.649857]}, "properties": {"stop_id": "FR:76284:ZE:1171434:ATOUMOD040", "stop_name": "Centre", "route_ids": ["ATOUMOD040:Line:1003078:LOC"]}}, {"type": "Feature", "geometry": {"type": "Point", "coordinates": [1.293387, 49.410785]}, "properties": {"stop_id": "FR:76285:ZE:1104438:ATOUMOD040", "stop_name": "Centre", "route_ids": ["ATOUMOD040:Line:1003065:LOC"]}}, {"type": "Feature", "geometry": {"type": "Point", "coordinates": [0.569207, 49.526678]}, "properties": {"stop_id": "FR:76281:ZE:1104444:ATOUMOD040", "stop_name": "Mairie", "route_ids": ["ATOUMOD040:Line:1003051:LOC"]}}, {"type": "Feature", "geometry": {"type": "Point", "coordinates": [1.568783, 49.848262]}, "properties": {"stop_id": "FR:76278:ZE:1104476:ATOUMOD040", "stop_name": "Place des Cateliers (École)", "route_ids": ["ATOUMOD040:Line:1003075:LOC"]}}, {"type": "Feature", "geometry": {"type": "Point", "coordinates": [1.039992, 49.507072]}, "properties": {"stop_id": "FR:76366:ZE:1104486:ATOUMOD040", "stop_name": "Mairie", "route_ids": ["ATOUMOD040:Line:1003057:LOC", "ATOUMOD040:Line:1003059:LOC"]}}, {"type": "Feature", "geometry": {"type": "Point", "coordinates": [1.039904, 49.507044]}, "properties": {"stop_id": "FR:76366:ZE:1169392:ATOUMOD040", "stop_name": "Mairie", "route_ids": ["ATOUMOD040:Line:1003057:LOC", "ATOUMOD040:Line:1003059:LOC"]}}, {"type": "Feature", "geometry": {"type": "Point", "coordinates": [1.069474, 49.726833]}, "properties": {"stop_id": "FR:76034:ZE:1104496:ATOUMOD040", "stop_name": "Château de Brennetuit", "route_ids": ["ATOUMOD040:Line:1003078:LOC"]}}, {"type": "Feature", "geometry": {"type": "Point", "coordinates": [1.093509, 49.725837]}, "properties": {"stop_id": "FR:76360:ZE:1104498:ATOUMOD040", "stop_name": "Scierie", "route_ids": ["ATOUMOD040:Line:1003078:LOC"]}}, {"type": "Feature", "geometry": {"type": "Point", "coordinates": [1.093615, 49.725913]}, "properties": {"stop_id": "FR:76360:ZE:1170301:ATOUMOD040", "stop_name": "Scierie", "route_ids": ["ATOUMOD040:Line:1003078:LOC"]}}, {"type": "Feature", "geometry": {"type": "Point", "coordinates": [0.162235, 49.620292]}, "properties": {"stop_id": "FR:76361:ZE:1104500:ATOUMOD040", "stop_name": "Les Cinq Balles", "route_ids": ["ATOUMOD040:Line:1003055:LOC"]}}, {"type": "Feature", "geometry": {"type": "Point", "coordinates": [0.156614, 49.615879]}, "properties": {"stop_id": "FR:76361:ZE:1104502:ATOUMOD040", "stop_name": "Saint-Hubert", "route_ids": ["ATOUMOD040:Line:1003055:LOC"]}}, {"type": "Feature", "geometry": {"type": "Point", "coordinates": [0.156602, 49.615359]}, "properties": {"stop_id": "FR:76361:ZE:1158237:ATOUMOD040", "stop_name": "Saint-Hubert", "route_ids": ["ATOUMOD040:Line:1003055:LOC"]}}, {"type": "Feature", "geometry": {"type": "Point", "coordinates": [1.090963, 49.742203]}, "properties": {"stop_id": "FR:76360:ZE:1104516:ATOUMOD040", "stop_name": "Le Mont Johé", "route_ids": ["ATOUMOD040:Line:1003078:LOC"]}}, {"type": "Feature", "geometry": {"type": "Point", "coordinates": [1.090999, 49.742147]}, "properties": {"stop_id": "FR:76360:ZE:1170299:ATOUMOD040", "stop_name": "Le Mont Johé", "route_ids": ["ATOUMOD040:Line:1003078:LOC"]}}, {"type": "Feature", "geometry": {"type": "Point", "coordinates": [0.98692, 49.817238]}, "properties": {"stop_id": "FR:76356:ZE:1104526:ATOUMOD040", "stop_name": "Mairie / École", "route_ids": ["ATOUMOD040:Line:1003079:LOC"]}}, {"type": "Feature", "geometry": {"type": "Point", "coordinates": [0.262906, 49.597305]}, "properties": {"stop_id": "FR:76357:ZE:1104528:ATOUMOD040", "stop_name": "Mairie", "route_ids": ["ATOUMOD040:Line:1003054:LOC"]}}, {"type": "Feature", "geometry": {"type": "Point", "coordinates": [0.266626, 49.59526]}, "properties": {"stop_id": "FR:76357:ZE:1104530:ATOUMOD040", "stop_name": "Le Petit Cap", "route_ids": ["ATOUMOD040:Line:1003054:LOC"]}}, {"type": "Feature", "geometry": {"type": "Point", "coordinates": [0.266763, 49.595214]}, "properties": {"stop_id": "FR:76357:ZE:1170098:ATOUMOD040", "stop_name": "Le Petit Cap", "route_ids": ["ATOUMOD040:Line:1003054:LOC"]}}, {"type": "Feature", "geometry": {"type": "Point", "coordinates": [1.442406, 49.466131]}, "properties": {"stop_id": "FR:76352:ZE:1104538:ATOUMOD040", "stop_name": "Centre", "route_ids": ["ATOUMOD040:Line:1003076:LOC"]}}, {"type": "Feature", "geometry": {"type": "Point", "coordinates": [0.925237, 49.484108]}, "properties": {"stop_id": "FR:76354:ZE:1104544:ATOUMOD040", "stop_name": "Bois de la Fontaine", "route_ids": ["ATOUMOD040:Line:1003061:LOC"]}}, {"type": "Feature", "geometry": {"type": "Point", "coordinates": [0.925173, 49.484052]}, "properties": {"stop_id": "FR:76354:ZE:1170057:ATOUMOD040", "stop_name": "Bois de la Fontaine", "route_ids": ["ATOUMOD040:Line:1003061:LOC"]}}, {"type": "Feature", "geometry": {"type": "Point", "coordinates": [0.956475, 49.461194]}, "properties": {"stop_id": "FR:76354:ZE:1104546:ATOUMOD040", "stop_name": "Le Mesnil", "route_ids": ["ATOUMOD040:Line:1003061:LOC"]}}, {"type": "Feature", "geometry": {"type": "Point", "coordinates": [0.957197, 49.460373]}, "properties": {"stop_id": "FR:76354:ZE:1170055:ATOUMOD040", "stop_name": "Le Mesnil", "route_ids": ["ATOUMOD040:Line:1003061:LOC"]}}, {"type": "Feature", "geometry": {"type": "Point", "coordinates": [0.952963, 49.466133]}, "properties": {"stop_id": "FR:76354:ZE:1104548:ATOUMOD040", "stop_name": "Chaussée Saint-Jean", "route_ids": ["ATOUMOD040:Line:1003061:LOC"]}}, {"type": "Feature", "geometry": {"type": "Point", "coordinates": [0.953507, 49.46556]}, "properties": {"stop_id": "FR:76354:ZE:1170054:ATOUMOD040", "stop_name": "Chaussée Saint-Jean", "route_ids": ["ATOUMOD040:Line:1003061:LOC"]}}, {"type": "Feature", "geometry": {"type": "Point", "coordinates": [1.149576, 49.921301]}, "properties": {"stop_id": "FR:76324:ZE:1104558:ATOUMOD040", "stop_name": "Mairie", "route_ids": ["ATOUMOD040:Line:1003072:LOC"]}}, {"type": "Feature", "geometry": {"type": "Point", "coordinates": [1.302194, 49.475867]}, "properties": {"stop_id": "FR:76316:ZE:1104572:ATOUMOD040", "stop_name": "Place de la Mairie", "route_ids": ["ATOUMOD040:Line:1003076:LOC"]}}, {"type": "Feature", "geometry": {"type": "Point", "coordinates": [0.41581, 49.657403]}, "properties": {"stop_id": "FR:76317:ZE:1104576:ATOUMOD040", "stop_name": "Mairie / École", "route_ids": ["ATOUMOD040:Line:1003053:LOC"]}}, {"type": "Feature", "geometry": {"type": "Point", "coordinates": [0.406393, 49.655414]}, "properties": {"stop_id": "FR:76317:ZE:1104578:ATOUMOD040", "stop_name": "Gare", "route_ids": ["ATOUMOD040:Line:1003053:LOC"]}}, {"type": "Feature", "geometry": {"type": "Point", "coordinates": [0.402995, 49.653426]}, "properties": {"stop_id": "FR:76317:ZE:1104580:ATOUMOD040", "stop_name": "Route de la Gare", "route_ids": ["ATOUMOD040:Line:1003053:LOC"]}}, {"type": "Feature", "geometry": {"type": "Point", "coordinates": [0.412921, 49.650307]}, "properties": {"stop_id": "FR:76317:ZE:1104582:ATOUMOD040", "stop_name": "Fonds de Grainville", "route_ids": ["ATOUMOD040:Line:1003053:LOC"]}}, {"type": "Feature", "geometry": {"type": "Point", "coordinates": [1.715847, 49.483939]}, "properties": {"stop_id": "FR:76312:ZE:1104634:ATOUMOD040", "stop_name": "Ancienne Piscine", "route_ids": ["ATOUMOD040:Line:1003076:LOC"]}}, {"type": "Feature", "geometry": {"type": "Point", "coordinates": [1.725557, 49.473691]}, "properties": {"stop_id": "FR:76312:ZE:1104638:ATOUMOD040", "stop_name": "Saint-Crespin", "route_ids": ["ATOUMOD040:Line:1006919:LOC"]}}, {"type": "Feature", "geometry": {"type": "Point", "coordinates": [1.725413, 49.473676]}, "properties": {"stop_id": "FR:76312:ZE:1171700:ATOUMOD040", "stop_name": "Saint-Crespin", "route_ids": ["ATOUMOD040:Line:1006919:LOC"]}}, {"type": "Feature", "geometry": {"type": "Point", "coordinates": [0.209683, 49.63677]}, "properties": {"stop_id": "FR:76307:ZE:1104656:ATOUMOD040", "stop_name": "La Gonnevillaise", "route_ids": ["ATOUMOD040:Line:1003055:LOC"]}}, {"type": "Feature", "geometry": {"type": "Point", "coordinates": [0.221519, 49.639402]}, "properties": {"stop_id": "FR:76307:ZE:1104658:ATOUMOD040", "stop_name": "Place Capitaine Gosselin", "route_ids": ["ATOUMOD040:Line:1003054:LOC", "ATOUMOD040:Line:1003055:LOC"]}}, {"type": "Feature", "geometry": {"type": "Point", "coordinates": [1.072455, 49.755843]}, "properties": {"stop_id": "FR:76308:ZE:1104666:ATOUMOD040", "stop_name": "École Maternelle", "route_ids": ["ATOUMOD040:Line:1003078:LOC"]}}, {"type": "Feature", "geometry": {"type": "Point", "coordinates": [1.30223, 49.929475]}, "properties": {"stop_id": "FR:76618:ZE:1104678:ATOUMOD040", "stop_name": "GOUCHAUPRE - Centre", "route_ids": ["ATOUMOD040:Line:1003069:LOC"]}}, {"type": "Feature", "geometry": {"type": "Point", "coordinates": [1.301919, 49.929663]}, "properties": {"stop_id": "FR:76618:ZE:1172462:ATOUMOD040", "stop_name": "GOUCHAUPRE - Centre", "route_ids": ["ATOUMOD040:Line:1003069:LOC"]}}, {"type": "Feature", "geometry": {"type": "Point", "coordinates": [0.436407, 49.651405]}, "properties": {"stop_id": "FR:76304:ZE:1104696:ATOUMOD040", "stop_name": "Mairie / École", "route_ids": ["ATOUMOD040:Line:1003053:LOC"]}}, {"type": "Feature", "geometry": {"type": "Point", "coordinates": [0.389691, 49.732466]}, "properties": {"stop_id": "FR:76298:ZE:1104704:ATOUMOD040", "stop_name": "La Roquette", "route_ids": ["ATOUMOD040:Line:1003053:LOC"]}}, {"type": "Feature", "geometry": {"type": "Point", "coordinates": [0.249519, 49.517575]}, "properties": {"stop_id": "FR:76296:ZE:1104716:ATOUMOD040", "stop_name": "Jonquilles", "route_ids": ["ATOUMOD040:Line:1003051:LOC"]}}, {"type": "Feature", "geometry": {"type": "Point", "coordinates": [0.25132, 49.517732]}, "properties": {"stop_id": "FR:76296:ZE:1171578:ATOUMOD040", "stop_name": "Jonquilles", "route_ids": ["ATOUMOD040:Line:1003051:LOC"]}}, {"type": "Feature", "geometry": {"type": "Point", "coordinates": [0.332586, 49.722674]}, "properties": {"stop_id": "FR:76291:ZE:1104752:ATOUMOD040", "stop_name": "Le Bourg", "route_ids": ["ATOUMOD040:Line:1003055:LOC"]}}, {"type": "Feature", "geometry": {"type": "Point", "coordinates": [0.831375, 49.567878]}, "properties": {"stop_id": "FR:76289:ZE:1104774:ATOUMOD040", "stop_name": "FRÉVILLE - Centre", "route_ids": ["ATOUMOD040:Line:1003057:LOC"]}}, {"type": "Feature", "geometry": {"type": "Point", "coordinates": [0.831494, 49.567844]}, "properties": {"stop_id": "FR:76289:ZE:1158142:ATOUMOD040", "stop_name": "FRÉVILLE - Centre", "route_ids": ["ATOUMOD040:Line:1003057:LOC"]}}, {"type": "Feature", "geometry": {"type": "Point", "coordinates": [1.293158, 49.931447]}, "properties": {"stop_id": "FR:76618:ZE:1104776:ATOUMOD040", "stop_name": "INTRAVILLE - Ecole Intravillette", "route_ids": ["ATOUMOD040:Line:1003069:LOC"]}}, {"type": "Feature", "geometry": {"type": "Point", "coordinates": [1.29323, 49.931381]}, "properties": {"stop_id": "FR:76618:ZE:1175391:ATOUMOD040", "stop_name": "INTRAVILLE - Ecole Intravillette", "route_ids": ["ATOUMOD040:Line:1003069:LOC"]}}, {"type": "Feature", "geometry": {"type": "Point", "coordinates": [0.109327, 49.493811]}, "properties": {"stop_id": "FR:76351:ZE:1104786:ATOUMOD040", "stop_name": "Hôtel de Ville", "route_ids": ["ATOUMOD040:Line:1003054:LOC", "ATOUMOD040:Line:1003055:LOC"]}}, {"type": "Feature", "geometry": {"type": "Point", "coordinates": [0.097591, 49.495579]}, "properties": {"stop_id": "FR:76351:ZE:1104788:ATOUMOD040", "stop_name": "Saint-Vincent", "route_ids": ["ATOUMOD040:Line:1003055:LOC"]}}, {"type": "Feature", "geometry": {"type": "Point", "coordinates": [0.125863, 49.492124]}, "properties": {"stop_id": "FR:76351:ZE:1104802:ATOUMOD040", "stop_name": "Gare Routiere", "route_ids": ["ATOUMOD040:Line:1003051:LOC", "ATOUMOD040:Line:1003054:LOC", "ATOUMOD040:Line:1003055:LOC"]}}, {"type": "Feature", "geometry": {"type": "Point", "coordinates": [0.125985, 49.491878]}, "properties": {"stop_id": "FR:76351:ZE:1178185:ATOUMOD040", "stop_name": "Gare Routiere", "route_ids": ["ATOUMOD040:Line:1004451:LOC", "ATOUMOD040:Line:1004459:LOC", "ATOUMOD040:Line:1004460:LOC"]}}, {"type": "Feature", "geometry": {"type": "Point", "coordinates": [0.126178, 49.491922]}, "properties": {"stop_id": "FR:76351:ZE:1178186:ATOUMOD040", "stop_name": "Gare Routiere", "route_ids": ["ATOUMOD040:Line:1004451:LOC", "ATOUMOD040:Line:1004459:LOC", "ATOUMOD040:Line:1004460:LOC"]}}, {"type": "Feature", "geometry": {"type": "Point", "coordinates": [0.125875, 49.49229]}, "properties": {"stop_id": "FR:76351:ZE:1178187:ATOUMOD040", "stop_name": "Gare Routiere", "route_ids": ["ATOUMOD040:Line:1003305:LOC"]}}, {"type": "Feature", "geometry": {"type": "Point", "coordinates": [0.16011, 49.50002]}, "properties": {"stop_id": "FR:76351:ZE:1104804:ATOUMOD040", "stop_name": "Graville Gare Sncf", "route_ids": ["ATOUMOD040:Line:1003054:LOC", "ATOUMOD040:Line:1003055:LOC"]}}, {"type": "Feature", "geometry": {"type": "Point", "coordinates": [0.159587, 49.520588]}, "properties": {"stop_id": "FR:76351:ZE:1104806:ATOUMOD040", "stop_name": "Rouelles", "route_ids": ["ATOUMOD040:Line:1003054:LOC"]}}, {"type": "Feature", "geometry": {"type": "Point", "coordinates": [0.088469, 49.522156]}, "properties": {"stop_id": "FR:76351:ZE:1104814:ATOUMOD040", "stop_name": "Youri Gagarine", "route_ids": ["ATOUMOD040:Line:1003055:LOC"]}}, {"type": "Feature", "geometry": {"type": "Point", "coordinates": [0.150369, 49.493131]}, "properties": {"stop_id": "FR:76351:ZE:1104816:ATOUMOD040", "stop_name": "Lycée Françoise de Grâce", "route_ids": ["ATOUMOD040:Line:1003055:LOC"]}}, {"type": "Feature", "geometry": {"type": "Point", "coordinates": [0.110268, 49.500897]}, "properties": {"stop_id": "FR:76351:ZE:1104818:ATOUMOD040", "stop_name": "Lycée Claude Monet - Institution Saint-Joseph", "route_ids": ["ATOUMOD040:Line:1003054:LOC"]}}, {"type": "Feature", "geometry": {"type": "Point", "coordinates": [0.089764, 49.501215]}, "properties": {"stop_id": "FR:76351:ZE:1104820:ATOUMOD040", "stop_name": "Jeanne d'Arc (Lycée)", "route_ids": ["ATOUMOD040:Line:1003055:LOC"]}}, {"type": "Feature", "geometry": {"type": "Point", "coordinates": [0.094581, 49.495602]}, "properties": {"stop_id": "FR:76351:ZE:1104822:ATOUMOD040", "stop_name": "Samuel de Champlain", "route_ids": ["ATOUMOD040:Line:1003055:LOC"]}}, {"type": "Feature", "geometry": {"type": "Point", "coordinates": [0.093827, 49.495902]}, "properties": {"stop_id": "FR:76351:ZE:1170316:ATOUMOD040", "stop_name": "Samuel de Champlain", "route_ids": ["ATOUMOD040:Line:1003055:LOC"]}}, {"type": "Feature", "geometry": {"type": "Point", "coordinates": [1.051532, 49.901834]}, "properties": {"stop_id": "FR:76349:ZE:1104846:ATOUMOD040", "stop_name": "Les Canadiens", "route_ids": ["ATOUMOD040:Line:1003067:LOC"]}}, {"type": "Feature", "geometry": {"type": "Point", "coordinates": [1.051371, 49.901902]}, "properties": {"stop_id": "FR:76349:ZE:1170029:ATOUMOD040", "stop_name": "Les Canadiens", "route_ids": ["ATOUMOD040:Line:1003067:LOC"]}}, {"type": "Feature", "geometry": {"type": "Point", "coordinates": [1.033013, 49.917638]}, "properties": {"stop_id": "FR:76349:ZE:1104852:ATOUMOD040", "stop_name": "Pourville Plage", "route_ids": ["ATOUMOD040:Line:1003067:LOC"]}}, {"type": "Feature", "geometry": {"type": "Point", "coordinates": [1.033052, 49.917598]}, "properties": {"stop_id": "FR:76349:ZE:1170030:ATOUMOD040", "stop_name": "Pourville Plage", "route_ids": ["ATOUMOD040:Line:1003067:LOC"]}}, {"type": "Feature", "geometry": {"type": "Point", "coordinates": [1.364381, 49.6936]}, "properties": {"stop_id": "FR:76244:ZE:1104870:ATOUMOD040", "stop_name": "Les Hayons", "route_ids": ["ATOUMOD040:Line:1003073:LOC"]}}, {"type": "Feature", "geometry": {"type": "Point", "coordinates": [1.36424, 49.69359]}, "properties": {"stop_id": "FR:76244:ZE:1158317:ATOUMOD040", "stop_name": "Les Hayons", "route_ids": ["ATOUMOD040:Line:1003073:LOC"]}}, {"type": "Feature", "geometry": {"type": "Point", "coordinates": [0.211935, 49.557421]}, "properties": {"stop_id": "FR:76447:ZE:1104874:ATOUMOD040", "stop_name": "Valadry", "route_ids": ["ATOUMOD040:Line:1003054:LOC"]}}, {"type": "Feature", "geometry": {"type": "Point", "coordinates": [0.222629, 49.562903]}, "properties": {"stop_id": "FR:76238:ZE:1104876:ATOUMOD040", "stop_name": "Centre", "route_ids": ["ATOUMOD040:Line:1003054:LOC"]}}, {"type": "Feature", "geometry": {"type": "Point", "coordinates": [0.300621, 49.52037]}, "properties": {"stop_id": "FR:76563:ZE:1104890:ATOUMOD040", "stop_name": "Route Nationale 15", "route_ids": ["ATOUMOD040:Line:1003051:LOC"]}}, {"type": "Feature", "geometry": {"type": "Point", "coordinates": [0.959175, 49.622138]}, "properties": {"stop_id": "FR:76234:ZE:1104932:ATOUMOD040", "stop_name": "Centre", "route_ids": ["ATOUMOD040:Line:1003057:LOC"]}}, {"type": "Feature", "geometry": {"type": "Point", "coordinates": [0.959545, 49.621825]}, "properties": {"stop_id": "FR:76234:ZE:1158114:ATOUMOD040", "stop_name": "Centre", "route_ids": ["ATOUMOD040:Line:1003057:LOC"]}}, {"type": "Feature", "geometry": {"type": "Point", "coordinates": [1.273754, 49.89178]}, "properties": {"stop_id": "FR:76235:ZE:1104934:ATOUMOD040", "stop_name": "Lycée du Bois", "route_ids": ["ATOUMOD040:Line:1003069:LOC", "ATOUMOD040:Line:1003071:LOC"]}}, {"type": "Feature", "geometry": {"type": "Point", "coordinates": [1.279743, 49.889398]}, "properties": {"stop_id": "FR:76235:ZE:1104936:ATOUMOD040", "stop_name": "Auberville", "route_ids": ["ATOUMOD040:Line:1003069:LOC"]}}, {"type": "Feature", "geometry": {"type": "Point", "coordinates": [1.257807, 49.89755]}, "properties": {"stop_id": "FR:76235:ZE:1104942:ATOUMOD040", "stop_name": "Torqueville (Rue des Canadiens)", "route_ids": ["ATOUMOD040:Line:1003069:LOC"]}}, {"type": "Feature", "geometry": {"type": "Point", "coordinates": [1.257684, 49.897518]}, "properties": {"stop_id": "FR:76235:ZE:1169895:ATOUMOD040", "stop_name": "Torqueville (Rue des Canadiens)", "route_ids": ["ATOUMOD040:Line:1003069:LOC"]}}, {"type": "Feature", "geometry": {"type": "Point", "coordinates": [1.263138, 49.910266]}, "properties": {"stop_id": "FR:76235:ZE:1104948:ATOUMOD040", "stop_name": "Rue du Bucq", "route_ids": ["ATOUMOD040:Line:1003069:LOC"]}}, {"type": "Feature", "geometry": {"type": "Point", "coordinates": [0.453549, 49.787659]}, "properties": {"stop_id": "FR:76232:ZE:1104980:ATOUMOD040", "stop_name": "Le Marquais", "route_ids": ["ATOUMOD040:Line:1003066:LOC", "ATOUMOD040:Line:1003085:LOC"]}}, {"type": "Feature", "geometry": {"type": "Point", "coordinates": [1.397372, 49.470721]}, "properties": {"stop_id": "FR:76230:ZE:1104990:ATOUMOD040", "stop_name": "Ancienne École", "route_ids": ["ATOUMOD040:Line:1003076:LOC"]}}, {"type": "Feature", "geometry": {"type": "Point", "coordinates": [0.479659, 49.796742]}, "properties": {"stop_id": "FR:76226:ZE:1105000:ATOUMOD040", "stop_name": "Le Bas", "route_ids": ["ATOUMOD040:Line:1003066:LOC", "ATOUMOD040:Line:1003085:LOC"]}}, {"type": "Feature", "geometry": {"type": "Point", "coordinates": [0.325212, 49.649732]}, "properties": {"stop_id": "FR:76224:ZE:1105028:ATOUMOD040", "stop_name": "Le Bourg", "route_ids": ["ATOUMOD040:Line:1003054:LOC", "ATOUMOD040:Line:1003055:LOC"]}}, {"type": "Feature", "geometry": {"type": "Point", "coordinates": [0.325379, 49.649673]}, "properties": {"stop_id": "FR:76224:ZE:1172609:ATOUMOD040", "stop_name": "Le Bourg", "route_ids": ["ATOUMOD040:Line:1003054:LOC", "ATOUMOD040:Line:1003055:LOC"]}}, {"type": "Feature", "geometry": {"type": "Point", "coordinates": [0.873493, 49.483184]}, "properties": {"stop_id": "FR:76222:ZE:1105032:ATOUMOD040", "stop_name": "Église Saint-Denis", "route_ids": ["ATOUMOD040:Line:1003058:LOC", "ATOUMOD040:Line:1003061:LOC"]}}, {"type": "Feature", "geometry": {"type": "Point", "coordinates": [0.857831, 49.469245]}, "properties": {"stop_id": "FR:76222:ZE:1105036:ATOUMOD040", "stop_name": "Saint-Paul", "route_ids": ["ATOUMOD040:Line:1003058:LOC", "ATOUMOD040:Line:1003061:LOC"]}}, {"type": "Feature", "geometry": {"type": "Point", "coordinates": [0.8584, 49.469935]}, "properties": {"stop_id": "FR:76222:ZE:1158167:ATOUMOD040", "stop_name": "Saint-Paul", "route_ids": ["ATOUMOD040:Line:1003061:LOC"]}}, {"type": "Feature", "geometry": {"type": "Point", "coordinates": [0.872167, 49.479761]}, "properties": {"stop_id": "FR:76222:ZE:1105052:ATOUMOD040", "stop_name": "Centre", "route_ids": ["ATOUMOD040:Line:1003061:LOC"]}}, {"type": "Feature", "geometry": {"type": "Point", "coordinates": [0.872658, 49.480039]}, "properties": {"stop_id": "FR:76222:ZE:1158037:ATOUMOD040", "stop_name": "Centre", "route_ids": ["ATOUMOD040:Line:1003061:LOC"]}}, {"type": "Feature", "geometry": {"type": "Point", "coordinates": [0.785749, 49.719684]}, "properties": {"stop_id": "FR:76219:ZE:1105076:ATOUMOD040", "stop_name": "Centre (Rue Pierre Lamotte)", "route_ids": ["ATOUMOD040:Line:1006899:LOC"]}}, {"type": "Feature", "geometry": {"type": "Point", "coordinates": [0.785963, 49.719607]}, "properties": {"stop_id": "FR:76219:ZE:1178434:ATOUMOD040", "stop_name": "Centre (Rue Pierre Lamotte)", "route_ids": ["ATOUMOD040:Line:1006899:LOC"]}}, {"type": "Feature", "geometry": {"type": "Point", "coordinates": [0.775082, 49.737296]}, "properties": {"stop_id": "FR:76219:ZE:1105082:ATOUMOD040", "stop_name": "Vautuit", "route_ids": ["ATOUMOD040:Line:1006899:LOC"]}}, {"type": "Feature", "geometry": {"type": "Point", "coordinates": [0.775455, 49.736825]}, "properties": {"stop_id": "FR:76219:ZE:1158192:ATOUMOD040", "stop_name": "Vautuit", "route_ids": ["ATOUMOD040:Line:1006899:LOC"]}}, {"type": "Feature", "geometry": {"type": "Point", "coordinates": [1.321943, 49.870869]}, "properties": {"stop_id": "FR:76220:ZE:1105084:ATOUMOD040", "stop_name": "Centre", "route_ids": ["ATOUMOD040:Line:1003069:LOC"]}}, {"type": "Feature", "geometry": {"type": "Point", "coordinates": [1.119062, 49.937445]}, "properties": {"stop_id": "FR:76217:ZE:1105114:ATOUMOD040", "stop_name": "Puys Centre", "route_ids": ["ATOUMOD040:Line:1003070:LOC"]}}, {"type": "Feature", "geometry": {"type": "Point", "coordinates": [1.119075, 49.937407]}, "properties": {"stop_id": "FR:76217:ZE:1170587:ATOUMOD040", "stop_name": "Puys Centre", "route_ids": ["ATOUMOD040:Line:1003070:LOC"]}}, {"type": "Feature", "geometry": {"type": "Point", "coordinates": [1.108052, 49.935254]}, "properties": {"stop_id": "FR:76217:ZE:1105116:ATOUMOD040", "stop_name": "Au Vieux Puits", "route_ids": ["ATOUMOD040:Line:1003070:LOC"]}}, {"type": "Feature", "geometry": {"type": "Point", "coordinates": [1.108315, 49.93522]}, "properties": {"stop_id": "FR:76217:ZE:1170565:ATOUMOD040", "stop_name": "Au Vieux Puits", "route_ids": ["ATOUMOD040:Line:1003070:LOC"]}}, {"type": "Feature", "geometry": {"type": "Point", "coordinates": [1.103893, 49.919315]}, "properties": {"stop_id": "FR:76217:ZE:1105118:ATOUMOD040", "stop_name": "College Alexandre Dumas (Neuville)", "route_ids": ["ATOUMOD040:Line:1003070:LOC"]}}, {"type": "Feature", "geometry": {"type": "Point", "coordinates": [1.082467, 49.926718]}, "properties": {"stop_id": "FR:76217:ZE:1105120:ATOUMOD040", "stop_name": "Foyer du Marin", "route_ids": ["ATOUMOD040:Line:1003070:LOC", "ATOUMOD040:Line:1003072:LOC"]}}, {"type": "Feature", "geometry": {"type": "Point", "coordinates": [1.082269, 49.92667]}, "properties": {"stop_id": "FR:76217:ZE:1170564:ATOUMOD040", "stop_name": "Foyer du Marin", "route_ids": ["ATOUMOD040:Line:1003070:LOC"]}}, {"type": "Feature", "geometry": {"type": "Point", "coordinates": [1.094864, 49.932011]}, "properties": {"stop_id": "FR:76217:ZE:1105124:ATOUMOD040", "stop_name": "Les Canadiens", "route_ids": ["ATOUMOD040:Line:1003071:LOC"]}}, {"type": "Feature", "geometry": {"type": "Point", "coordinates": [1.096717, 49.811642]}, "properties": {"stop_id": "FR:76214:ZE:1105128:ATOUMOD040", "stop_name": "Mairie / École", "route_ids": ["ATOUMOD040:Line:1003079:LOC"]}}, {"type": "Feature", "geometry": {"type": "Point", "coordinates": [1.096076, 49.811359]}, "properties": {"stop_id": "FR:76214:ZE:1170558:ATOUMOD040", "stop_name": "Mairie / École", "route_ids": ["ATOUMOD040:Line:1003079:LOC"]}}, {"type": "Feature", "geometry": {"type": "Point", "coordinates": [1.208575, 49.940232]}, "properties": {"stop_id": "FR:76618:ZE:1105134:ATOUMOD040", "stop_name": "DERCHIGNY - Chasse-Marée", "route_ids": ["ATOUMOD040:Line:1003070:LOC", "ATOUMOD040:Line:1003069:LOC"]}}, {"type": "Feature", "geometry": {"type": "Point", "coordinates": [1.208601, 49.940201]}, "properties": {"stop_id": "FR:76618:ZE:1172455:ATOUMOD040", "stop_name": "DERCHIGNY - Chasse-Marée", "route_ids": ["ATOUMOD040:Line:1003070:LOC"]}}, {"type": "Feature", "geometry": {"type": "Point", "coordinates": [1.189238, 49.938538]}, "properties": {"stop_id": "FR:76618:ZE:1105136:ATOUMOD040", "stop_name": "DERCHIGNY - Mairie", "route_ids": ["ATOUMOD040:Line:1003069:LOC"]}}, {"type": "Feature", "geometry": {"type": "Point", "coordinates": [1.189952, 49.938853]}, "properties": {"stop_id": "FR:76618:ZE:1172460:ATOUMOD040", "stop_name": "DERCHIGNY - Mairie", "route_ids": ["ATOUMOD040:Line:1003069:LOC"]}}, {"type": "Feature", "geometry": {"type": "Point", "coordinates": [1.188508, 49.940526]}, "properties": {"stop_id": "FR:76618:ZE:1105138:ATOUMOD040", "stop_name": "DERCHIGNY - Berneval-Graincourt", "route_ids": ["ATOUMOD040:Line:1003069:LOC", "ATOUMOD040:Line:1003070:LOC", "ATOUMOD040:Line:1003072:LOC"]}}, {"type": "Feature", "geometry": {"type": "Point", "coordinates": [1.188554, 49.94059]}, "properties": {"stop_id": "FR:76618:ZE:1172458:ATOUMOD040", "stop_name": "DERCHIGNY - Berneval-Graincourt", "route_ids": ["ATOUMOD040:Line:1003072:LOC", "ATOUMOD040:Line:1003069:LOC", "ATOUMOD040:Line:1003070:LOC"]}}, {"type": "Feature", "geometry": {"type": "Point", "coordinates": [1.042131, 49.474681]}, "properties": {"stop_id": "FR:76410:ZE:1105144:ATOUMOD040", "stop_name": "Clair Joie (Lycée Bernard Palissy)", "route_ids": ["ATOUMOD040:Line:1003057:LOC"]}}, {"type": "Feature", "geometry": {"type": "Point", "coordinates": [1.042326, 49.474734]}, "properties": {"stop_id": "FR:76410:ZE:1158668:ATOUMOD040", "stop_name": "Clair Joie (Lycée Bernard Palissy)", "route_ids": ["ATOUMOD040:Line:1003057:LOC"]}}, {"type": "Feature", "geometry": {"type": "Point", "coordinates": [1.067467, 49.905682]}, "properties": {"stop_id": "FR:76565:ZE:1105148:ATOUMOD040", "stop_name": "Lycée Pablo Neruda", "route_ids": ["ATOUMOD040:Line:1003047:LOC", "ATOUMOD040:Line:1003067:LOC", "ATOUMOD040:Line:1003068:LOC", "ATOUMOD040:Line:1003069:LOC", "ATOUMOD040:Line:1003070:LOC", "ATOUMOD040:Line:1003071:LOC", "ATOUMOD040:Line:1003078:LOC", "ATOUMOD040:Line:1003079:LOC"]}}, {"type": "Feature", "geometry": {"type": "Point", "coordinates": [1.204076, 49.859683]}, "properties": {"stop_id": "FR:76210:ZE:1105170:ATOUMOD040", "stop_name": "Centre", "route_ids": ["ATOUMOD040:Line:1006919:LOC"]}}, {"type": "Feature", "geometry": {"type": "Point", "coordinates": [1.204215, 49.85972]}, "properties": {"stop_id": "FR:76210:ZE:1170487:ATOUMOD040", "stop_name": "Centre", "route_ids": ["ATOUMOD040:Line:1006919:LOC"]}}, {"type": "Feature", "geometry": {"type": "Point", "coordinates": [1.145097, 49.440672]}, "properties": {"stop_id": "FR:76212:ZE:1105194:ATOUMOD040", "stop_name": "Mairie", "route_ids": ["ATOUMOD040:Line:1003050:LOC", "ATOUMOD040:Line:1003076:LOC"]}}, {"type": "Feature", "geometry": {"type": "Point", "coordinates": [1.144772, 49.440572]}, "properties": {"stop_id": "FR:76212:ZE:1167516:ATOUMOD040", "stop_name": "Mairie", "route_ids": ["ATOUMOD040:Line:1003050:LOC", "ATOUMOD040:Line:1003076:LOC"]}}, {"type": "Feature", "geometry": {"type": "Point", "coordinates": [1.090759, 49.821056]}, "properties": {"stop_id": "FR:76205:ZE:1105206:ATOUMOD040", "stop_name": "École", "route_ids": ["ATOUMOD040:Line:1003079:LOC"]}}, {"type": "Feature", "geometry": {"type": "Point", "coordinates": [1.090694, 49.821086]}, "properties": {"stop_id": "FR:76205:ZE:1170356:ATOUMOD040", "stop_name": "École", "route_ids": ["ATOUMOD040:Line:1003079:LOC"]}}, {"type": "Feature", "geometry": {"type": "Point", "coordinates": [0.258992, 49.664114]}, "properties": {"stop_id": "FR:76206:ZE:1105208:ATOUMOD040", "stop_name": "Marc Allegret", "route_ids": ["ATOUMOD040:Line:1003055:LOC"]}}, {"type": "Feature", "geometry": {"type": "Point", "coordinates": [0.260972, 49.661201]}, "properties": {"stop_id": "FR:76206:ZE:1105210:ATOUMOD040", "stop_name": "Fonds du Bois", "route_ids": ["ATOUMOD040:Line:1003055:LOC"]}}, {"type": "Feature", "geometry": {"type": "Point", "coordinates": [1.392858, 49.459077]}, "properties": {"stop_id": "FR:76201:ZE:1105226:ATOUMOD040", "stop_name": "Route de la Capelle", "route_ids": ["ATOUMOD040:Line:1003076:LOC"]}}, {"type": "Feature", "geometry": {"type": "Point", "coordinates": [1.157241, 49.73738]}, "properties": {"stop_id": "FR:76204:ZE:1105236:ATOUMOD040", "stop_name": "Fréval", "route_ids": ["ATOUMOD040:Line:1003068:LOC"]}}, {"type": "Feature", "geometry": {"type": "Point", "coordinates": [1.157242, 49.737341]}, "properties": {"stop_id": "FR:76204:ZE:1170352:ATOUMOD040", "stop_name": "Fréval", "route_ids": ["ATOUMOD040:Line:1003068:LOC"]}}, {"type": "Feature", "geometry": {"type": "Point", "coordinates": [1.145024, 49.739752]}, "properties": {"stop_id": "FR:76204:ZE:1105238:ATOUMOD040", "stop_name": "Mairie", "route_ids": ["ATOUMOD040:Line:1003068:LOC"]}}, {"type": "Feature", "geometry": {"type": "Point", "coordinates": [1.144964, 49.739701]}, "properties": {"stop_id": "FR:76204:ZE:1170353:ATOUMOD040", "stop_name": "Mairie", "route_ids": ["ATOUMOD040:Line:1003068:LOC"]}}, {"type": "Feature", "geometry": {"type": "Point", "coordinates": [1.251446, 49.611021]}, "properties": {"stop_id": "FR:76200:ZE:1105240:ATOUMOD040", "stop_name": "Église", "route_ids": ["ATOUMOD040:Line:1003073:LOC"]}}, {"type": "Feature", "geometry": {"type": "Point", "coordinates": [1.252286, 49.610446]}, "properties": {"stop_id": "FR:76200:ZE:1105242:ATOUMOD040", "stop_name": "École", "route_ids": ["ATOUMOD040:Line:1003073:LOC"]}}, {"type": "Feature", "geometry": {"type": "Point", "coordinates": [1.245209, 49.608045]}, "properties": {"stop_id": "FR:76200:ZE:1158297:ATOUMOD040", "stop_name": "Carrefour (D12 x D57)", "route_ids": ["ATOUMOD040:Line:1003073:LOC"]}}, {"type": "Feature", "geometry": {"type": "Point", "coordinates": [1.160705, 49.562064]}, "properties": {"stop_id": "FR:76271:ZE:1105252:ATOUMOD040", "stop_name": "Église", "route_ids": ["ATOUMOD040:Line:1003073:LOC"]}}, {"type": "Feature", "geometry": {"type": "Point", "coordinates": [1.156853, 49.560513]}, "properties": {"stop_id": "FR:76271:ZE:1180309:ATOUMOD040", "stop_name": "Église (Report rue des Abbés de Fécamp)", "route_ids": ["ATOUMOD040:Line:1003059:LOC", "ATOUMOD040:Line:1003073:LOC"]}}, {"type": "Feature", "geometry": {"type": "Point", "coordinates": [0.85036, 49.812819]}, "properties": {"stop_id": "FR:76272:ZE:1105254:ATOUMOD040", "stop_name": "Centre (Edouard Loisel)", "route_ids": ["ATOUMOD040:Line:1003047:LOC"]}}, {"type": "Feature", "geometry": {"type": "Point", "coordinates": [0.850425, 49.812882]}, "properties": {"stop_id": "FR:76272:ZE:1171120:ATOUMOD040", "stop_name": "Centre (Edouard Loisel)", "route_ids": ["ATOUMOD040:Line:1003047:LOC"]}}, {"type": "Feature", "geometry": {"type": "Point", "coordinates": [0.305728, 49.677872]}, "properties": {"stop_id": "FR:76268:ZE:1105268:ATOUMOD040", "stop_name": "Le Bourg", "route_ids": ["ATOUMOD040:Line:1003055:LOC"]}}, {"type": "Feature", "geometry": {"type": "Point", "coordinates": [0.313612, 49.685711]}, "properties": {"stop_id": "FR:76268:ZE:1105270:ATOUMOD040", "stop_name": "Mont Rôti", "route_ids": ["ATOUMOD040:Line:1003055:LOC"]}}, {"type": "Feature", "geometry": {"type": "Point", "coordinates": [0.146323, 49.536489]}, "properties": {"stop_id": "FR:76270:ZE:1105278:ATOUMOD040", "stop_name": "Place Saint-Valéry", "route_ids": ["ATOUMOD040:Line:1003055:LOC"]}}, {"type": "Feature", "geometry": {"type": "Point", "coordinates": [1.126669, 49.561178]}, "properties": {"stop_id": "FR:76271:ZE:1105280:ATOUMOD040", "stop_name": "Grand Tendos", "route_ids": ["ATOUMOD040:Line:1003059:LOC"]}}, {"type": "Feature", "geometry": {"type": "Point", "coordinates": [1.126686, 49.561219]}, "properties": {"stop_id": "FR:76271:ZE:1170994:ATOUMOD040", "stop_name": "Grand Tendos", "route_ids": ["ATOUMOD040:Line:1003059:LOC"]}}, {"type": "Feature", "geometry": {"type": "Point", "coordinates": [1.366538, 50.035547]}, "properties": {"stop_id": "FR:76266:ZE:1105294:ATOUMOD040", "stop_name": "Les Charmilles", "route_ids": ["ATOUMOD040:Line:1003072:LOC"]}}, {"type": "Feature", "geometry": {"type": "Point", "coordinates": [1.357004, 50.041099]}, "properties": {"stop_id": "FR:76711:ZE:1105296:ATOUMOD040", "stop_name": "Le Buzot", "route_ids": ["ATOUMOD040:Line:1003072:LOC"]}}, {"type": "Feature", "geometry": {"type": "Point", "coordinates": [1.357166, 50.041073]}, "properties": {"stop_id": "FR:76266:ZE:1170882:ATOUMOD040", "stop_name": "Le Buzot", "route_ids": ["ATOUMOD040:Line:1003072:LOC"]}}, {"type": "Feature", "geometry": {"type": "Point", "coordinates": [1.514259, 49.462915]}, "properties": {"stop_id": "FR:76263:ZE:1105298:ATOUMOD040", "stop_name": "Mairie", "route_ids": ["ATOUMOD040:Line:1003076:LOC"]}}, {"type": "Feature", "geometry": {"type": "Point", "coordinates": [0.591281, 49.651651]}, "properties": {"stop_id": "FR:76258:ZE:1105338:ATOUMOD040", "stop_name": "FAUVILLE-EN-CAUX - Mairie", "route_ids": ["ATOUMOD040:Line:1003043:LOC", "ATOUMOD040:Line:1003056:LOC"]}}, {"type": "Feature", "geometry": {"type": "Point", "coordinates": [0.375128, 49.75926]}, "properties": {"stop_id": "FR:76259:ZE:1105346:ATOUMOD040", "stop_name": "Gare Sncf", "route_ids": ["ATOUMOD040:Line:1003053:LOC", "ATOUMOD040:Line:1003054:LOC", "ATOUMOD040:Line:1003055:LOC", "ATOUMOD040:Line:1003056:LOC", "ATOUMOD040:Line:1003066:LOC", "ATOUMOD040:Line:1003085:LOC"]}}, {"type": "Feature", "geometry": {"type": "Point", "coordinates": [0.382717, 49.754612]}, "properties": {"stop_id": "FR:76259:ZE:1105350:ATOUMOD040", "stop_name": "Hallettes", "route_ids": ["ATOUMOD040:Line:1003055:LOC"]}}, {"type": "Feature", "geometry": {"type": "Point", "coordinates": [1.737337, 49.481364]}, "properties": {"stop_id": "FR:76260:ZE:1105362:ATOUMOD040", "stop_name": "Place de la Gare", "route_ids": ["ATOUMOD040:Line:1006919:LOC"]}}, {"type": "Feature", "geometry": {"type": "Point", "coordinates": [1.736719, 49.482193]}, "properties": {"stop_id": "FR:76260:ZE:1170785:ATOUMOD040", "stop_name": "Place de la Gare", "route_ids": ["ATOUMOD040:Line:1006919:LOC"]}}, {"type": "Feature", "geometry": {"type": "Point", "coordinates": [1.419298, 50.048647]}, "properties": {"stop_id": "FR:76255:ZE:1105376:ATOUMOD040", "stop_name": "Place Guillaume le Conquérant", "route_ids": ["ATOUMOD040:Line:1003060:LOC", "ATOUMOD040:Line:1003072:LOC"]}}, {"type": "Feature", "geometry": {"type": "Point", "coordinates": [1.41999, 50.051231]}, "properties": {"stop_id": "FR:76255:ZE:1105378:ATOUMOD040", "stop_name": "Pont de la Bresle", "route_ids": ["ATOUMOD040:Line:1003060:LOC"]}}, {"type": "Feature", "geometry": {"type": "Point", "coordinates": [1.414605, 50.058392]}, "properties": {"stop_id": "FR:76255:ZE:1105382:ATOUMOD040", "stop_name": "Zone Industrielle", "route_ids": ["ATOUMOD040:Line:1003060:LOC"]}}, {"type": "Feature", "geometry": {"type": "Point", "coordinates": [1.40256, 50.050334]}, "properties": {"stop_id": "FR:76255:ZE:1105384:ATOUMOD040", "stop_name": "Domaine de Joinville", "route_ids": ["ATOUMOD040:Line:1003060:LOC"]}}, {"type": "Feature", "geometry": {"type": "Point", "coordinates": [0.21438, 49.709053]}, "properties": {"stop_id": "FR:76254:ZE:1105432:ATOUMOD040", "stop_name": "Gare", "route_ids": ["ATOUMOD040:Line:1003055:LOC"]}}, {"type": "Feature", "geometry": {"type": "Point", "coordinates": [0.20888, 49.704649]}, "properties": {"stop_id": "FR:76254:ZE:1105434:ATOUMOD040", "stop_name": "Le Grandval", "route_ids": ["ATOUMOD040:Line:1003049:LOC", "ATOUMOD040:Line:1003055:LOC"]}}, {"type": "Feature", "geometry": {"type": "Point", "coordinates": [0.208992, 49.704924]}, "properties": {"stop_id": "FR:76254:ZE:1170330:ATOUMOD040", "stop_name": "Le Grandval", "route_ids": ["ATOUMOD040:Line:1003049:LOC"]}}, {"type": "Feature", "geometry": {"type": "Point", "coordinates": [0.215033, 49.700725]}, "properties": {"stop_id": "FR:76254:ZE:1105436:ATOUMOD040", "stop_name": "Camping Le Grandval", "route_ids": ["ATOUMOD040:Line:1003049:LOC", "ATOUMOD040:Line:1003055:LOC"]}}, {"type": "Feature", "geometry": {"type": "Point", "coordinates": [0.21546, 49.700476]}, "properties": {"stop_id": "FR:76254:ZE:1170326:ATOUMOD040", "stop_name": "Camping Le Grandval", "route_ids": ["ATOUMOD040:Line:1003049:LOC"]}}, {"type": "Feature", "geometry": {"type": "Point", "coordinates": [0.205751, 49.707247]}, "properties": {"stop_id": "FR:76254:ZE:1105438:ATOUMOD040", "stop_name": "Mairie", "route_ids": ["ATOUMOD040:Line:1003055:LOC"]}}, {"type": "Feature", "geometry": {"type": "Point", "coordinates": [0.205839, 49.707247]}, "properties": {"stop_id": "FR:76254:ZE:1170332:ATOUMOD040", "stop_name": "Mairie", "route_ids": ["ATOUMOD040:Line:1003055:LOC"]}}, {"type": "Feature", "geometry": {"type": "Point", "coordinates": [1.386031, 50.029689]}, "properties": {"stop_id": "FR:76252:ZE:1105448:ATOUMOD040", "stop_name": "Mairie / École", "route_ids": ["ATOUMOD040:Line:1003072:LOC"]}}, {"type": "Feature", "geometry": {"type": "Point", "coordinates": [1.385998, 50.029624]}, "properties": {"stop_id": "FR:76252:ZE:1170295:ATOUMOD040", "stop_name": "Mairie / École", "route_ids": ["ATOUMOD040:Line:1003072:LOC"]}}, {"type": "Feature", "geometry": {"type": "Point", "coordinates": [1.121974, 49.63744]}, "properties": {"stop_id": "FR:76249:ZE:1105452:ATOUMOD040", "stop_name": "Rue des Charmilles", "route_ids": ["ATOUMOD040:Line:1003059:LOC"]}}, {"type": "Feature", "geometry": {"type": "Point", "coordinates": [1.118568, 49.639349]}, "properties": {"stop_id": "FR:76249:ZE:1170047:ATOUMOD040", "stop_name": "Passage a Niveau de Loeuilly", "route_ids": ["ATOUMOD040:Line:1003059:LOC"]}}, {"type": "Feature", "geometry": {"type": "Point", "coordinates": [1.118835, 49.636989]}, "properties": {"stop_id": "FR:76249:ZE:1170039:ATOUMOD040", "stop_name": "Loeuilly", "route_ids": ["ATOUMOD040:Line:1003059:LOC"]}}, {"type": "Feature", "geometry": {"type": "Point", "coordinates": [1.119969, 49.644518]}, "properties": {"stop_id": "FR:76249:ZE:1105480:ATOUMOD040", "stop_name": "Le Coudray", "route_ids": ["ATOUMOD040:Line:1003078:LOC"]}}, {"type": "Feature", "geometry": {"type": "Point", "coordinates": [1.11989, 49.644258]}, "properties": {"stop_id": "FR:76249:ZE:1170031:ATOUMOD040", "stop_name": "Le Coudray", "route_ids": ["ATOUMOD040:Line:1003078:LOC"]}}, {"type": "Feature", "geometry": {"type": "Point", "coordinates": [1.221421, 49.609042]}, "properties": {"stop_id": "FR:76247:ZE:1105500:ATOUMOD040", "stop_name": "Centre", "route_ids": ["ATOUMOD040:Line:1003073:LOC"]}}, {"type": "Feature", "geometry": {"type": "Point", "coordinates": [1.221501, 49.609066]}, "properties": {"stop_id": "FR:76247:ZE:1170025:ATOUMOD040", "stop_name": "Centre", "route_ids": ["ATOUMOD040:Line:1003073:LOC"]}}, {"type": "Feature", "geometry": {"type": "Point", "coordinates": [0.36465, 49.706379]}, "properties": {"stop_id": "FR:76240:ZE:1105502:ATOUMOD040", "stop_name": "Centre", "route_ids": ["ATOUMOD040:Line:1003053:LOC", "ATOUMOD040:Line:1003054:LOC"]}}, {"type": "Feature", "geometry": {"type": "Point", "coordinates": [1.149836, 49.821181]}, "properties": {"stop_id": "FR:76170:ZE:1105528:ATOUMOD040", "stop_name": "Tilleuls", "route_ids": ["ATOUMOD040:Line:1003068:LOC"]}}, {"type": "Feature", "geometry": {"type": "Point", "coordinates": [1.15, 49.821447]}, "properties": {"stop_id": "FR:76170:ZE:1169940:ATOUMOD040", "stop_name": "Tilleuls", "route_ids": ["ATOUMOD040:Line:1003068:LOC"]}}, {"type": "Feature", "geometry": {"type": "Point", "coordinates": [1.125632, 49.811595]}, "properties": {"stop_id": "FR:76173:ZE:1105538:ATOUMOD040", "stop_name": "Bois Hulin", "route_ids": ["ATOUMOD040:Line:1003068:LOC"]}}, {"type": "Feature", "geometry": {"type": "Point", "coordinates": [1.125752, 49.811576]}, "properties": {"stop_id": "FR:76173:ZE:1169948:ATOUMOD040", "stop_name": "Bois Hulin", "route_ids": ["ATOUMOD040:Line:1003068:LOC"]}}, {"type": "Feature", "geometry": {"type": "Point", "coordinates": [1.121305, 49.820005]}, "properties": {"stop_id": "FR:76173:ZE:1177897:ATOUMOD040", "stop_name": "École", "route_ids": ["ATOUMOD040:Line:1003068:LOC"]}}, {"type": "Feature", "geometry": {"type": "Point", "coordinates": [1.12091, 49.82052]}, "properties": {"stop_id": "FR:76173:ZE:1177898:ATOUMOD040", "stop_name": "École", "route_ids": ["ATOUMOD040:Line:1003068:LOC"]}}, {"type": "Feature", "geometry": {"type": "Point", "coordinates": [0.134044, 49.59454]}, "properties": {"stop_id": "FR:76167:ZE:1105544:ATOUMOD040", "stop_name": "La Fermiere", "route_ids": ["ATOUMOD040:Line:1003055:LOC"]}}, {"type": "Feature", "geometry": {"type": "Point", "coordinates": [0.134376, 49.594598]}, "properties": {"stop_id": "FR:76167:ZE:1169919:ATOUMOD040", "stop_name": "La Fermiere", "route_ids": ["ATOUMOD040:Line:1003055:LOC"]}}, {"type": "Feature", "geometry": {"type": "Point", "coordinates": [0.149485, 49.605902]}, "properties": {"stop_id": "FR:76167:ZE:1105546:ATOUMOD040", "stop_name": "Le Terreux", "route_ids": ["ATOUMOD040:Line:1003055:LOC"]}}, {"type": "Feature", "geometry": {"type": "Point", "coordinates": [1.147872, 49.770329]}, "properties": {"stop_id": "FR:76168:ZE:1105548:ATOUMOD040", "stop_name": "Le Bourg", "route_ids": ["ATOUMOD040:Line:1003068:LOC"]}}, {"type": "Feature", "geometry": {"type": "Point", "coordinates": [1.147855, 49.770212]}, "properties": {"stop_id": "FR:76168:ZE:1169923:ATOUMOD040", "stop_name": "Le Bourg", "route_ids": ["ATOUMOD040:Line:1003068:LOC"]}}, {"type": "Feature", "geometry": {"type": "Point", "coordinates": [0.728471, 49.524562]}, "properties": {"stop_id": "FR:76164:ZE:1105568:ATOUMOD040", "stop_name": "CAUDEBEC-EN-CAUX - Quai", "route_ids": ["ATOUMOD040:Line:1003048:LOC", "ATOUMOD040:Line:1003051:LOC"]}}, {"type": "Feature", "geometry": {"type": "Point", "coordinates": [0.72894, 49.524721]}, "properties": {"stop_id": "FR:76164:ZE:1158135:ATOUMOD040", "stop_name": "CAUDEBEC-EN-CAUX - Quai", "route_ids": ["ATOUMOD040:Line:1003061:LOC"]}}, {"type": "Feature", "geometry": {"type": "Point", "coordinates": [0.637925, 49.788528]}, "properties": {"stop_id": "FR:76159:ZE:1105586:ATOUMOD040", "stop_name": "Place Daniel Pierre", "route_ids": ["ATOUMOD040:Line:1006899:LOC", "ATOUMOD040:Line:1003066:LOC"]}}, {"type": "Feature", "geometry": {"type": "Point", "coordinates": [0.816733, 49.558826]}, "properties": {"stop_id": "FR:76160:ZE:1105588:ATOUMOD040", "stop_name": "Centre", "route_ids": ["ATOUMOD040:Line:1003057:LOC"]}}, {"type": "Feature", "geometry": {"type": "Point", "coordinates": [1.149673, 49.754193]}, "properties": {"stop_id": "FR:76162:ZE:1105594:ATOUMOD040", "stop_name": "Bourg", "route_ids": ["ATOUMOD040:Line:1003068:LOC"]}}, {"type": "Feature", "geometry": {"type": "Point", "coordinates": [1.149762, 49.754492]}, "properties": {"stop_id": "FR:76162:ZE:1169897:ATOUMOD040", "stop_name": "Bourg", "route_ids": ["ATOUMOD040:Line:1003068:LOC"]}}, {"type": "Feature", "geometry": {"type": "Point", "coordinates": [1.150952, 49.763]}, "properties": {"stop_id": "FR:76162:ZE:1169896:ATOUMOD040", "stop_name": "Bellemare", "route_ids": ["ATOUMOD040:Line:1003068:LOC"]}}, {"type": "Feature", "geometry": {"type": "Point", "coordinates": [1.150876, 49.763021]}, "properties": {"stop_id": "FR:76162:ZE:1105596:ATOUMOD040", "stop_name": "Bellemare", "route_ids": ["ATOUMOD040:Line:1003068:LOC"]}}, {"type": "Feature", "geometry": {"type": "Point", "coordinates": [1.321192, 49.513461]}, "properties": {"stop_id": "FR:76163:ZE:1105606:ATOUMOD040", "stop_name": "École", "route_ids": ["ATOUMOD040:Line:1003050:LOC"]}}, {"type": "Feature", "geometry": {"type": "Point", "coordinates": [1.321172, 49.513407]}, "properties": {"stop_id": "FR:76163:ZE:1169971:ATOUMOD040", "stop_name": "École", "route_ids": ["ATOUMOD040:Line:1003050:LOC"]}}, {"type": "Feature", "geometry": {"type": "Point", "coordinates": [1.326916, 49.512976]}, "properties": {"stop_id": "FR:76163:ZE:1105608:ATOUMOD040", "stop_name": "Église", "route_ids": ["ATOUMOD040:Line:1003050:LOC"]}}, {"type": "Feature", "geometry": {"type": "Point", "coordinates": [1.326772, 49.513031]}, "properties": {"stop_id": "FR:76163:ZE:1169902:ATOUMOD040", "stop_name": "Église", "route_ids": ["ATOUMOD040:Line:1003050:LOC"]}}, {"type": "Feature", "geometry": {"type": "Point", "coordinates": [1.013889, 49.444831]}, "properties": {"stop_id": "FR:76157:ZE:1105612:ATOUMOD040", "stop_name": "Carrefour du Hasard", "route_ids": ["ATOUMOD040:Line:1003061:LOC"]}}, {"type": "Feature", "geometry": {"type": "Point", "coordinates": [1.015545, 49.444549]}, "properties": {"stop_id": "FR:76157:ZE:1176191:ATOUMOD040", "stop_name": "Carrefour du Hasard", "route_ids": ["ATOUMOD040:Line:1003061:LOC"]}}, {"type": "Feature", "geometry": {"type": "Point", "coordinates": [1.034475, 49.451138]}, "properties": {"stop_id": "FR:76157:ZE:1105628:ATOUMOD040", "stop_name": "Hôtel de Ville - Jean Jaures", "route_ids": ["ATOUMOD040:Line:1003063:LOC"]}}, {"type": "Feature", "geometry": {"type": "Point", "coordinates": [1.034373, 49.451101]}, "properties": {"stop_id": "FR:76157:ZE:1169212:ATOUMOD040", "stop_name": "Hôtel de Ville - Jean Jaures", "route_ids": ["ATOUMOD040:Line:1003063:LOC"]}}, {"type": "Feature", "geometry": {"type": "Point", "coordinates": [0.249978, 49.701086]}, "properties": {"stop_id": "FR:76117:ZE:1105652:ATOUMOD040", "stop_name": "La Cour a Quatre", "route_ids": ["ATOUMOD040:Line:1003055:LOC"]}}, {"type": "Feature", "geometry": {"type": "Point", "coordinates": [0.233547, 49.700884]}, "properties": {"stop_id": "FR:76117:ZE:1105654:ATOUMOD040", "stop_name": "Le Manoir", "route_ids": ["ATOUMOD040:Line:1003055:LOC"]}}, {"type": "Feature", "geometry": {"type": "Point", "coordinates": [0.256339, 49.70042]}, "properties": {"stop_id": "FR:76117:ZE:1105656:ATOUMOD040", "stop_name": "École / Salle Polyvalente", "route_ids": ["ATOUMOD040:Line:1003055:LOC"]}}, {"type": "Feature", "geometry": {"type": "Point", "coordinates": [1.25625, 49.634505]}, "properties": {"stop_id": "FR:76119:ZE:1105660:ATOUMOD040", "stop_name": "Mairie / École", "route_ids": ["ATOUMOD040:Line:1003073:LOC"]}}, {"type": "Feature", "geometry": {"type": "Point", "coordinates": [0.472994, 49.56586]}, "properties": {"stop_id": "FR:76114:ZE:1105674:ATOUMOD040", "stop_name": "Beau Séjour", "route_ids": ["ATOUMOD040:Line:1003051:LOC"]}}, {"type": "Feature", "geometry": {"type": "Point", "coordinates": [0.477955, 49.560201]}, "properties": {"stop_id": "FR:76114:ZE:1105676:ATOUMOD040", "stop_name": "Pont Bellet", "route_ids": ["ATOUMOD040:Line:1003051:LOC"]}}, {"type": "Feature", "geometry": {"type": "Point", "coordinates": [0.48386, 49.570751]}, "properties": {"stop_id": "FR:76114:ZE:1105680:ATOUMOD040", "stop_name": "College Roncherolles / Lycée Pierre et Marie Curie", "route_ids": ["ATOUMOD040:Line:1003051:LOC", "ATOUMOD040:Line:1003053:LOC"]}}, {"type": "Feature", "geometry": {"type": "Point", "coordinates": [0.469075, 49.572831]}, "properties": {"stop_id": "FR:76114:ZE:1105682:ATOUMOD040", "stop_name": "Place Félix Faure", "route_ids": ["ATOUMOD040:Line:1003043:LOC", "ATOUMOD040:Line:1003051:LOC", "ATOUMOD040:Line:1003053:LOC"]}}, {"type": "Feature", "geometry": {"type": "Point", "coordinates": [0.457535, 49.563906]}, "properties": {"stop_id": "FR:76114:ZE:1105684:ATOUMOD040", "stop_name": "Lycée Pierre de Coubertin", "route_ids": ["ATOUMOD040:Line:1003051:LOC", "ATOUMOD040:Line:1003053:LOC"]}}, {"type": "Feature", "geometry": {"type": "Point", "coordinates": [0.704398, 49.584489]}, "properties": {"stop_id": "FR:76110:ZE:1105694:ATOUMOD040", "stop_name": "Église", "route_ids": ["ATOUMOD040:Line:1003048:LOC"]}}, {"type": "Feature", "geometry": {"type": "Point", "coordinates": [1.263785, 49.449756]}, "properties": {"stop_id": "FR:76111:ZE:1105696:ATOUMOD040", "stop_name": "Mairie / École", "route_ids": ["ATOUMOD040:Line:1003076:LOC"]}}, {"type": "Feature", "geometry": {"type": "Point", "coordinates": [1.139374, 49.834126]}, "properties": {"stop_id": "FR:76112:ZE:1105702:ATOUMOD040", "stop_name": "Café", "route_ids": ["ATOUMOD040:Line:1003068:LOC"]}}, {"type": "Feature", "geometry": {"type": "Point", "coordinates": [1.139849, 49.833751]}, "properties": {"stop_id": "FR:76112:ZE:1172854:ATOUMOD040", "stop_name": "Café", "route_ids": ["ATOUMOD040:Line:1003068:LOC"]}}, {"type": "Feature", "geometry": {"type": "Point", "coordinates": [1.357992, 49.520003]}, "properties": {"stop_id": "FR:76113:ZE:1105704:ATOUMOD040", "stop_name": "Salle des Fetes", "route_ids": ["ATOUMOD040:Line:1003050:LOC"]}}, {"type": "Feature", "geometry": {"type": "Point", "coordinates": [1.119547, 49.469492]}, "properties": {"stop_id": "FR:76108:ZE:1105712:ATOUMOD040", "stop_name": "Mairie", "route_ids": ["ATOUMOD040:Line:1003073:LOC"]}}, {"type": "Feature", "geometry": {"type": "Point", "coordinates": [1.120391, 49.47023]}, "properties": {"stop_id": "FR:76108:ZE:1172845:ATOUMOD040", "stop_name": "Mairie", "route_ids": ["ATOUMOD040:Line:1003073:LOC"]}}, {"type": "Feature", "geometry": {"type": "Point", "coordinates": [1.255652, 49.433031]}, "properties": {"stop_id": "FR:76106:ZE:1105720:ATOUMOD040", "stop_name": "Mairie / École", "route_ids": ["ATOUMOD040:Line:1003076:LOC"]}}, {"type": "Feature", "geometry": {"type": "Point", "coordinates": [1.256382, 49.433131]}, "properties": {"stop_id": "FR:76106:ZE:1172780:ATOUMOD040", "stop_name": "Mairie / École", "route_ids": ["ATOUMOD040:Line:1003076:LOC"]}}, {"type": "Feature", "geometry": {"type": "Point", "coordinates": [1.265776, 49.435701]}, "properties": {"stop_id": "FR:76106:ZE:1105722:ATOUMOD040", "stop_name": "La Fourche", "route_ids": ["ATOUMOD040:Line:1003076:LOC"]}}, {"type": "Feature", "geometry": {"type": "Point", "coordinates": [0.265336, 49.644261]}, "properties": {"stop_id": "FR:76196:ZE:1105746:ATOUMOD040", "stop_name": "Église", "route_ids": ["ATOUMOD040:Line:1003049:LOC", "ATOUMOD040:Line:1003055:LOC"]}}, {"type": "Feature", "geometry": {"type": "Point", "coordinates": [0.265261, 49.644266]}, "properties": {"stop_id": "FR:76196:ZE:1169982:ATOUMOD040", "stop_name": "Église", "route_ids": ["ATOUMOD040:Line:1003049:LOC"]}}, {"type": "Feature", "geometry": {"type": "Point", "coordinates": [1.077487, 49.778083]}, "properties": {"stop_id": "FR:76197:ZE:1105750:ATOUMOD040", "stop_name": "École", "route_ids": ["ATOUMOD040:Line:1003079:LOC"]}}, {"type": "Feature", "geometry": {"type": "Point", "coordinates": [1.318135, 50.016576]}, "properties": {"stop_id": "FR:76192:ZE:1105752:ATOUMOD040", "stop_name": "Abribus", "route_ids": ["ATOUMOD040:Line:1003072:LOC"]}}, {"type": "Feature", "geometry": {"type": "Point", "coordinates": [1.318217, 50.016551]}, "properties": {"stop_id": "FR:76192:ZE:1169970:ATOUMOD040", "stop_name": "Abribus", "route_ids": ["ATOUMOD040:Line:1003072:LOC"]}}, {"type": "Feature", "geometry": {"type": "Point", "coordinates": [1.316256, 50.033032]}, "properties": {"stop_id": "FR:76192:ZE:1105754:ATOUMOD040", "stop_name": "Rond-Point de Verdun", "route_ids": ["ATOUMOD040:Line:1003072:LOC"]}}, {"type": "Feature", "geometry": {"type": "Point", "coordinates": [1.316366, 50.033039]}, "properties": {"stop_id": "FR:76192:ZE:1173890:ATOUMOD040", "stop_name": "Rond-Point de Verdun", "route_ids": ["ATOUMOD040:Line:1003072:LOC"]}}, {"type": "Feature", "geometry": {"type": "Point", "coordinates": [1.302892, 50.012962]}, "properties": {"stop_id": "FR:76192:ZE:1105756:ATOUMOD040", "stop_name": "Gendarmerie", "route_ids": ["ATOUMOD040:Line:1003072:LOC"]}}, {"type": "Feature", "geometry": {"type": "Point", "coordinates": [1.303207, 50.012933]}, "properties": {"stop_id": "FR:76192:ZE:1169960:ATOUMOD040", "stop_name": "Gendarmerie", "route_ids": ["ATOUMOD040:Line:1003072:LOC"]}}, {"type": "Feature", "geometry": {"type": "Point", "coordinates": [1.333175, 50.042329]}, "properties": {"stop_id": "FR:76192:ZE:1105762:ATOUMOD040", "stop_name": "Mesnil Val - Plage", "route_ids": ["ATOUMOD040:Line:1003072:LOC"]}}, {"type": "Feature", "geometry": {"type": "Point", "coordinates": [0.332456, 49.737956]}, "properties": {"stop_id": "FR:76194:ZE:1105774:ATOUMOD040", "stop_name": "Route d'Yport", "route_ids": ["ATOUMOD040:Line:1003055:LOC"]}}, {"type": "Feature", "geometry": {"type": "Point", "coordinates": [1.350979, 50.029533]}, "properties": {"stop_id": "FR:76192:ZE:1105784:ATOUMOD040", "stop_name": "Les Quesnets", "route_ids": ["ATOUMOD040:Line:1003072:LOC"]}}, {"type": "Feature", "geometry": {"type": "Point", "coordinates": [1.351019, 50.029557]}, "properties": {"stop_id": "FR:76192:ZE:1169962:ATOUMOD040", "stop_name": "Les Quesnets", "route_ids": ["ATOUMOD040:Line:1003072:LOC"]}}, {"type": "Feature", "geometry": {"type": "Point", "coordinates": [1.165872, 49.722692]}, "properties": {"stop_id": "FR:76034:ZE:1105786:ATOUMOD040", "stop_name": "CRESSY - École", "route_ids": ["ATOUMOD040:Line:1003068:LOC"]}}, {"type": "Feature", "geometry": {"type": "Point", "coordinates": [1.336015, 50.040797]}, "properties": {"stop_id": "FR:76192:ZE:1105794:ATOUMOD040", "stop_name": "Mesnil Val - Centre", "route_ids": ["ATOUMOD040:Line:1003072:LOC"]}}, {"type": "Feature", "geometry": {"type": "Point", "coordinates": [1.336094, 50.040863]}, "properties": {"stop_id": "FR:76192:ZE:1169964:ATOUMOD040", "stop_name": "Mesnil Val - Centre", "route_ids": ["ATOUMOD040:Line:1003072:LOC"]}}, {"type": "Feature", "geometry": {"type": "Point", "coordinates": [1.23769, 49.590992]}, "properties": {"stop_id": "FR:76152:ZE:1105798:ATOUMOD040", "stop_name": "Le Floquet", "route_ids": ["ATOUMOD040:Line:1003073:LOC"]}}, {"type": "Feature", "geometry": {"type": "Point", "coordinates": [1.229776, 49.58]}, "properties": {"stop_id": "FR:76152:ZE:1105804:ATOUMOD040", "stop_name": "Centre", "route_ids": ["ATOUMOD040:Line:1003073:LOC"]}}, {"type": "Feature", "geometry": {"type": "Point", "coordinates": [1.229758, 49.580038]}, "properties": {"stop_id": "FR:76152:ZE:1169821:ATOUMOD040", "stop_name": "Centre", "route_ids": ["ATOUMOD040:Line:1003073:LOC"]}}, {"type": "Feature", "geometry": {"type": "Point", "coordinates": [1.017523, 49.705731]}, "properties": {"stop_id": "FR:76153:ZE:1105808:ATOUMOD040", "stop_name": "Le Pigeonnier", "route_ids": ["ATOUMOD040:Line:1003078:LOC"]}}, {"type": "Feature", "geometry": {"type": "Point", "coordinates": [1.364213, 49.585855]}, "properties": {"stop_id": "FR:76146:ZE:1105838:ATOUMOD040", "stop_name": "BUCHY - College Francis Yard", "route_ids": ["ATOUMOD040:Line:1003073:LOC"]}}, {"type": "Feature", "geometry": {"type": "Point", "coordinates": [1.363591, 49.585431]}, "properties": {"stop_id": "FR:76146:ZE:1169782:ATOUMOD040", "stop_name": "BUCHY - College Francis Yard", "route_ids": ["ATOUMOD040:Line:1003073:LOC"]}}, {"type": "Feature", "geometry": {"type": "Point", "coordinates": [1.34722, 49.781577]}, "properties": {"stop_id": "FR:76148:ZE:1105850:ATOUMOD040", "stop_name": "Carrefour", "route_ids": ["ATOUMOD040:Line:1006919:LOC"]}}, {"type": "Feature", "geometry": {"type": "Point", "coordinates": [1.346421, 49.783149]}, "properties": {"stop_id": "FR:76148:ZE:1175850:ATOUMOD040", "stop_name": "Carrefour", "route_ids": ["ATOUMOD040:Line:1006919:LOC"]}}, {"type": "Feature", "geometry": {"type": "Point", "coordinates": [0.391528, 49.663135]}, "properties": {"stop_id": "FR:76143:ZE:1105860:ATOUMOD040", "stop_name": "École", "route_ids": ["ATOUMOD040:Line:1003053:LOC"]}}, {"type": "Feature", "geometry": {"type": "Point", "coordinates": [1.26905, 49.966519]}, "properties": {"stop_id": "FR:76618:ZE:1105868:ATOUMOD040", "stop_name": "BRUNVILLE - Mairie", "route_ids": ["ATOUMOD040:Line:1003069:LOC"]}}, {"type": "Feature", "geometry": {"type": "Point", "coordinates": [1.26857, 49.966058]}, "properties": {"stop_id": "FR:76618:ZE:1158087:ATOUMOD040", "stop_name": "BRUNVILLE - Mairie", "route_ids": ["ATOUMOD040:Line:1003069:LOC"]}}, {"type": "Feature", "geometry": {"type": "Point", "coordinates": [1.149628, 49.940827]}, "properties": {"stop_id": "FR:76618:ZE:1105880:ATOUMOD040", "stop_name": "BRACQUEMONT - École", "route_ids": ["ATOUMOD040:Line:1003072:LOC"]}}, {"type": "Feature", "geometry": {"type": "Point", "coordinates": [1.149412, 49.939953]}, "properties": {"stop_id": "FR:76618:ZE:1105882:ATOUMOD040", "stop_name": "BRACQUEMONT - La Marette", "route_ids": ["ATOUMOD040:Line:1003070:LOC"]}}, {"type": "Feature", "geometry": {"type": "Point", "coordinates": [1.149369, 49.939969]}, "properties": {"stop_id": "FR:76618:ZE:1172437:ATOUMOD040", "stop_name": "BRACQUEMONT - La Marette", "route_ids": ["ATOUMOD040:Line:1003070:LOC"]}}, {"type": "Feature", "geometry": {"type": "Point", "coordinates": [1.187116, 49.659232]}, "properties": {"stop_id": "FR:76328:ZE:1105888:ATOUMOD040", "stop_name": "Le Plix", "route_ids": ["ATOUMOD040:Line:1003078:LOC"]}}, {"type": "Feature", "geometry": {"type": "Point", "coordinates": [0.396938, 49.627965]}, "properties": {"stop_id": "FR:76141:ZE:1105902:ATOUMOD040", "stop_name": "Le Bourg", "route_ids": ["ATOUMOD040:Line:1003053:LOC"]}}, {"type": "Feature", "geometry": {"type": "Point", "coordinates": [0.417599, 49.603306]}, "properties": {"stop_id": "FR:76141:ZE:1105904:ATOUMOD040", "stop_name": "Gare Sncf", "route_ids": ["ATOUMOD040:Line:1003043:LOC", "ATOUMOD040:Line:1003049:LOC", "ATOUMOD040:Line:1003053:LOC"]}}, {"type": "Feature", "geometry": {"type": "Point", "coordinates": [0.409955, 49.612032]}, "properties": {"stop_id": "FR:76141:ZE:1105906:ATOUMOD040", "stop_name": "La Forge", "route_ids": ["ATOUMOD040:Line:1003053:LOC"]}}, {"type": "Feature", "geometry": {"type": "Point", "coordinates": [0.422747, 49.62532]}, "properties": {"stop_id": "FR:76141:ZE:1105908:ATOUMOD040", "stop_name": "Haute Ville", "route_ids": ["ATOUMOD040:Line:1003053:LOC"]}}, {"type": "Feature", "geometry": {"type": "Point", "coordinates": [0.950101, 49.81397]}, "properties": {"stop_id": "FR:76136:ZE:1105910:ATOUMOD040", "stop_name": "Place de la Mairie", "route_ids": ["ATOUMOD040:Line:1003047:LOC"]}}, {"type": "Feature", "geometry": {"type": "Point", "coordinates": [0.950209, 49.813922]}, "properties": {"stop_id": "FR:76136:ZE:1169746:ATOUMOD040", "stop_name": "Place de la Mairie", "route_ids": ["ATOUMOD040:Line:1003047:LOC"]}}, {"type": "Feature", "geometry": {"type": "Point", "coordinates": [0.950789, 49.814887]}, "properties": {"stop_id": "FR:76136:ZE:1178069:ATOUMOD040", "stop_name": "Place de la Mairie", "route_ids": ["ATOUMOD040:Line:1003047:LOC"]}}, {"type": "Feature", "geometry": {"type": "Point", "coordinates": [0.954915, 49.821149]}, "properties": {"stop_id": "FR:76136:ZE:1105912:ATOUMOD040", "stop_name": "Val Vernier", "route_ids": ["ATOUMOD040:Line:1003047:LOC"]}}, {"type": "Feature", "geometry": {"type": "Point", "coordinates": [0.954811, 49.821102]}, "properties": {"stop_id": "FR:76136:ZE:1169748:ATOUMOD040", "stop_name": "Val Vernier", "route_ids": ["ATOUMOD040:Line:1003047:LOC"]}}, {"type": "Feature", "geometry": {"type": "Point", "coordinates": [1.12532, 49.937624]}, "properties": {"stop_id": "FR:76618:ZE:1105914:ATOUMOD040", "stop_name": "BRACQUEMONT - Le Puys", "route_ids": ["ATOUMOD040:Line:1003070:LOC", "ATOUMOD040:Line:1003072:LOC"]}}, {"type": "Feature", "geometry": {"type": "Point", "coordinates": [1.125306, 49.937662]}, "properties": {"stop_id": "FR:76618:ZE:1172439:ATOUMOD040", "stop_name": "BRACQUEMONT - Le Puys", "route_ids": ["ATOUMOD040:Line:1003072:LOC", "ATOUMOD040:Line:1003070:LOC"]}}, {"type": "Feature", "geometry": {"type": "Point", "coordinates": [0.887105, 49.865106]}, "properties": {"stop_id": "FR:76133:ZE:1105920:ATOUMOD040", "stop_name": "Mairie", "route_ids": ["ATOUMOD040:Line:1003067:LOC"]}}, {"type": "Feature", "geometry": {"type": "Point", "coordinates": [0.887225, 49.86512]}, "properties": {"stop_id": "FR:76133:ZE:1169741:ATOUMOD040", "stop_name": "Mairie", "route_ids": ["ATOUMOD040:Line:1003067:LOC"]}}, {"type": "Feature", "geometry": {"type": "Point", "coordinates": [0.959766, 49.827808]}, "properties": {"stop_id": "FR:76136:ZE:1105942:ATOUMOD040", "stop_name": "Gourel", "route_ids": ["ATOUMOD040:Line:1003047:LOC"]}}, {"type": "Feature", "geometry": {"type": "Point", "coordinates": [0.959771, 49.828309]}, "properties": {"stop_id": "FR:76136:ZE:1169745:ATOUMOD040", "stop_name": "Gourel", "route_ids": ["ATOUMOD040:Line:1003047:LOC"]}}, {"type": "Feature", "geometry": {"type": "Point", "coordinates": [0.941148, 49.801633]}, "properties": {"stop_id": "FR:76136:ZE:1105944:ATOUMOD040", "stop_name": "Saint-Ouen-sous-Brachy", "route_ids": ["ATOUMOD040:Line:1003079:LOC"]}}, {"type": "Feature", "geometry": {"type": "Point", "coordinates": [0.941085, 49.801618]}, "properties": {"stop_id": "FR:76136:ZE:1169747:ATOUMOD040", "stop_name": "Saint-Ouen-sous-Brachy", "route_ids": ["ATOUMOD040:Line:1003079:LOC"]}}, {"type": "Feature", "geometry": {"type": "Point", "coordinates": [1.175435, 49.626253]}, "properties": {"stop_id": "FR:76125:ZE:1106006:ATOUMOD040", "stop_name": "Mairie", "route_ids": ["ATOUMOD040:Line:1003059:LOC"]}}, {"type": "Feature", "geometry": {"type": "Point", "coordinates": [1.175339, 49.626185]}, "properties": {"stop_id": "FR:76125:ZE:1169703:ATOUMOD040", "stop_name": "Mairie", "route_ids": ["ATOUMOD040:Line:1003059:LOC"]}}, {"type": "Feature", "geometry": {"type": "Point", "coordinates": [1.520828, 49.811381]}, "properties": {"stop_id": "FR:76122:ZE:1169690:ATOUMOD040", "stop_name": "Centre", "route_ids": ["ATOUMOD040:Line:1003075:LOC"]}}, {"type": "Feature", "geometry": {"type": "Point", "coordinates": [1.114151, 49.542642]}, "properties": {"stop_id": "FR:76123:ZE:1106024:ATOUMOD040", "stop_name": "Centre", "route_ids": ["ATOUMOD040:Line:1003059:LOC"]}}, {"type": "Feature", "geometry": {"type": "Point", "coordinates": [1.114291, 49.542524]}, "properties": {"stop_id": "FR:76123:ZE:1167307:ATOUMOD040", "stop_name": "Centre", "route_ids": ["ATOUMOD040:Line:1003059:LOC"]}}, {"type": "Feature", "geometry": {"type": "Point", "coordinates": [1.636082, 49.467327]}, "properties": {"stop_id": "FR:76124:ZE:1175094:ATOUMOD040", "stop_name": "Les Carreaux", "route_ids": ["ATOUMOD040:Line:1003076:LOC"]}}, {"type": "Feature", "geometry": {"type": "Point", "coordinates": [1.635863, 49.467385]}, "properties": {"stop_id": "FR:76067:ZE:1175095:ATOUMOD040", "stop_name": "Les Carreaux", "route_ids": ["ATOUMOD040:Line:1003076:LOC"]}}, {"type": "Feature", "geometry": {"type": "Point", "coordinates": [1.201225, 49.385787]}, "properties": {"stop_id": "FR:76116:ZE:1106040:ATOUMOD040", "stop_name": "College Masséot Abaquesne", "route_ids": ["ATOUMOD040:Line:1003065:LOC"]}}, {"type": "Feature", "geometry": {"type": "Point", "coordinates": [1.080564, 49.921777]}, "properties": {"stop_id": "FR:76217:ZE:1106044:ATOUMOD040", "stop_name": "Gare Routiere", "route_ids": ["ATOUMOD040:Line:1006919:LOC", "ATOUMOD040:Line:1003047:LOC", "ATOUMOD040:Line:1003067:LOC", "ATOUMOD040:Line:1003068:LOC", "ATOUMOD040:Line:1003069:LOC", "ATOUMOD040:Line:1003070:LOC", "ATOUMOD040:Line:1003071:LOC", "ATOUMOD040:Line:1003072:LOC", "ATOUMOD040:Line:1003078:LOC", "ATOUMOD040:Line:1003079:LOC"]}}, {"type": "Feature", "geometry": {"type": "Point", "coordinates": [1.103723, 49.928405]}, "properties": {"stop_id": "FR:76217:ZE:1106050:ATOUMOD040", "stop_name": "College Albert Camus", "route_ids": ["ATOUMOD040:Line:1003070:LOC"]}}, {"type": "Feature", "geometry": {"type": "Point", "coordinates": [1.086419, 49.927301]}, "properties": {"stop_id": "FR:76217:ZE:1106052:ATOUMOD040", "stop_name": "Le Pollet (Neuville)", "route_ids": ["ATOUMOD040:Line:1003070:LOC"]}}, {"type": "Feature", "geometry": {"type": "Point", "coordinates": [0.708747, 49.802331]}, "properties": {"stop_id": "FR:76189:ZE:1106058:ATOUMOD040", "stop_name": "Calvaire", "route_ids": ["ATOUMOD040:Line:1006899:LOC"]}}, {"type": "Feature", "geometry": {"type": "Point", "coordinates": [0.708602, 49.802737]}, "properties": {"stop_id": "FR:76189:ZE:1169944:ATOUMOD040", "stop_name": "Calvaire", "route_ids": ["ATOUMOD040:Line:1006899:LOC"]}}, {"type": "Feature", "geometry": {"type": "Point", "coordinates": [0.880352, 49.806772]}, "properties": {"stop_id": "FR:76190:ZE:1106066:ATOUMOD040", "stop_name": "Mairie École", "route_ids": ["ATOUMOD040:Line:1003047:LOC"]}}, {"type": "Feature", "geometry": {"type": "Point", "coordinates": [1.164275, 49.723289]}, "properties": {"stop_id": "FR:76034:ZE:1106068:ATOUMOD040", "stop_name": "CRESSY - Mairie", "route_ids": ["ATOUMOD040:Line:1003068:LOC"]}}, {"type": "Feature", "geometry": {"type": "Point", "coordinates": [1.157524, 49.723341]}, "properties": {"stop_id": "FR:76034:ZE:1106070:ATOUMOD040", "stop_name": "CRESSY - Ferme Halbourg", "route_ids": ["ATOUMOD040:Line:1003068:LOC"]}}, {"type": "Feature", "geometry": {"type": "Point", "coordinates": [0.457771, 49.749426]}, "properties": {"stop_id": "FR:76183:ZE:1106092:ATOUMOD040", "stop_name": "Centre", "route_ids": ["ATOUMOD040:Line:1003054:LOC"]}}, {"type": "Feature", "geometry": {"type": "Point", "coordinates": [0.44887, 49.74868]}, "properties": {"stop_id": "FR:76183:ZE:1106094:ATOUMOD040", "stop_name": "Mairie", "route_ids": ["ATOUMOD040:Line:1003054:LOC"]}}, {"type": "Feature", "geometry": {"type": "Point", "coordinates": [1.107133, 49.588544]}, "properties": {"stop_id": "FR:76179:ZE:1106100:ATOUMOD040", "stop_name": "Cordelleville", "route_ids": ["ATOUMOD040:Line:1003059:LOC"]}}, {"type": "Feature", "geometry": {"type": "Point", "coordinates": [1.10706, 49.588484]}, "properties": {"stop_id": "FR:76179:ZE:1169802:ATOUMOD040", "stop_name": "Cordelleville", "route_ids": ["ATOUMOD040:Line:1003059:LOC"]}}, {"type": "Feature", "geometry": {"type": "Point", "coordinates": [1.090651, 49.581387]}, "properties": {"stop_id": "FR:76179:ZE:1106102:ATOUMOD040", "stop_name": "La Chapelle du Tôt", "route_ids": ["ATOUMOD040:Line:1003059:LOC"]}}, {"type": "Feature", "geometry": {"type": "Point", "coordinates": [1.090788, 49.581855]}, "properties": {"stop_id": "FR:76179:ZE:1169819:ATOUMOD040", "stop_name": "La Chapelle du Tôt", "route_ids": ["ATOUMOD040:Line:1003059:LOC"]}}, {"type": "Feature", "geometry": {"type": "Point", "coordinates": [1.110189, 49.598627]}, "properties": {"stop_id": "FR:76179:ZE:1106104:ATOUMOD040", "stop_name": "Les Halles", "route_ids": ["ATOUMOD040:Line:1003059:LOC"]}}, {"type": "Feature", "geometry": {"type": "Point", "coordinates": [1.110284, 49.59869]}, "properties": {"stop_id": "FR:76179:ZE:1169857:ATOUMOD040", "stop_name": "Les Halles", "route_ids": ["ATOUMOD040:Line:1003059:LOC"]}}, {"type": "Feature", "geometry": {"type": "Point", "coordinates": [0.209831, 49.657959]}, "properties": {"stop_id": "FR:76064:ZE:1106172:ATOUMOD040", "stop_name": "La Forge", "route_ids": ["ATOUMOD040:Line:1003055:LOC"]}}, {"type": "Feature", "geometry": {"type": "Point", "coordinates": [1.001645, 49.729267]}, "properties": {"stop_id": "FR:76063:ZE:1106196:ATOUMOD040", "stop_name": "Beaumont", "route_ids": ["ATOUMOD040:Line:1003079:LOC"]}}, {"type": "Feature", "geometry": {"type": "Point", "coordinates": [1.001573, 49.72929]}, "properties": {"stop_id": "FR:76063:ZE:1169673:ATOUMOD040", "stop_name": "Beaumont", "route_ids": ["ATOUMOD040:Line:1003079:LOC"]}}, {"type": "Feature", "geometry": {"type": "Point", "coordinates": [1.054024, 49.740503]}, "properties": {"stop_id": "FR:76063:ZE:1106204:ATOUMOD040", "stop_name": "Bennetot - Lotissement", "route_ids": ["ATOUMOD040:Line:1003078:LOC"]}}, {"type": "Feature", "geometry": {"type": "Point", "coordinates": [1.054218, 49.740589]}, "properties": {"stop_id": "FR:76063:ZE:1167154:ATOUMOD040", "stop_name": "Bennetot - Lotissement", "route_ids": ["ATOUMOD040:Line:1003078:LOC"]}}, {"type": "Feature", "geometry": {"type": "Point", "coordinates": [0.947443, 49.542638]}, "properties": {"stop_id": "FR:76057:ZE:1106216:ATOUMOD040", "stop_name": "École Madame de Sévigné", "route_ids": ["ATOUMOD040:Line:1003058:LOC"]}}, {"type": "Feature", "geometry": {"type": "Point", "coordinates": [0.953244, 49.556187]}, "properties": {"stop_id": "FR:76057:ZE:1106220:ATOUMOD040", "stop_name": "College Bernard / Lycée Corneille", "route_ids": ["ATOUMOD040:Line:1003057:LOC"]}}, {"type": "Feature", "geometry": {"type": "Point", "coordinates": [0.955304, 49.556053]}, "properties": {"stop_id": "FR:76057:ZE:1106222:ATOUMOD040", "stop_name": "Richepin", "route_ids": ["ATOUMOD040:Line:1003058:LOC"]}}, {"type": "Feature", "geometry": {"type": "Point", "coordinates": [1.551825, 49.957993]}, "properties": {"stop_id": "FR:76059:ZE:1106232:ATOUMOD040", "stop_name": "Monument aux Morts", "route_ids": ["ATOUMOD040:Line:1003075:LOC"]}}, {"type": "Feature", "geometry": {"type": "Point", "coordinates": [0.952956, 49.55743]}, "properties": {"stop_id": "FR:76057:ZE:1106238:ATOUMOD040", "stop_name": "Lalizel", "route_ids": ["ATOUMOD040:Line:1003057:LOC"]}}, {"type": "Feature", "geometry": {"type": "Point", "coordinates": [0.952837, 49.55745]}, "properties": {"stop_id": "FR:76057:ZE:1169371:ATOUMOD040", "stop_name": "Lalizel", "route_ids": ["ATOUMOD040:Line:1003057:LOC"]}}, {"type": "Feature", "geometry": {"type": "Point", "coordinates": [0.953485, 49.540268]}, "properties": {"stop_id": "FR:76057:ZE:1106242:ATOUMOD040", "stop_name": "Marie Curie", "route_ids": ["ATOUMOD040:Line:1003057:LOC"]}}, {"type": "Feature", "geometry": {"type": "Point", "coordinates": [0.953806, 49.53991]}, "properties": {"stop_id": "FR:76057:ZE:1158150:ATOUMOD040", "stop_name": "Marie Curie", "route_ids": ["ATOUMOD040:Line:1003057:LOC"]}}, {"type": "Feature", "geometry": {"type": "Point", "coordinates": [0.954327, 49.541998]}, "properties": {"stop_id": "FR:76057:ZE:1106262:ATOUMOD040", "stop_name": "Hôpital", "route_ids": ["ATOUMOD040:Line:1003057:LOC", "ATOUMOD040:Line:1003058:LOC"]}}, {"type": "Feature", "geometry": {"type": "Point", "coordinates": [0.954856, 49.542523]}, "properties": {"stop_id": "FR:76057:ZE:1158151:ATOUMOD040", "stop_name": "Hôpital", "route_ids": ["ATOUMOD040:Line:1003057:LOC", "ATOUMOD040:Line:1003058:LOC"]}}, {"type": "Feature", "geometry": {"type": "Point", "coordinates": [1.33733, 49.913006]}, "properties": {"stop_id": "FR:76054:ZE:1169657:ATOUMOD040", "stop_name": "Centre", "route_ids": ["ATOUMOD040:Line:1003069:LOC"]}}, {"type": "Feature", "geometry": {"type": "Point", "coordinates": [1.337211, 49.913254]}, "properties": {"stop_id": "FR:76054:ZE:1174016:ATOUMOD040", "stop_name": "Centre", "route_ids": ["ATOUMOD040:Line:1003069:LOC"]}}, {"type": "Feature", "geometry": {"type": "Point", "coordinates": [0.925659, 49.849209]}, "properties": {"stop_id": "FR:76050:ZE:1106326:ATOUMOD040", "stop_name": "Salle des Fetes", "route_ids": ["ATOUMOD040:Line:1003047:LOC"]}}, {"type": "Feature", "geometry": {"type": "Point", "coordinates": [0.925536, 49.849229]}, "properties": {"stop_id": "FR:76050:ZE:1169736:ATOUMOD040", "stop_name": "Salle des Fetes", "route_ids": ["ATOUMOD040:Line:1003047:LOC"]}}, {"type": "Feature", "geometry": {"type": "Point", "coordinates": [0.999626, 49.78642]}, "properties": {"stop_id": "FR:76051:ZE:1106328:ATOUMOD040", "stop_name": "Plc du Général de Gaulle", "route_ids": ["ATOUMOD040:Line:1003079:LOC"]}}, {"type": "Feature", "geometry": {"type": "Point", "coordinates": [0.999685, 49.786459]}, "properties": {"stop_id": "FR:76051:ZE:1169653:ATOUMOD040", "stop_name": "Plc du Général de Gaulle", "route_ids": ["ATOUMOD040:Line:1003079:LOC"]}}, {"type": "Feature", "geometry": {"type": "Point", "coordinates": [1.026086, 49.794187]}, "properties": {"stop_id": "FR:76051:ZE:1106340:ATOUMOD040", "stop_name": "Pierreville", "route_ids": ["ATOUMOD040:Line:1003079:LOC"]}}, {"type": "Feature", "geometry": {"type": "Point", "coordinates": [1.026067, 49.794136]}, "properties": {"stop_id": "FR:76051:ZE:1169651:ATOUMOD040", "stop_name": "Pierreville", "route_ids": ["ATOUMOD040:Line:1003079:LOC"]}}, {"type": "Feature", "geometry": {"type": "Point", "coordinates": [1.30796, 50.013433]}, "properties": {"stop_id": "FR:76192:ZE:1106342:ATOUMOD040", "stop_name": "Route de Dieppe", "route_ids": ["ATOUMOD040:Line:1003072:LOC"]}}, {"type": "Feature", "geometry": {"type": "Point", "coordinates": [1.307784, 50.013295]}, "properties": {"stop_id": "FR:76192:ZE:1172451:ATOUMOD040", "stop_name": "Route de Dieppe", "route_ids": ["ATOUMOD040:Line:1003072:LOC"]}}, {"type": "Feature", "geometry": {"type": "Point", "coordinates": [1.310761, 49.442258]}, "properties": {"stop_id": "FR:76046:ZE:1106360:ATOUMOD040", "stop_name": "Place de l'Église (École)", "route_ids": ["ATOUMOD040:Line:1003076:LOC"]}}, {"type": "Feature", "geometry": {"type": "Point", "coordinates": [0.933794, 49.745305]}, "properties": {"stop_id": "FR:76047:ZE:1106364:ATOUMOD040", "stop_name": "École", "route_ids": ["ATOUMOD040:Line:1003079:LOC"]}}, {"type": "Feature", "geometry": {"type": "Point", "coordinates": [0.93419, 49.74525]}, "properties": {"stop_id": "FR:76047:ZE:1179742:ATOUMOD040", "stop_name": "École", "route_ids": ["ATOUMOD040:Line:1003079:LOC"]}}, {"type": "Feature", "geometry": {"type": "Point", "coordinates": [1.668816, 49.476862]}, "properties": {"stop_id": "FR:76048:ZE:1106376:ATOUMOD040", "stop_name": "Route Nationale", "route_ids": ["ATOUMOD040:Line:1003076:LOC"]}}, {"type": "Feature", "geometry": {"type": "Point", "coordinates": [1.318897, 49.443202]}, "properties": {"stop_id": "FR:76046:ZE:1106392:ATOUMOD040", "stop_name": "Les Lesques", "route_ids": ["ATOUMOD040:Line:1003076:LOC"]}}, {"type": "Feature", "geometry": {"type": "Point", "coordinates": [0.72787, 49.595969]}, "properties": {"stop_id": "FR:76043:ZE:1106402:ATOUMOD040", "stop_name": "Centre", "route_ids": ["ATOUMOD040:Line:1003048:LOC"]}}, {"type": "Feature", "geometry": {"type": "Point", "coordinates": [0.728764, 49.595787]}, "properties": {"stop_id": "FR:76043:ZE:1158323:ATOUMOD040", "stop_name": "Centre", "route_ids": ["ATOUMOD040:Line:1003048:LOC"]}}, {"type": "Feature", "geometry": {"type": "Point", "coordinates": [0.865362, 49.562543]}, "properties": {"stop_id": "FR:76099:ZE:1106466:ATOUMOD040", "stop_name": "Mairie", "route_ids": ["ATOUMOD040:Line:1003057:LOC"]}}, {"type": "Feature", "geometry": {"type": "Point", "coordinates": [1.274853, 49.503533]}, "properties": {"stop_id": "FR:76100:ZE:1106468:ATOUMOD040", "stop_name": "Gruchy", "route_ids": ["ATOUMOD040:Line:1003050:LOC"]}}, {"type": "Feature", "geometry": {"type": "Point", "coordinates": [1.274854, 49.503567]}, "properties": {"stop_id": "FR:76100:ZE:1172837:ATOUMOD040", "stop_name": "Gruchy", "route_ids": ["ATOUMOD040:Line:1003050:LOC"]}}, {"type": "Feature", "geometry": {"type": "Point", "coordinates": [1.30767, 49.505479]}, "properties": {"stop_id": "FR:76100:ZE:1106472:ATOUMOD040", "stop_name": "Château", "route_ids": ["ATOUMOD040:Line:1003050:LOC"]}}, {"type": "Feature", "geometry": {"type": "Point", "coordinates": [1.307791, 49.50548]}, "properties": {"stop_id": "FR:76100:ZE:1161888:ATOUMOD040", "stop_name": "Château", "route_ids": ["ATOUMOD040:Line:1003050:LOC"]}}, {"type": "Feature", "geometry": {"type": "Point", "coordinates": [1.299655, 49.50349]}, "properties": {"stop_id": "FR:76100:ZE:1106474:ATOUMOD040", "stop_name": "Mairie", "route_ids": ["ATOUMOD040:Line:1003050:LOC"]}}, {"type": "Feature", "geometry": {"type": "Point", "coordinates": [1.299693, 49.503459]}, "properties": {"stop_id": "FR:76100:ZE:1161889:ATOUMOD040", "stop_name": "Mairie", "route_ids": ["ATOUMOD040:Line:1003050:LOC"]}}, {"type": "Feature", "geometry": {"type": "Point", "coordinates": [1.603742, 49.890467]}, "properties": {"stop_id": "FR:76520:ZE:1106478:ATOUMOD040", "stop_name": "Poteau Maître-Jean", "route_ids": ["ATOUMOD040:Line:1003075:LOC"]}}, {"type": "Feature", "geometry": {"type": "Point", "coordinates": [1.62041, 49.93368]}, "properties": {"stop_id": "FR:76101:ZE:1106482:ATOUMOD040", "stop_name": "Cimetiere", "route_ids": ["ATOUMOD040:Line:1003075:LOC"]}}, {"type": "Feature", "geometry": {"type": "Point", "coordinates": [1.62044, 49.933721]}, "properties": {"stop_id": "FR:76101:ZE:1172767:ATOUMOD040", "stop_name": "Cimetiere", "route_ids": ["ATOUMOD040:Line:1003075:LOC"]}}, {"type": "Feature", "geometry": {"type": "Point", "coordinates": [1.048587, 49.721079]}, "properties": {"stop_id": "FR:76096:ZE:1106486:ATOUMOD040", "stop_name": "Mairie", "route_ids": ["ATOUMOD040:Line:1003078:LOC"]}}, {"type": "Feature", "geometry": {"type": "Point", "coordinates": [1.048512, 49.721101]}, "properties": {"stop_id": "FR:76096:ZE:1158355:ATOUMOD040", "stop_name": "Mairie", "route_ids": ["ATOUMOD040:Line:1003078:LOC"]}}, {"type": "Feature", "geometry": {"type": "Point", "coordinates": [1.255093, 49.980819]}, "properties": {"stop_id": "FR:76618:ZE:1106490:ATOUMOD040", "stop_name": "BIVILLE-SUR-MER - École", "route_ids": ["ATOUMOD040:Line:1003072:LOC"]}}, {"type": "Feature", "geometry": {"type": "Point", "coordinates": [1.254917, 49.980883]}, "properties": {"stop_id": "FR:76618:ZE:1172434:ATOUMOD040", "stop_name": "BIVILLE-SUR-MER - École", "route_ids": ["ATOUMOD040:Line:1003072:LOC"]}}, {"type": "Feature", "geometry": {"type": "Point", "coordinates": [1.256404, 49.978141]}, "properties": {"stop_id": "FR:76618:ZE:1106492:ATOUMOD040", "stop_name": "BIVILLE-SUR-MER - Avenue de l'Europe", "route_ids": ["ATOUMOD040:Line:1003072:LOC"]}}, {"type": "Feature", "geometry": {"type": "Point", "coordinates": [1.256334, 49.978174]}, "properties": {"stop_id": "FR:76618:ZE:1158307:ATOUMOD040", "stop_name": "BIVILLE-SUR-MER - Avenue de l'Europe", "route_ids": ["ATOUMOD040:Line:1003072:LOC"]}}, {"type": "Feature", "geometry": {"type": "Point", "coordinates": [0.792836, 49.552871]}, "properties": {"stop_id": "FR:76289:ZE:1106538:ATOUMOD040", "stop_name": "BETTEVILLE - Centre", "route_ids": ["ATOUMOD040:Line:1003057:LOC"]}}, {"type": "Feature", "geometry": {"type": "Point", "coordinates": [0.428607, 49.590718]}, "properties": {"stop_id": "FR:76090:ZE:1106540:ATOUMOD040", "stop_name": "Mairie", "route_ids": ["ATOUMOD040:Line:1003043:LOC", "ATOUMOD040:Line:1003053:LOC"]}}, {"type": "Feature", "geometry": {"type": "Point", "coordinates": [0.983258, 49.678566]}, "properties": {"stop_id": "FR:76086:ZE:1106548:ATOUMOD040", "stop_name": "Bois Guignon", "route_ids": ["ATOUMOD040:Line:1003078:LOC"]}}, {"type": "Feature", "geometry": {"type": "Point", "coordinates": [1.055332, 49.8155]}, "properties": {"stop_id": "FR:76085:ZE:1106552:ATOUMOD040", "stop_name": "Bout l'Abbé", "route_ids": ["ATOUMOD040:Line:1003079:LOC"]}}, {"type": "Feature", "geometry": {"type": "Point", "coordinates": [1.055594, 49.815661]}, "properties": {"stop_id": "FR:76085:ZE:1171618:ATOUMOD040", "stop_name": "Bout l'Abbé", "route_ids": ["ATOUMOD040:Line:1003079:LOC"]}}, {"type": "Feature", "geometry": {"type": "Point", "coordinates": [1.050065, 49.804138]}, "properties": {"stop_id": "FR:76085:ZE:1106554:ATOUMOD040", "stop_name": "Château", "route_ids": ["ATOUMOD040:Line:1003079:LOC"]}}, {"type": "Feature", "geometry": {"type": "Point", "coordinates": [1.050963, 49.803683]}, "properties": {"stop_id": "FR:76085:ZE:1172994:ATOUMOD040", "stop_name": "Château", "route_ids": ["ATOUMOD040:Line:1003079:LOC"]}}, {"type": "Feature", "geometry": {"type": "Point", "coordinates": [1.041384, 49.810835]}, "properties": {"stop_id": "FR:76085:ZE:1171619:ATOUMOD040", "stop_name": "Briqueterie", "route_ids": ["ATOUMOD040:Line:1003079:LOC"]}}, {"type": "Feature", "geometry": {"type": "Point", "coordinates": [0.984565, 49.677481]}, "properties": {"stop_id": "FR:76086:ZE:1106560:ATOUMOD040", "stop_name": "Le Nisbourg", "route_ids": ["ATOUMOD040:Line:1003078:LOC"]}}, {"type": "Feature", "geometry": {"type": "Point", "coordinates": [0.985446, 49.676722]}, "properties": {"stop_id": "FR:76086:ZE:1177767:ATOUMOD040", "stop_name": "Le Nisbourg", "route_ids": ["ATOUMOD040:Line:1003078:LOC"]}}, {"type": "Feature", "geometry": {"type": "Point", "coordinates": [0.634737, 49.639571]}, "properties": {"stop_id": "FR:76258:ZE:1106562:ATOUMOD040", "stop_name": "BERMONVILLE - Mairie / École", "route_ids": ["ATOUMOD040:Line:1003056:LOC"]}}, {"type": "Feature", "geometry": {"type": "Point", "coordinates": [0.247253, 49.716451]}, "properties": {"stop_id": "FR:76079:ZE:1106588:ATOUMOD040", "stop_name": "Le Bout de la Ville", "route_ids": ["ATOUMOD040:Line:1003055:LOC"]}}, {"type": "Feature", "geometry": {"type": "Point", "coordinates": [1.165354, 49.949249]}, "properties": {"stop_id": "FR:76618:ZE:1106590:ATOUMOD040", "stop_name": "BELLEVILLE-SUR-MER - Mairie", "route_ids": ["ATOUMOD040:Line:1003070:LOC", "ATOUMOD040:Line:1003072:LOC"]}}, {"type": "Feature", "geometry": {"type": "Point", "coordinates": [1.165131, 49.949339]}, "properties": {"stop_id": "FR:76618:ZE:1172200:ATOUMOD040", "stop_name": "BELLEVILLE-SUR-MER - Mairie", "route_ids": ["ATOUMOD040:Line:1003070:LOC", "ATOUMOD040:Line:1003072:LOC"]}}, {"type": "Feature", "geometry": {"type": "Point", "coordinates": [1.055153, 49.778397]}, "properties": {"stop_id": "FR:76197:ZE:1106600:ATOUMOD040", "stop_name": "Rue du Vide-Bouteilles", "route_ids": ["ATOUMOD040:Line:1003079:LOC"]}}, {"type": "Feature", "geometry": {"type": "Point", "coordinates": [1.048754, 49.769375]}, "properties": {"stop_id": "FR:76075:ZE:1106602:ATOUMOD040", "stop_name": "Mairie", "route_ids": ["ATOUMOD040:Line:1003079:LOC"]}}, {"type": "Feature", "geometry": {"type": "Point", "coordinates": [1.048862, 49.769617]}, "properties": {"stop_id": "FR:76075:ZE:1158350:ATOUMOD040", "stop_name": "Mairie", "route_ids": ["ATOUMOD040:Line:1003079:LOC"]}}, {"type": "Feature", "geometry": {"type": "Point", "coordinates": [1.226655, 49.707751]}, "properties": {"stop_id": "FR:76070:ZE:1106610:ATOUMOD040", "stop_name": "Le Bourg", "route_ids": ["ATOUMOD040:Line:1003068:LOC"]}}, {"type": "Feature", "geometry": {"type": "Point", "coordinates": [1.226724, 49.707732]}, "properties": {"stop_id": "FR:76070:ZE:1172884:ATOUMOD040", "stop_name": "Le Bourg", "route_ids": ["ATOUMOD040:Line:1003068:LOC"]}}, {"type": "Feature", "geometry": {"type": "Point", "coordinates": [1.217973, 49.908969]}, "properties": {"stop_id": "FR:76071:ZE:1106622:ATOUMOD040", "stop_name": "Le Haras", "route_ids": ["ATOUMOD040:Line:1003069:LOC"]}}, {"type": "Feature", "geometry": {"type": "Point", "coordinates": [1.218431, 49.908947]}, "properties": {"stop_id": "FR:76071:ZE:1172888:ATOUMOD040", "stop_name": "Le Haras", "route_ids": ["ATOUMOD040:Line:1003069:LOC"]}}, {"type": "Feature", "geometry": {"type": "Point", "coordinates": [0.987573, 49.707176]}, "properties": {"stop_id": "FR:76072:ZE:1106624:ATOUMOD040", "stop_name": "Cimetiere", "route_ids": ["ATOUMOD040:Line:1003078:LOC"]}}, {"type": "Feature", "geometry": {"type": "Point", "coordinates": [0.987637, 49.707203]}, "properties": {"stop_id": "FR:76072:ZE:1172900:ATOUMOD040", "stop_name": "Cimetiere", "route_ids": ["ATOUMOD040:Line:1003078:LOC"]}}, {"type": "Feature", "geometry": {"type": "Point", "coordinates": [0.995242, 49.699396]}, "properties": {"stop_id": "FR:76072:ZE:1106626:ATOUMOD040", "stop_name": "Bel Évent", "route_ids": ["ATOUMOD040:Line:1003078:LOC"]}}, {"type": "Feature", "geometry": {"type": "Point", "coordinates": [0.995151, 49.699397]}, "properties": {"stop_id": "FR:76072:ZE:1172893:ATOUMOD040", "stop_name": "Bel Évent", "route_ids": ["ATOUMOD040:Line:1003078:LOC"]}}, {"type": "Feature", "geometry": {"type": "Point", "coordinates": [0.990778, 49.703164]}, "properties": {"stop_id": "FR:76072:ZE:1106628:ATOUMOD040", "stop_name": "Mairie / École", "route_ids": ["ATOUMOD040:Line:1003078:LOC"]}}, {"type": "Feature", "geometry": {"type": "Point", "coordinates": [0.990549, 49.703368]}, "properties": {"stop_id": "FR:76072:ZE:1172901:ATOUMOD040", "stop_name": "Mairie / École", "route_ids": ["ATOUMOD040:Line:1003078:LOC"]}}, {"type": "Feature", "geometry": {"type": "Point", "coordinates": [0.237219, 49.632922]}, "properties": {"stop_id": "FR:76017:ZE:1106638:ATOUMOD040", "stop_name": "Centre", "route_ids": ["ATOUMOD040:Line:1003054:LOC", "ATOUMOD040:Line:1003055:LOC"]}}, {"type": "Feature", "geometry": {"type": "Point", "coordinates": [0.240767, 49.641071]}, "properties": {"stop_id": "FR:76017:ZE:1106640:ATOUMOD040", "stop_name": "La Grande Mare", "route_ids": ["ATOUMOD040:Line:1003055:LOC"]}}, {"type": "Feature", "geometry": {"type": "Point", "coordinates": [0.240533, 49.641117]}, "properties": {"stop_id": "FR:76017:ZE:1158168:ATOUMOD040", "stop_name": "La Grande Mare", "route_ids": ["ATOUMOD040:Line:1003055:LOC"]}}, {"type": "Feature", "geometry": {"type": "Point", "coordinates": [0.963121, 49.703822]}, "properties": {"stop_id": "FR:76018:ZE:1106642:ATOUMOD040", "stop_name": "Mairie", "route_ids": ["ATOUMOD040:Line:1003078:LOC"]}}, {"type": "Feature", "geometry": {"type": "Point", "coordinates": [0.998883, 49.856629]}, "properties": {"stop_id": "FR:76004:ZE:1106652:ATOUMOD040", "stop_name": "Rue de l'Ancienne Mare", "route_ids": ["ATOUMOD040:Line:1003047:LOC"]}}, {"type": "Feature", "geometry": {"type": "Point", "coordinates": [0.998949, 49.856694]}, "properties": {"stop_id": "FR:76004:ZE:1169544:ATOUMOD040", "stop_name": "Rue de l'Ancienne Mare", "route_ids": ["ATOUMOD040:Line:1003047:LOC"]}}, {"type": "Feature", "geometry": {"type": "Point", "coordinates": [1.180999, 49.910652]}, "properties": {"stop_id": "FR:76008:ZE:1106684:ATOUMOD040", "stop_name": "Église", "route_ids": ["ATOUMOD040:Line:1003069:LOC"]}}, {"type": "Feature", "geometry": {"type": "Point", "coordinates": [1.181, 49.910609]}, "properties": {"stop_id": "FR:76008:ZE:1169547:ATOUMOD040", "stop_name": "Église", "route_ids": ["ATOUMOD040:Line:1003069:LOC"]}}, {"type": "Feature", "geometry": {"type": "Point", "coordinates": [0.445403, 49.671486]}, "properties": {"stop_id": "FR:76012:ZE:1106700:ATOUMOD040", "stop_name": "Château", "route_ids": ["ATOUMOD040:Line:1003053:LOC"]}}, {"type": "Feature", "geometry": {"type": "Point", "coordinates": [0.456719, 49.666484]}, "properties": {"stop_id": "FR:76012:ZE:1106702:ATOUMOD040", "stop_name": "Mairie / École", "route_ids": ["ATOUMOD040:Line:1003053:LOC"]}}, {"type": "Feature", "geometry": {"type": "Point", "coordinates": [0.461808, 49.661117]}, "properties": {"stop_id": "FR:76012:ZE:1106704:ATOUMOD040", "stop_name": "Les Sapins", "route_ids": ["ATOUMOD040:Line:1003053:LOC"]}}, {"type": "Feature", "geometry": {"type": "Point", "coordinates": [0.454274, 49.667167]}, "properties": {"stop_id": "FR:76012:ZE:1106706:ATOUMOD040", "stop_name": "Église", "route_ids": ["ATOUMOD040:Line:1003053:LOC"]}}, {"type": "Feature", "geometry": {"type": "Point", "coordinates": [0.281796, 49.588062]}, "properties": {"stop_id": "FR:76014:ZE:1106720:ATOUMOD040", "stop_name": "Mairie", "route_ids": ["ATOUMOD040:Line:1003054:LOC"]}}, {"type": "Feature", "geometry": {"type": "Point", "coordinates": [0.278173, 49.590003]}, "properties": {"stop_id": "FR:76014:ZE:1106724:ATOUMOD040", "stop_name": "Les Violettes", "route_ids": ["ATOUMOD040:Line:1003054:LOC"]}}, {"type": "Feature", "geometry": {"type": "Point", "coordinates": [1.735823, 49.388549]}, "properties": {"stop_id": "FR:60626:ZE:1106826:ATOUMOD040", "stop_name": "Mairie", "route_ids": ["ATOUMOD040:Line:1006919:LOC"]}}, {"type": "Feature", "geometry": {"type": "Point", "coordinates": [1.736137, 49.388447]}, "properties": {"stop_id": "FR:60626:ZE:1175854:ATOUMOD040", "stop_name": "Mairie", "route_ids": ["ATOUMOD040:Line:1006919:LOC"]}}, {"type": "Feature", "geometry": {"type": "Point", "coordinates": [1.332531, 49.681148]}, "properties": {"stop_id": "FR:76417:ZE:1171760:ATOUMOD040", "stop_name": "Centre", "route_ids": ["ATOUMOD040:Line:1003073:LOC"]}}, {"type": "Feature", "geometry": {"type": "Point", "coordinates": [1.332626, 49.681126]}, "properties": {"stop_id": "FR:76417:ZE:1171761:ATOUMOD040", "stop_name": "Centre", "route_ids": ["ATOUMOD040:Line:1003073:LOC"]}}, {"type": "Feature", "geometry": {"type": "Point", "coordinates": [1.440837, 49.738889]}, "properties": {"stop_id": "FR:76462:ZE:1106916:ATOUMOD040", "stop_name": "Lycée Georges Brassens", "route_ids": ["ATOUMOD040:Line:1003075:LOC"]}}, {"type": "Feature", "geometry": {"type": "Point", "coordinates": [1.293778, 49.676047]}, "properties": {"stop_id": "FR:76648:ZE:1106932:ATOUMOD040", "stop_name": "Val de Boulogne", "route_ids": ["ATOUMOD040:Line:1003073:LOC"]}}, {"type": "Feature", "geometry": {"type": "Point", "coordinates": [1.293881, 49.676007]}, "properties": {"stop_id": "FR:76648:ZE:1168109:ATOUMOD040", "stop_name": "Val de Boulogne", "route_ids": ["ATOUMOD040:Line:1003073:LOC"]}}, {"type": "Feature", "geometry": {"type": "Point", "coordinates": [0.590107, 49.827994]}, "properties": {"stop_id": "FR:76032:ZE:1106966:ATOUMOD040", "stop_name": "Mairie / École", "route_ids": ["ATOUMOD040:Line:1003066:LOC"]}}, {"type": "Feature", "geometry": {"type": "Point", "coordinates": [0.368575, 49.679989]}, "properties": {"stop_id": "FR:76033:ZE:1106972:ATOUMOD040", "stop_name": "Bourg", "route_ids": ["ATOUMOD040:Line:1003053:LOC", "ATOUMOD040:Line:1003054:LOC"]}}, {"type": "Feature", "geometry": {"type": "Point", "coordinates": [1.121262, 49.853267]}, "properties": {"stop_id": "FR:76030:ZE:1106990:ATOUMOD040", "stop_name": "Mairie / École", "route_ids": ["ATOUMOD040:Line:1003068:LOC"]}}, {"type": "Feature", "geometry": {"type": "Point", "coordinates": [1.121205, 49.853264]}, "properties": {"stop_id": "FR:76030:ZE:1169593:ATOUMOD040", "stop_name": "Mairie / École", "route_ids": ["ATOUMOD040:Line:1003068:LOC"]}}, {"type": "Feature", "geometry": {"type": "Point", "coordinates": [0.600534, 49.531002]}, "properties": {"stop_id": "FR:76476:ZE:1106998:ATOUMOD040", "stop_name": "AUBERVILLE-LA-CAMPAGNE - Centre", "route_ids": ["ATOUMOD040:Line:1003051:LOC"]}}, {"type": "Feature", "geometry": {"type": "Point", "coordinates": [1.133712, 49.880963]}, "properties": {"stop_id": "FR:76026:ZE:1107000:ATOUMOD040", "stop_name": "Gare", "route_ids": ["ATOUMOD040:Line:1006919:LOC", "ATOUMOD040:Line:1003071:LOC"]}}, {"type": "Feature", "geometry": {"type": "Point", "coordinates": [1.133796, 49.880911]}, "properties": {"stop_id": "FR:76026:ZE:1169585:ATOUMOD040", "stop_name": "Gare", "route_ids": ["ATOUMOD040:Line:1006919:LOC", "ATOUMOD040:Line:1003071:LOC"]}}, {"type": "Feature", "geometry": {"type": "Point", "coordinates": [1.126475, 49.881839]}, "properties": {"stop_id": "FR:76026:ZE:1107002:ATOUMOD040", "stop_name": "Place Lombardie", "route_ids": ["ATOUMOD040:Line:1003071:LOC", "ATOUMOD040:Line:1003068:LOC"]}}, {"type": "Feature", "geometry": {"type": "Point", "coordinates": [1.126419, 49.881853]}, "properties": {"stop_id": "FR:76026:ZE:1169586:ATOUMOD040", "stop_name": "Place Lombardie", "route_ids": ["ATOUMOD040:Line:1003068:LOC", "ATOUMOD040:Line:1003071:LOC"]}}, {"type": "Feature", "geometry": {"type": "Point", "coordinates": [1.14106, 49.882594]}, "properties": {"stop_id": "FR:76026:ZE:1175135:ATOUMOD040", "stop_name": "Archelles", "route_ids": ["ATOUMOD040:Line:1003071:LOC"]}}, {"type": "Feature", "geometry": {"type": "Point", "coordinates": [1.140644, 49.882353]}, "properties": {"stop_id": "FR:76026:ZE:1175136:ATOUMOD040", "stop_name": "Archelles", "route_ids": ["ATOUMOD040:Line:1003071:LOC"]}}, {"type": "Feature", "geometry": {"type": "Point", "coordinates": [1.291952, 49.983757]}, "properties": {"stop_id": "FR:76618:ZE:1107006:ATOUMOD040", "stop_name": "ASSIGNY - Mairie / École", "route_ids": ["ATOUMOD040:Line:1003069:LOC"]}}, {"type": "Feature", "geometry": {"type": "Point", "coordinates": [1.291943, 49.983804]}, "properties": {"stop_id": "FR:76618:ZE:1172188:ATOUMOD040", "stop_name": "ASSIGNY - Mairie / École", "route_ids": ["ATOUMOD040:Line:1003069:LOC"]}}, {"type": "Feature", "geometry": {"type": "Point", "coordinates": [0.750727, 49.621876]}, "properties": {"stop_id": "FR:76758:ZE:1107062:ATOUMOD040", "stop_name": "Gare Sncf", "route_ids": ["ATOUMOD040:Line:1006899:LOC", "ATOUMOD040:Line:1003048:LOC", "ATOUMOD040:Line:1003056:LOC"]}}, {"type": "Feature", "geometry": {"type": "Point", "coordinates": [1.427975, 49.886699]}, "properties": {"stop_id": "FR:76286:ZE:1107068:ATOUMOD040", "stop_name": "Centre", "route_ids": ["ATOUMOD040:Line:1003069:LOC"]}}, {"type": "Feature", "geometry": {"type": "Point", "coordinates": [1.429558, 49.887868]}, "properties": {"stop_id": "FR:76286:ZE:1158315:ATOUMOD040", "stop_name": "Centre", "route_ids": ["ATOUMOD040:Line:1003069:LOC"]}}, {"type": "Feature", "geometry": {"type": "Point", "coordinates": [1.422723, 49.873253]}, "properties": {"stop_id": "FR:76286:ZE:1107070:ATOUMOD040", "stop_name": "Bailly-en-Campagne", "route_ids": ["ATOUMOD040:Line:1003069:LOC"]}}, {"type": "Feature", "geometry": {"type": "Point", "coordinates": [1.422788, 49.873232]}, "properties": {"stop_id": "FR:76286:ZE:1171448:ATOUMOD040", "stop_name": "Bailly-en-Campagne", "route_ids": ["ATOUMOD040:Line:1003069:LOC"]}}, {"type": "Feature", "geometry": {"type": "Point", "coordinates": [1.105725, 49.583957]}, "properties": {"stop_id": "FR:76179:ZE:1107090:ATOUMOD040", "stop_name": "La Folie", "route_ids": ["ATOUMOD040:Line:1003059:LOC"]}}, {"type": "Feature", "geometry": {"type": "Point", "coordinates": [1.106918, 49.61339]}, "properties": {"stop_id": "FR:76331:ZE:1107096:ATOUMOD040", "stop_name": "La Chapelle", "route_ids": ["ATOUMOD040:Line:1003059:LOC"]}}, {"type": "Feature", "geometry": {"type": "Point", "coordinates": [1.106979, 49.61341]}, "properties": {"stop_id": "FR:76331:ZE:1171659:ATOUMOD040", "stop_name": "La Chapelle", "route_ids": ["ATOUMOD040:Line:1003059:LOC"]}}, {"type": "Feature", "geometry": {"type": "Point", "coordinates": [1.109991, 49.571305]}, "properties": {"stop_id": "FR:76443:ZE:1107102:ATOUMOD040", "stop_name": "Mairie", "route_ids": ["ATOUMOD040:Line:1003059:LOC"]}}, {"type": "Feature", "geometry": {"type": "Point", "coordinates": [1.110052, 49.571305]}, "properties": {"stop_id": "FR:76443:ZE:1171299:ATOUMOD040", "stop_name": "Mairie", "route_ids": ["ATOUMOD040:Line:1003059:LOC"]}}, {"type": "Feature", "geometry": {"type": "Point", "coordinates": [1.252364, 49.555108]}, "properties": {"stop_id": "FR:76547:ZE:1107104:ATOUMOD040", "stop_name": "Le Bout Rogne", "route_ids": ["ATOUMOD040:Line:1003073:LOC"]}}, {"type": "Feature", "geometry": {"type": "Point", "coordinates": [1.252304, 49.555031]}, "properties": {"stop_id": "FR:76547:ZE:1170514:ATOUMOD040", "stop_name": "Le Bout Rogne", "route_ids": ["ATOUMOD040:Line:1003073:LOC"]}}, {"type": "Feature", "geometry": {"type": "Point", "coordinates": [0.40518, 49.52751]}, "properties": {"stop_id": "FR:76522:ZE:1107112:ATOUMOD040", "stop_name": "École Henri Des", "route_ids": ["ATOUMOD040:Line:1003051:LOC"]}}, {"type": "Feature", "geometry": {"type": "Point", "coordinates": [1.568497, 49.969985]}, "properties": {"stop_id": "FR:76441:ZE:1107128:ATOUMOD040", "stop_name": "L'Épinoy", "route_ids": ["ATOUMOD040:Line:1003075:LOC"]}}, {"type": "Feature", "geometry": {"type": "Point", "coordinates": [0.387852, 49.74633]}, "properties": {"stop_id": "FR:76259:ZE:1107158:ATOUMOD040", "stop_name": "Cité Scolaire (Lycée Guy de Maupassant)", "route_ids": ["ATOUMOD040:Line:1003053:LOC", "ATOUMOD040:Line:1003054:LOC", "ATOUMOD040:Line:1003055:LOC", "ATOUMOD040:Line:1003066:LOC"]}}, {"type": "Feature", "geometry": {"type": "Point", "coordinates": [0.380023, 49.755715]}, "properties": {"stop_id": "FR:76259:ZE:1107162:ATOUMOD040", "stop_name": "Hôtel de Ville", "route_ids": ["ATOUMOD040:Line:1003053:LOC", "ATOUMOD040:Line:1003054:LOC", "ATOUMOD040:Line:1003055:LOC"]}}, {"type": "Feature", "geometry": {"type": "Point", "coordinates": [0.380363, 49.755816]}, "properties": {"stop_id": "FR:76259:ZE:1170662:ATOUMOD040", "stop_name": "Hôtel de Ville", "route_ids": ["ATOUMOD040:Line:1003054:LOC", "ATOUMOD040:Line:1003055:LOC", "ATOUMOD040:Line:1003053:LOC"]}}, {"type": "Feature", "geometry": {"type": "Point", "coordinates": [1.15565, 49.862699]}, "properties": {"stop_id": "FR:76413:ZE:1107164:ATOUMOD040", "stop_name": "Lotissement Communal", "route_ids": ["ATOUMOD040:Line:1003068:LOC"]}}, {"type": "Feature", "geometry": {"type": "Point", "coordinates": [0.347307, 49.698783]}, "properties": {"stop_id": "FR:76406:ZE:1107172:ATOUMOD040", "stop_name": "Château", "route_ids": ["ATOUMOD040:Line:1003054:LOC", "ATOUMOD040:Line:1003055:LOC"]}}, {"type": "Feature", "geometry": {"type": "Point", "coordinates": [0.213869, 49.652574]}, "properties": {"stop_id": "FR:76064:ZE:1107190:ATOUMOD040", "stop_name": "Le Haut de la Paroisse", "route_ids": ["ATOUMOD040:Line:1003055:LOC"]}}, {"type": "Feature", "geometry": {"type": "Point", "coordinates": [0.260159, 49.675826]}, "properties": {"stop_id": "FR:76206:ZE:1107192:ATOUMOD040", "stop_name": "Livre de Beurre", "route_ids": ["ATOUMOD040:Line:1003055:LOC"]}}, {"type": "Feature", "geometry": {"type": "Point", "coordinates": [0.224245, 49.639097]}, "properties": {"stop_id": "FR:76307:ZE:1107194:ATOUMOD040", "stop_name": "Place du Marché", "route_ids": ["ATOUMOD040:Line:1003055:LOC"]}}, {"type": "Feature", "geometry": {"type": "Point", "coordinates": [0.205143, 49.68915]}, "properties": {"stop_id": "FR:76693:ZE:1107196:ATOUMOD040", "stop_name": "Le Bocage", "route_ids": ["ATOUMOD040:Line:1003055:LOC"]}}, {"type": "Feature", "geometry": {"type": "Point", "coordinates": [0.236815, 49.679536]}, "properties": {"stop_id": "FR:76501:ZE:1107200:ATOUMOD040", "stop_name": "Le Bois", "route_ids": ["ATOUMOD040:Line:1003055:LOC"]}}, {"type": "Feature", "geometry": {"type": "Point", "coordinates": [0.208575, 49.594543]}, "properties": {"stop_id": "FR:76477:ZE:1107202:ATOUMOD040", "stop_name": "Le Bec", "route_ids": ["ATOUMOD040:Line:1003054:LOC"]}}, {"type": "Feature", "geometry": {"type": "Point", "coordinates": [0.220201, 49.605302]}, "properties": {"stop_id": "FR:76615:ZE:1107206:ATOUMOD040", "stop_name": "Route des Indes", "route_ids": ["ATOUMOD040:Line:1003054:LOC", "ATOUMOD040:Line:1003055:LOC"]}}, {"type": "Feature", "geometry": {"type": "Point", "coordinates": [0.247601, 49.621991]}, "properties": {"stop_id": "FR:76716:ZE:1107238:ATOUMOD040", "stop_name": "La Régie", "route_ids": ["ATOUMOD040:Line:1003054:LOC"]}}, {"type": "Feature", "geometry": {"type": "Point", "coordinates": [0.39986, 49.714566]}, "properties": {"stop_id": "FR:76706:ZE:1107242:ATOUMOD040", "stop_name": "Mairie / École", "route_ids": ["ATOUMOD040:Line:1003053:LOC", "ATOUMOD040:Line:1003054:LOC"]}}, {"type": "Feature", "geometry": {"type": "Point", "coordinates": [0.5503, 49.811455]}, "properties": {"stop_id": "FR:76746:ZE:1107244:ATOUMOD040", "stop_name": "Lotissement", "route_ids": ["ATOUMOD040:Line:1003066:LOC"]}}, {"type": "Feature", "geometry": {"type": "Point", "coordinates": [0.554875, 49.808128]}, "properties": {"stop_id": "FR:76746:ZE:1107246:ATOUMOD040", "stop_name": "Église", "route_ids": ["ATOUMOD040:Line:1003066:LOC"]}}, {"type": "Feature", "geometry": {"type": "Point", "coordinates": [0.527446, 49.805047]}, "properties": {"stop_id": "FR:76663:ZE:1107254:ATOUMOD040", "stop_name": "Place du Marché", "route_ids": ["ATOUMOD040:Line:1003066:LOC"]}}, {"type": "Feature", "geometry": {"type": "Point", "coordinates": [0.524611, 49.805417]}, "properties": {"stop_id": "FR:76663:ZE:1107256:ATOUMOD040", "stop_name": "Camping", "route_ids": ["ATOUMOD040:Line:1003066:LOC"]}}, {"type": "Feature", "geometry": {"type": "Point", "coordinates": [1.257908, 49.462034]}, "properties": {"stop_id": "FR:76111:ZE:1107268:ATOUMOD040", "stop_name": "La Hémaudiere - Relais 31", "route_ids": ["ATOUMOD040:Line:1003076:LOC"]}}, {"type": "Feature", "geometry": {"type": "Point", "coordinates": [1.258071, 49.462065]}, "properties": {"stop_id": "FR:76673:ZE:1170847:ATOUMOD040", "stop_name": "La Hémaudiere - Relais 31", "route_ids": ["ATOUMOD040:Line:1003076:LOC"]}}, {"type": "Feature", "geometry": {"type": "Point", "coordinates": [1.058073, 49.91936]}, "properties": {"stop_id": "FR:76217:ZE:1107278:ATOUMOD040", "stop_name": "Lycée du Golf", "route_ids": ["ATOUMOD040:Line:1003047:LOC", "ATOUMOD040:Line:1003069:LOC", "ATOUMOD040:Line:1003070:LOC", "ATOUMOD040:Line:1003071:LOC", "ATOUMOD040:Line:1003079:LOC", "ATOUMOD040:Line:1003067:LOC", "ATOUMOD040:Line:1003068:LOC", "ATOUMOD040:Line:1003078:LOC"]}}, {"type": "Feature", "geometry": {"type": "Point", "coordinates": [1.058018, 49.919346]}, "properties": {"stop_id": "FR:76217:ZE:1170569:ATOUMOD040", "stop_name": "Lycée du Golf", "route_ids": ["ATOUMOD040:Line:1003047:LOC", "ATOUMOD040:Line:1003067:LOC", "ATOUMOD040:Line:1003068:LOC", "ATOUMOD040:Line:1003069:LOC", "ATOUMOD040:Line:1003078:LOC", "ATOUMOD040:Line:1003079:LOC"]}}, {"type": "Feature", "geometry": {"type": "Point", "coordinates": [1.075459, 49.717965]}, "properties": {"stop_id": "FR:76034:ZE:1107284:ATOUMOD040", "stop_name": "AUFFAY - Mesnil Sauval - Rue du Fresne", "route_ids": ["ATOUMOD040:Line:1003078:LOC"]}}, {"type": "Feature", "geometry": {"type": "Point", "coordinates": [1.075345, 49.717903]}, "properties": {"stop_id": "FR:76034:ZE:1167870:ATOUMOD040", "stop_name": "AUFFAY - Mesnil Sauval - Rue du Fresne", "route_ids": ["ATOUMOD040:Line:1003078:LOC"]}}, {"type": "Feature", "geometry": {"type": "Point", "coordinates": [0.902065, 49.827601]}, "properties": {"stop_id": "FR:76330:ZE:1107290:ATOUMOD040", "stop_name": "Le Coudray", "route_ids": ["ATOUMOD040:Line:1003047:LOC"]}}, {"type": "Feature", "geometry": {"type": "Point", "coordinates": [0.901968, 49.827682]}, "properties": {"stop_id": "FR:76330:ZE:1171633:ATOUMOD040", "stop_name": "Le Coudray", "route_ids": ["ATOUMOD040:Line:1003047:LOC"]}}, {"type": "Feature", "geometry": {"type": "Point", "coordinates": [0.373295, 49.601642]}, "properties": {"stop_id": "FR:76368:ZE:1107294:ATOUMOD040", "stop_name": "La Mare Maury", "route_ids": ["ATOUMOD040:Line:1003053:LOC"]}}, {"type": "Feature", "geometry": {"type": "Point", "coordinates": [0.355405, 49.608359]}, "properties": {"stop_id": "FR:76408:ZE:1107296:ATOUMOD040", "stop_name": "École", "route_ids": ["ATOUMOD040:Line:1003053:LOC"]}}, {"type": "Feature", "geometry": {"type": "Point", "coordinates": [1.044478, 49.796033]}, "properties": {"stop_id": "FR:76485:ZE:1107298:ATOUMOD040", "stop_name": "Mairie / École", "route_ids": ["ATOUMOD040:Line:1003079:LOC"]}}, {"type": "Feature", "geometry": {"type": "Point", "coordinates": [1.044591, 49.796124]}, "properties": {"stop_id": "FR:76485:ZE:1158349:ATOUMOD040", "stop_name": "Mairie / École", "route_ids": ["ATOUMOD040:Line:1003079:LOC"]}}, {"type": "Feature", "geometry": {"type": "Point", "coordinates": [1.070959, 49.855076]}, "properties": {"stop_id": "FR:76667:ZE:1107302:ATOUMOD040", "stop_name": "Passage a Niveau (Centre)", "route_ids": ["ATOUMOD040:Line:1003079:LOC"]}}, {"type": "Feature", "geometry": {"type": "Point", "coordinates": [1.071113, 49.855184]}, "properties": {"stop_id": "FR:76667:ZE:1170831:ATOUMOD040", "stop_name": "Passage a Niveau (Centre)", "route_ids": ["ATOUMOD040:Line:1003079:LOC"]}}, {"type": "Feature", "geometry": {"type": "Point", "coordinates": [1.118708, 49.824635]}, "properties": {"stop_id": "FR:76173:ZE:1107308:ATOUMOD040", "stop_name": "Église", "route_ids": ["ATOUMOD040:Line:1003068:LOC"]}}, {"type": "Feature", "geometry": {"type": "Point", "coordinates": [1.118662, 49.824579]}, "properties": {"stop_id": "FR:76173:ZE:1169949:ATOUMOD040", "stop_name": "Église", "route_ids": ["ATOUMOD040:Line:1003068:LOC"]}}, {"type": "Feature", "geometry": {"type": "Point", "coordinates": [0.663043, 49.819227]}, "properties": {"stop_id": "FR:76646:ZE:1107326:ATOUMOD040", "stop_name": "Rue des Rosiers", "route_ids": ["ATOUMOD040:Line:1003066:LOC"]}}, {"type": "Feature", "geometry": {"type": "Point", "coordinates": [0.703465, 49.823108]}, "properties": {"stop_id": "FR:76467:ZE:1107334:ATOUMOD040", "stop_name": "Les Broussailles (Établissement de soins)", "route_ids": ["ATOUMOD040:Line:1006899:LOC"]}}, {"type": "Feature", "geometry": {"type": "Point", "coordinates": [0.755504, 49.854399]}, "properties": {"stop_id": "FR:76407:ZE:1107344:ATOUMOD040", "stop_name": "Église", "route_ids": ["ATOUMOD040:Line:1003067:LOC"]}}, {"type": "Feature", "geometry": {"type": "Point", "coordinates": [0.75546, 49.854382]}, "properties": {"stop_id": "FR:76407:ZE:1171728:ATOUMOD040", "stop_name": "Église", "route_ids": ["ATOUMOD040:Line:1003067:LOC"]}}, {"type": "Feature", "geometry": {"type": "Point", "coordinates": [1.086114, 49.830093]}, "properties": {"stop_id": "FR:76019:ZE:1107392:ATOUMOD040", "stop_name": "Mairie / Église (Écoles)", "route_ids": ["ATOUMOD040:Line:1003079:LOC"]}}, {"type": "Feature", "geometry": {"type": "Point", "coordinates": [1.086179, 49.830528]}, "properties": {"stop_id": "FR:76019:ZE:1169580:ATOUMOD040", "stop_name": "Mairie / Église (Écoles)", "route_ids": ["ATOUMOD040:Line:1003079:LOC"]}}, {"type": "Feature", "geometry": {"type": "Point", "coordinates": [0.965118, 49.711069]}, "properties": {"stop_id": "FR:76018:ZE:1107408:ATOUMOD040", "stop_name": "Les Genets", "route_ids": ["ATOUMOD040:Line:1003078:LOC"]}}, {"type": "Feature", "geometry": {"type": "Point", "coordinates": [0.972467, 49.714514]}, "properties": {"stop_id": "FR:76018:ZE:1107410:ATOUMOD040", "stop_name": "La Carriere", "route_ids": ["ATOUMOD040:Line:1003078:LOC"]}}, {"type": "Feature", "geometry": {"type": "Point", "coordinates": [0.973527, 49.71499]}, "properties": {"stop_id": "FR:76018:ZE:1167851:ATOUMOD040", "stop_name": "La Carriere", "route_ids": ["ATOUMOD040:Line:1003078:LOC"]}}, {"type": "Feature", "geometry": {"type": "Point", "coordinates": [0.975001, 49.674954]}, "properties": {"stop_id": "FR:76018:ZE:1107414:ATOUMOD040", "stop_name": "Le Relais", "route_ids": ["ATOUMOD040:Line:1003078:LOC"]}}, {"type": "Feature", "geometry": {"type": "Point", "coordinates": [1.206033, 49.875721]}, "properties": {"stop_id": "FR:76624:ZE:1107480:ATOUMOD040", "stop_name": "Rue du Thil", "route_ids": ["ATOUMOD040:Line:1003071:LOC"]}}, {"type": "Feature", "geometry": {"type": "Point", "coordinates": [0.484825, 49.590269]}, "properties": {"stop_id": "FR:76114:ZE:1107556:ATOUMOD040", "stop_name": "Hameau de la Station", "route_ids": ["ATOUMOD040:Line:1003043:LOC"]}}, {"type": "Feature", "geometry": {"type": "Point", "coordinates": [0.452633, 49.562518]}, "properties": {"stop_id": "FR:76576:ZE:1107564:ATOUMOD040", "stop_name": "Patte d'Oie", "route_ids": ["ATOUMOD040:Line:1003051:LOC"]}}, {"type": "Feature", "geometry": {"type": "Point", "coordinates": [0.536382, 49.518092]}, "properties": {"stop_id": "FR:76384:ZE:1107566:ATOUMOD040", "stop_name": "Théatre Romain / Place Félix Faure", "route_ids": ["ATOUMOD040:Line:1003051:LOC"]}}, {"type": "Feature", "geometry": {"type": "Point", "coordinates": [0.351629, 49.737147]}, "properties": {"stop_id": "FR:76600:ZE:1107576:ATOUMOD040", "stop_name": "Trou d'Enfer", "route_ids": ["ATOUMOD040:Line:1003055:LOC"]}}, {"type": "Feature", "geometry": {"type": "Point", "coordinates": [0.367729, 49.729677]}, "properties": {"stop_id": "FR:76600:ZE:1107578:ATOUMOD040", "stop_name": "La Briqueterie", "route_ids": ["ATOUMOD040:Line:1003054:LOC"]}}, {"type": "Feature", "geometry": {"type": "Point", "coordinates": [1.084926, 49.572786]}, "properties": {"stop_id": "FR:76179:ZE:1107582:ATOUMOD040", "stop_name": "Les Moulins du Tôt", "route_ids": ["ATOUMOD040:Line:1003059:LOC"]}}, {"type": "Feature", "geometry": {"type": "Point", "coordinates": [1.083818, 49.571898]}, "properties": {"stop_id": "FR:76179:ZE:1169853:ATOUMOD040", "stop_name": "Les Moulins du Tôt", "route_ids": ["ATOUMOD040:Line:1003059:LOC"]}}, {"type": "Feature", "geometry": {"type": "Point", "coordinates": [1.139476, 49.559669]}, "properties": {"stop_id": "FR:76271:ZE:1107588:ATOUMOD040", "stop_name": "Petit Tendos", "route_ids": ["ATOUMOD040:Line:1003059:LOC"]}}, {"type": "Feature", "geometry": {"type": "Point", "coordinates": [1.139274, 49.559629]}, "properties": {"stop_id": "FR:76271:ZE:1170997:ATOUMOD040", "stop_name": "Petit Tendos", "route_ids": ["ATOUMOD040:Line:1003059:LOC"]}}, {"type": "Feature", "geometry": {"type": "Point", "coordinates": [1.219428, 49.771016]}, "properties": {"stop_id": "FR:76321:ZE:1107590:ATOUMOD040", "stop_name": "Le Hoquet", "route_ids": ["ATOUMOD040:Line:1003068:LOC"]}}, {"type": "Feature", "geometry": {"type": "Point", "coordinates": [1.219107, 49.769948]}, "properties": {"stop_id": "FR:76321:ZE:1171813:ATOUMOD040", "stop_name": "Le Hoquet", "route_ids": ["ATOUMOD040:Line:1003068:LOC"]}}, {"type": "Feature", "geometry": {"type": "Point", "coordinates": [0.724491, 49.55482]}, "properties": {"stop_id": "FR:76418:ZE:1107606:ATOUMOD040", "stop_name": "École", "route_ids": ["ATOUMOD040:Line:1003048:LOC"]}}, {"type": "Feature", "geometry": {"type": "Point", "coordinates": [0.75628, 49.522089]}, "properties": {"stop_id": "FR:76164:ZE:1107626:ATOUMOD040", "stop_name": "SAINT-WANDRILLE-RANÇON - Le Port", "route_ids": ["ATOUMOD040:Line:1003061:LOC"]}}, {"type": "Feature", "geometry": {"type": "Point", "coordinates": [0.757106, 49.521763]}, "properties": {"stop_id": "FR:76164:ZE:1158466:ATOUMOD040", "stop_name": "SAINT-WANDRILLE-RANÇON - Le Port", "route_ids": ["ATOUMOD040:Line:1003061:LOC"]}}, {"type": "Feature", "geometry": {"type": "Point", "coordinates": [0.268956, 49.574508]}, "properties": {"stop_id": "FR:76404:ZE:1107692:ATOUMOD040", "stop_name": "Les Hellandes", "route_ids": ["ATOUMOD040:Line:1003054:LOC"]}}, {"type": "Feature", "geometry": {"type": "Point", "coordinates": [0.360964, 49.676016]}, "properties": {"stop_id": "FR:76033:ZE:1107694:ATOUMOD040", "stop_name": "Le Blanc Bâton", "route_ids": ["ATOUMOD040:Line:1003054:LOC"]}}, {"type": "Feature", "geometry": {"type": "Point", "coordinates": [0.360932, 49.67716]}, "properties": {"stop_id": "FR:76669:ZE:1169627:ATOUMOD040", "stop_name": "Le Blanc Bâton", "route_ids": ["ATOUMOD040:Line:1003054:LOC"]}}, {"type": "Feature", "geometry": {"type": "Point", "coordinates": [0.528891, 49.531095]}, "properties": {"stop_id": "FR:76384:ZE:1107712:ATOUMOD040", "stop_name": "Tourbiere", "route_ids": ["ATOUMOD040:Line:1003051:LOC"]}}, {"type": "Feature", "geometry": {"type": "Point", "coordinates": [0.948445, 49.471476]}, "properties": {"stop_id": "FR:76354:ZE:1107726:ATOUMOD040", "stop_name": "Les Sablons", "route_ids": ["ATOUMOD040:Line:1003061:LOC"]}}, {"type": "Feature", "geometry": {"type": "Point", "coordinates": [0.948763, 49.470947]}, "properties": {"stop_id": "FR:76354:ZE:1170056:ATOUMOD040", "stop_name": "Les Sablons", "route_ids": ["ATOUMOD040:Line:1003061:LOC"]}}, {"type": "Feature", "geometry": {"type": "Point", "coordinates": [0.432127, 49.677519]}, "properties": {"stop_id": "FR:76021:ZE:1107730:ATOUMOD040", "stop_name": "Foyer", "route_ids": ["ATOUMOD040:Line:1003053:LOC"]}}, {"type": "Feature", "geometry": {"type": "Point", "coordinates": [0.4241, 49.670943]}, "properties": {"stop_id": "FR:76021:ZE:1107734:ATOUMOD040", "stop_name": "Lorgoday", "route_ids": ["ATOUMOD040:Line:1003053:LOC"]}}, {"type": "Feature", "geometry": {"type": "Point", "coordinates": [0.43674, 49.676702]}, "properties": {"stop_id": "FR:76021:ZE:1107736:ATOUMOD040", "stop_name": "Clos Fleuri", "route_ids": ["ATOUMOD040:Line:1003053:LOC"]}}, {"type": "Feature", "geometry": {"type": "Point", "coordinates": [0.633295, 49.533918]}, "properties": {"stop_id": "FR:76022:ZE:1107740:ATOUMOD040", "stop_name": "Mairie / École", "route_ids": ["ATOUMOD040:Line:1003048:LOC", "ATOUMOD040:Line:1003051:LOC"]}}, {"type": "Feature", "geometry": {"type": "Point", "coordinates": [0.956856, 49.539894]}, "properties": {"stop_id": "FR:76057:ZE:1107780:ATOUMOD040", "stop_name": "Lycée Bartholdi", "route_ids": ["ATOUMOD040:Line:1003057:LOC"]}}, {"type": "Feature", "geometry": {"type": "Point", "coordinates": [0.160129, 49.631237]}, "properties": {"stop_id": "FR:76595:ZE:1107806:ATOUMOD040", "stop_name": "Camping Grand Hameau", "route_ids": ["ATOUMOD040:Line:1003055:LOC"]}}, {"type": "Feature", "geometry": {"type": "Point", "coordinates": [1.300841, 49.906753]}, "properties": {"stop_id": "FR:76630:ZE:1107818:ATOUMOD040", "stop_name": "Centre", "route_ids": ["ATOUMOD040:Line:1003069:LOC"]}}, {"type": "Feature", "geometry": {"type": "Point", "coordinates": [1.300875, 49.906712]}, "properties": {"stop_id": "FR:76630:ZE:1172710:ATOUMOD040", "stop_name": "Centre", "route_ids": ["ATOUMOD040:Line:1003069:LOC"]}}, {"type": "Feature", "geometry": {"type": "Point", "coordinates": [1.312757, 49.934252]}, "properties": {"stop_id": "FR:76618:ZE:1172492:ATOUMOD040", "stop_name": "SAINT-QUENTIN-AU-BOSC - Passage a Niveau", "route_ids": ["ATOUMOD040:Line:1003069:LOC"]}}, {"type": "Feature", "geometry": {"type": "Point", "coordinates": [1.261784, 49.943136]}, "properties": {"stop_id": "FR:76618:ZE:1107840:ATOUMOD040", "stop_name": "TOURVILLE-LA-CHAPELLE - Église", "route_ids": ["ATOUMOD040:Line:1003069:LOC"]}}, {"type": "Feature", "geometry": {"type": "Point", "coordinates": [1.262906, 49.943288]}, "properties": {"stop_id": "FR:76618:ZE:1175268:ATOUMOD040", "stop_name": "TOURVILLE-LA-CHAPELLE - Église", "route_ids": ["ATOUMOD040:Line:1003069:LOC"]}}, {"type": "Feature", "geometry": {"type": "Point", "coordinates": [1.24006, 49.935871]}, "properties": {"stop_id": "FR:76618:ZE:1107842:ATOUMOD040", "stop_name": "GLICOURT - La Mare", "route_ids": ["ATOUMOD040:Line:1003069:LOC"]}}, {"type": "Feature", "geometry": {"type": "Point", "coordinates": [1.24016, 49.935894]}, "properties": {"stop_id": "FR:76618:ZE:1172461:ATOUMOD040", "stop_name": "GLICOURT - La Mare", "route_ids": ["ATOUMOD040:Line:1003069:LOC"]}}, {"type": "Feature", "geometry": {"type": "Point", "coordinates": [1.202305, 49.925408]}, "properties": {"stop_id": "FR:76665:ZE:1107844:ATOUMOD040", "stop_name": "Le Haut", "route_ids": ["ATOUMOD040:Line:1003069:LOC"]}}, {"type": "Feature", "geometry": {"type": "Point", "coordinates": [1.20229, 49.925326]}, "properties": {"stop_id": "FR:76665:ZE:1170878:ATOUMOD040", "stop_name": "Le Haut", "route_ids": ["ATOUMOD040:Line:1003069:LOC"]}}, {"type": "Feature", "geometry": {"type": "Point", "coordinates": [1.54492, 49.613196]}, "properties": {"stop_id": "FR:76276:ZE:1107864:ATOUMOD040", "stop_name": "FORGES-LES-EAUX - Place Bréviere", "route_ids": ["ATOUMOD040:Line:1006919:LOC", "ATOUMOD040:Line:1003073:LOC"]}}, {"type": "Feature", "geometry": {"type": "Point", "coordinates": [1.545123, 49.613182]}, "properties": {"stop_id": "FR:76276:ZE:1178425:ATOUMOD040", "stop_name": "FORGES-LES-EAUX - Place Bréviere", "route_ids": ["ATOUMOD040:Line:1003073:LOC"]}}, {"type": "Feature", "geometry": {"type": "Point", "coordinates": [1.301538, 49.842298]}, "properties": {"stop_id": "FR:76472:ZE:1107886:ATOUMOD040", "stop_name": "Rue du Mont Rambourg", "route_ids": ["ATOUMOD040:Line:1003071:LOC"]}}, {"type": "Feature", "geometry": {"type": "Point", "coordinates": [1.301482, 49.842282]}, "properties": {"stop_id": "FR:76472:ZE:1171417:ATOUMOD040", "stop_name": "Rue du Mont Rambourg", "route_ids": ["ATOUMOD040:Line:1003071:LOC"]}}, {"type": "Feature", "geometry": {"type": "Point", "coordinates": [1.260195, 49.848445]}, "properties": {"stop_id": "FR:76590:ZE:1107888:ATOUMOD040", "stop_name": "Église", "route_ids": ["ATOUMOD040:Line:1003071:LOC"]}}, {"type": "Feature", "geometry": {"type": "Point", "coordinates": [1.260176, 49.848408]}, "properties": {"stop_id": "FR:76590:ZE:1170754:ATOUMOD040", "stop_name": "Église", "route_ids": ["ATOUMOD040:Line:1003071:LOC"]}}, {"type": "Feature", "geometry": {"type": "Point", "coordinates": [1.277766, 49.932013]}, "properties": {"stop_id": "FR:76618:ZE:1107890:ATOUMOD040", "stop_name": "INTRAVILLE - Tilleul", "route_ids": ["ATOUMOD040:Line:1003069:LOC"]}}, {"type": "Feature", "geometry": {"type": "Point", "coordinates": [1.277843, 49.932045]}, "properties": {"stop_id": "FR:76618:ZE:1172472:ATOUMOD040", "stop_name": "INTRAVILLE - Tilleul", "route_ids": ["ATOUMOD040:Line:1003069:LOC"]}}, {"type": "Feature", "geometry": {"type": "Point", "coordinates": [1.283779, 50.001582]}, "properties": {"stop_id": "FR:76618:ZE:1107916:ATOUMOD040", "stop_name": "TOCQUEVILLE-SUR-EU - Mairie", "route_ids": ["ATOUMOD040:Line:1003072:LOC"]}}, {"type": "Feature", "geometry": {"type": "Point", "coordinates": [0.97526, 49.778689]}, "properties": {"stop_id": "FR:76380:ZE:1107920:ATOUMOD040", "stop_name": "Beautot", "route_ids": ["ATOUMOD040:Line:1003079:LOC"]}}, {"type": "Feature", "geometry": {"type": "Point", "coordinates": [0.97737, 49.779499]}, "properties": {"stop_id": "FR:76380:ZE:1177236:ATOUMOD040", "stop_name": "Beautot", "route_ids": ["ATOUMOD040:Line:1003079:LOC"]}}, {"type": "Feature", "geometry": {"type": "Point", "coordinates": [0.918045, 49.896706]}, "properties": {"stop_id": "FR:76515:ZE:1107922:ATOUMOD040", "stop_name": "Mairie / École", "route_ids": ["ATOUMOD040:Line:1003067:LOC"]}}, {"type": "Feature", "geometry": {"type": "Point", "coordinates": [0.918168, 49.896754]}, "properties": {"stop_id": "FR:76515:ZE:1172016:ATOUMOD040", "stop_name": "Mairie / École", "route_ids": ["ATOUMOD040:Line:1003067:LOC"]}}, {"type": "Feature", "geometry": {"type": "Point", "coordinates": [1.105827, 49.781023]}, "properties": {"stop_id": "FR:76570:ZE:1107924:ATOUMOD040", "stop_name": "Manoir de Camps", "route_ids": ["ATOUMOD040:Line:1003079:LOC"]}}, {"type": "Feature", "geometry": {"type": "Point", "coordinates": [1.102968, 49.780449]}, "properties": {"stop_id": "FR:76570:ZE:1158075:ATOUMOD040", "stop_name": "Manoir de Camps", "route_ids": ["ATOUMOD040:Line:1003079:LOC"]}}, {"type": "Feature", "geometry": {"type": "Point", "coordinates": [0.990812, 49.840365]}, "properties": {"stop_id": "FR:76690:ZE:1107926:ATOUMOD040", "stop_name": "Mairie / École", "route_ids": ["ATOUMOD040:Line:1003047:LOC"]}}, {"type": "Feature", "geometry": {"type": "Point", "coordinates": [0.990794, 49.840441]}, "properties": {"stop_id": "FR:76690:ZE:1171533:ATOUMOD040", "stop_name": "Mairie / École", "route_ids": ["ATOUMOD040:Line:1003047:LOC"]}}, {"type": "Feature", "geometry": {"type": "Point", "coordinates": [1.717079, 49.422333]}, "properties": {"stop_id": "FR:76463:ZE:1107964:ATOUMOD040", "stop_name": "La Poste", "route_ids": ["ATOUMOD040:Line:1006919:LOC"]}}, {"type": "Feature", "geometry": {"type": "Point", "coordinates": [1.716842, 49.42271]}, "properties": {"stop_id": "FR:76463:ZE:1171389:ATOUMOD040", "stop_name": "La Poste", "route_ids": ["ATOUMOD040:Line:1006919:LOC"]}}, {"type": "Feature", "geometry": {"type": "Point", "coordinates": [1.256957, 49.508813]}, "properties": {"stop_id": "FR:76453:ZE:1107986:ATOUMOD040", "stop_name": "Église", "route_ids": ["ATOUMOD040:Line:1003050:LOC"]}}, {"type": "Feature", "geometry": {"type": "Point", "coordinates": [1.256683, 49.508794]}, "properties": {"stop_id": "FR:76453:ZE:1171280:ATOUMOD040", "stop_name": "Église", "route_ids": ["ATOUMOD040:Line:1003050:LOC"]}}, {"type": "Feature", "geometry": {"type": "Point", "coordinates": [1.325829, 50.03647]}, "properties": {"stop_id": "FR:76192:ZE:1108030:ATOUMOD040", "stop_name": "Plateau", "route_ids": ["ATOUMOD040:Line:1003072:LOC"]}}, {"type": "Feature", "geometry": {"type": "Point", "coordinates": [1.325796, 50.036497]}, "properties": {"stop_id": "FR:76192:ZE:1169967:ATOUMOD040", "stop_name": "Plateau", "route_ids": ["ATOUMOD040:Line:1003072:LOC"]}}, {"type": "Feature", "geometry": {"type": "Point", "coordinates": [1.277461, 49.471464]}, "properties": {"stop_id": "FR:76673:ZE:1108102:ATOUMOD040", "stop_name": "Rougemont", "route_ids": ["ATOUMOD040:Line:1003076:LOC"]}}, {"type": "Feature", "geometry": {"type": "Point", "coordinates": [1.285883, 49.439454]}, "properties": {"stop_id": "FR:76412:ZE:1108106:ATOUMOD040", "stop_name": "Rue des Marronniers", "route_ids": ["ATOUMOD040:Line:1003076:LOC"]}}, {"type": "Feature", "geometry": {"type": "Point", "coordinates": [1.285996, 49.43942]}, "properties": {"stop_id": "FR:76412:ZE:1171750:ATOUMOD040", "stop_name": "Rue des Marronniers", "route_ids": ["ATOUMOD040:Line:1003076:LOC"]}}, {"type": "Feature", "geometry": {"type": "Point", "coordinates": [1.4488, 49.73131]}, "properties": {"stop_id": "FR:76462:ZE:1108156:ATOUMOD040", "stop_name": "La Tete de Cheval (Boulevard l'Alouette)", "route_ids": ["ATOUMOD040:Line:1006919:LOC"]}}, {"type": "Feature", "geometry": {"type": "Point", "coordinates": [1.449395, 49.731194]}, "properties": {"stop_id": "FR:76462:ZE:1171387:ATOUMOD040", "stop_name": "La Tete de Cheval (Route de Gaillefontaine)", "route_ids": ["ATOUMOD040:Line:1006919:LOC"]}}, {"type": "Feature", "geometry": {"type": "Point", "coordinates": [1.085944, 49.909686]}, "properties": {"stop_id": "FR:76545:ZE:1108218:ATOUMOD040", "stop_name": "Rosendahl", "route_ids": ["ATOUMOD040:Line:1003071:LOC"]}}, {"type": "Feature", "geometry": {"type": "Point", "coordinates": [1.086569, 49.909114]}, "properties": {"stop_id": "FR:76545:ZE:1170507:ATOUMOD040", "stop_name": "Rosendahl", "route_ids": ["ATOUMOD040:Line:1003071:LOC"]}}, {"type": "Feature", "geometry": {"type": "Point", "coordinates": [1.048697, 49.868914]}, "properties": {"stop_id": "FR:76482:ZE:1108220:ATOUMOD040", "stop_name": "Sente des Oiseaux", "route_ids": ["ATOUMOD040:Line:1003047:LOC"]}}, {"type": "Feature", "geometry": {"type": "Point", "coordinates": [1.048841, 49.869038]}, "properties": {"stop_id": "FR:76482:ZE:1171521:ATOUMOD040", "stop_name": "Sente des Oiseaux", "route_ids": ["ATOUMOD040:Line:1003047:LOC"]}}, {"type": "Feature", "geometry": {"type": "Point", "coordinates": [1.036054, 49.850231]}, "properties": {"stop_id": "FR:76184:ZE:1108230:ATOUMOD040", "stop_name": "Pépiniere", "route_ids": ["ATOUMOD040:Line:1003079:LOC"]}}, {"type": "Feature", "geometry": {"type": "Point", "coordinates": [1.036078, 49.85027]}, "properties": {"stop_id": "FR:76184:ZE:1169877:ATOUMOD040", "stop_name": "Pépiniere", "route_ids": ["ATOUMOD040:Line:1003079:LOC"]}}, {"type": "Feature", "geometry": {"type": "Point", "coordinates": [1.120496, 49.845147]}, "properties": {"stop_id": "FR:76030:ZE:1108232:ATOUMOD040", "stop_name": "Aubermesnil", "route_ids": ["ATOUMOD040:Line:1003068:LOC"]}}, {"type": "Feature", "geometry": {"type": "Point", "coordinates": [1.015233, 49.851149]}, "properties": {"stop_id": "FR:76482:ZE:1108250:ATOUMOD040", "stop_name": "Gennetuit", "route_ids": ["ATOUMOD040:Line:1003079:LOC"]}}, {"type": "Feature", "geometry": {"type": "Point", "coordinates": [1.015291, 49.851124]}, "properties": {"stop_id": "FR:76184:ZE:1169876:ATOUMOD040", "stop_name": "Gennetuit", "route_ids": ["ATOUMOD040:Line:1003079:LOC"]}}, {"type": "Feature", "geometry": {"type": "Point", "coordinates": [1.523807, 49.817476]}, "properties": {"stop_id": "FR:76122:ZE:1169692:ATOUMOD040", "stop_name": "Les Essarts", "route_ids": ["ATOUMOD040:Line:1003075:LOC"]}}, {"type": "Feature", "geometry": {"type": "Point", "coordinates": [1.628389, 49.926866]}, "properties": {"stop_id": "FR:76101:ZE:1108272:ATOUMOD040", "stop_name": "Camp Comtois", "route_ids": ["ATOUMOD040:Line:1003075:LOC"]}}, {"type": "Feature", "geometry": {"type": "Point", "coordinates": [1.628432, 49.926816]}, "properties": {"stop_id": "FR:76101:ZE:1172768:ATOUMOD040", "stop_name": "Camp Comtois", "route_ids": ["ATOUMOD040:Line:1003075:LOC"]}}, {"type": "Feature", "geometry": {"type": "Point", "coordinates": [0.354957, 49.532946]}, "properties": {"stop_id": "FR:76647:ZE:1108300:ATOUMOD040", "stop_name": "École", "route_ids": ["ATOUMOD040:Line:1003051:LOC"]}}, {"type": "Feature", "geometry": {"type": "Point", "coordinates": [0.395804, 49.721743]}, "properties": {"stop_id": "FR:76706:ZE:1108304:ATOUMOD040", "stop_name": "Beau Soleil", "route_ids": ["ATOUMOD040:Line:1003053:LOC"]}}, {"type": "Feature", "geometry": {"type": "Point", "coordinates": [1.496918, 49.779168]}, "properties": {"stop_id": "FR:76724:ZE:1171148:ATOUMOD040", "stop_name": "Pisciculture", "route_ids": ["ATOUMOD040:Line:1003075:LOC"]}}, {"type": "Feature", "geometry": {"type": "Point", "coordinates": [1.39471, 49.703731]}, "properties": {"stop_id": "FR:76244:ZE:1108338:ATOUMOD040", "stop_name": "Beau Séjour", "route_ids": ["ATOUMOD040:Line:1003073:LOC"]}}, {"type": "Feature", "geometry": {"type": "Point", "coordinates": [1.394781, 49.703667]}, "properties": {"stop_id": "FR:76244:ZE:1169978:ATOUMOD040", "stop_name": "Beau Séjour", "route_ids": ["ATOUMOD040:Line:1003073:LOC"]}}, {"type": "Feature", "geometry": {"type": "Point", "coordinates": [0.412223, 49.660414]}, "properties": {"stop_id": "FR:76317:ZE:1108376:ATOUMOD040", "stop_name": "Calvaire", "route_ids": ["ATOUMOD040:Line:1003053:LOC"]}}, {"type": "Feature", "geometry": {"type": "Point", "coordinates": [0.49353, 49.548414]}, "properties": {"stop_id": "FR:76329:ZE:1108378:ATOUMOD040", "stop_name": "Supermarché", "route_ids": ["ATOUMOD040:Line:1003051:LOC"]}}, {"type": "Feature", "geometry": {"type": "Point", "coordinates": [0.370165, 49.743767]}, "properties": {"stop_id": "FR:76259:ZE:1108380:ATOUMOD040", "stop_name": "Bol d'Air", "route_ids": ["ATOUMOD040:Line:1003053:LOC", "ATOUMOD040:Line:1003054:LOC"]}}, {"type": "Feature", "geometry": {"type": "Point", "coordinates": [0.363756, 49.699584]}, "properties": {"stop_id": "FR:76240:ZE:1108382:ATOUMOD040", "stop_name": "La Grande Mare", "route_ids": ["ATOUMOD040:Line:1003054:LOC"]}}, {"type": "Feature", "geometry": {"type": "Point", "coordinates": [0.36727, 49.723203]}, "properties": {"stop_id": "FR:76600:ZE:1108384:ATOUMOD040", "stop_name": "La Pommeraie", "route_ids": ["ATOUMOD040:Line:1003054:LOC", "ATOUMOD040:Line:1003053:LOC"]}}, {"type": "Feature", "geometry": {"type": "Point", "coordinates": [0.365835, 49.713931]}, "properties": {"stop_id": "FR:76240:ZE:1108386:ATOUMOD040", "stop_name": "Gournay", "route_ids": ["ATOUMOD040:Line:1003054:LOC"]}}, {"type": "Feature", "geometry": {"type": "Point", "coordinates": [0.2692, 49.642115]}, "properties": {"stop_id": "FR:76196:ZE:1108388:ATOUMOD040", "stop_name": "Rue d'Europe", "route_ids": ["ATOUMOD040:Line:1003054:LOC"]}}, {"type": "Feature", "geometry": {"type": "Point", "coordinates": [0.243697, 49.563091]}, "properties": {"stop_id": "FR:76404:ZE:1108392:ATOUMOD040", "stop_name": "Calmesnil", "route_ids": ["ATOUMOD040:Line:1003054:LOC"]}}, {"type": "Feature", "geometry": {"type": "Point", "coordinates": [0.177864, 49.537622]}, "properties": {"stop_id": "FR:76447:ZE:1108394:ATOUMOD040", "stop_name": "Président Wilson", "route_ids": ["ATOUMOD040:Line:1003054:LOC", "ATOUMOD040:Line:1003055:LOC"]}}, {"type": "Feature", "geometry": {"type": "Point", "coordinates": [0.192914, 49.548036]}, "properties": {"stop_id": "FR:76447:ZE:1108396:ATOUMOD040", "stop_name": "Bréquigny", "route_ids": ["ATOUMOD040:Line:1003054:LOC", "ATOUMOD040:Line:1003055:LOC"]}}, {"type": "Feature", "geometry": {"type": "Point", "coordinates": [0.191035, 49.529125]}, "properties": {"stop_id": "FR:76447:ZE:1108398:ATOUMOD040", "stop_name": "Centre Commercial", "route_ids": ["ATOUMOD040:Line:1003054:LOC", "ATOUMOD040:Line:1003055:LOC"]}}, {"type": "Feature", "geometry": {"type": "Point", "coordinates": [0.184967, 49.52732]}, "properties": {"stop_id": "FR:76447:ZE:1108400:ATOUMOD040", "stop_name": "Hôpital Jacques Monod", "route_ids": ["ATOUMOD040:Line:1003054:LOC", "ATOUMOD040:Line:1003055:LOC"]}}, {"type": "Feature", "geometry": {"type": "Point", "coordinates": [0.364135, 49.749929]}, "properties": {"stop_id": "FR:76600:ZE:1108402:ATOUMOD040", "stop_name": "Cité Bénédictine", "route_ids": ["ATOUMOD040:Line:1003055:LOC"]}}, {"type": "Feature", "geometry": {"type": "Point", "coordinates": [0.363536, 49.757635]}, "properties": {"stop_id": "FR:76259:ZE:1108404:ATOUMOD040", "stop_name": "René Coty", "route_ids": ["ATOUMOD040:Line:1003054:LOC", "ATOUMOD040:Line:1003055:LOC", "ATOUMOD040:Line:1003053:LOC"]}}, {"type": "Feature", "geometry": {"type": "Point", "coordinates": [0.363953, 49.746034]}, "properties": {"stop_id": "FR:76600:ZE:1108406:ATOUMOD040", "stop_name": "Val du Bucaille", "route_ids": ["ATOUMOD040:Line:1003055:LOC"]}}, {"type": "Feature", "geometry": {"type": "Point", "coordinates": [0.369749, 49.741492]}, "properties": {"stop_id": "FR:76600:ZE:1108408:ATOUMOD040", "stop_name": "Le Chesnay", "route_ids": ["ATOUMOD040:Line:1003053:LOC", "ATOUMOD040:Line:1003054:LOC"]}}, {"type": "Feature", "geometry": {"type": "Point", "coordinates": [0.339638, 49.737327]}, "properties": {"stop_id": "FR:76194:ZE:1108410:ATOUMOD040", "stop_name": "Bout de la Ville", "route_ids": ["ATOUMOD040:Line:1003055:LOC"]}}, {"type": "Feature", "geometry": {"type": "Point", "coordinates": [0.309561, 49.735553]}, "properties": {"stop_id": "FR:76754:ZE:1108412:ATOUMOD040", "stop_name": "Belle Étoile", "route_ids": ["ATOUMOD040:Line:1003055:LOC"]}}, {"type": "Feature", "geometry": {"type": "Point", "coordinates": [0.327594, 49.717477]}, "properties": {"stop_id": "FR:76291:ZE:1108414:ATOUMOD040", "stop_name": "Gare", "route_ids": ["ATOUMOD040:Line:1003055:LOC"]}}, {"type": "Feature", "geometry": {"type": "Point", "coordinates": [0.317764, 49.71145]}, "properties": {"stop_id": "FR:76291:ZE:1108416:ATOUMOD040", "stop_name": "Hainneville", "route_ids": ["ATOUMOD040:Line:1003055:LOC"]}}, {"type": "Feature", "geometry": {"type": "Point", "coordinates": [0.269436, 49.700107]}, "properties": {"stop_id": "FR:76390:ZE:1108418:ATOUMOD040", "stop_name": "Rue d'Écosse", "route_ids": ["ATOUMOD040:Line:1003055:LOC"]}}, {"type": "Feature", "geometry": {"type": "Point", "coordinates": [0.290532, 49.701148]}, "properties": {"stop_id": "FR:76390:ZE:1108420:ATOUMOD040", "stop_name": "Route de Fécamp", "route_ids": ["ATOUMOD040:Line:1003055:LOC"]}}, {"type": "Feature", "geometry": {"type": "Point", "coordinates": [0.279651, 49.722135]}, "properties": {"stop_id": "FR:76726:ZE:1108422:ATOUMOD040", "stop_name": "Forge", "route_ids": ["ATOUMOD040:Line:1003055:LOC"]}}, {"type": "Feature", "geometry": {"type": "Point", "coordinates": [0.288782, 49.729467]}, "properties": {"stop_id": "FR:76726:ZE:1108424:ATOUMOD040", "stop_name": "Brandeville", "route_ids": ["ATOUMOD040:Line:1003055:LOC"]}}, {"type": "Feature", "geometry": {"type": "Point", "coordinates": [0.121662, 49.577519]}, "properties": {"stop_id": "FR:76481:ZE:1171494:ATOUMOD040", "stop_name": "Café Blanc", "route_ids": ["ATOUMOD040:Line:1003055:LOC"]}}, {"type": "Feature", "geometry": {"type": "Point", "coordinates": [0.121576, 49.577519]}, "properties": {"stop_id": "FR:76481:ZE:1171495:ATOUMOD040", "stop_name": "Café Blanc", "route_ids": ["ATOUMOD040:Line:1003055:LOC"]}}, {"type": "Feature", "geometry": {"type": "Point", "coordinates": [0.400826, 49.751359]}, "properties": {"stop_id": "FR:76259:ZE:1108434:ATOUMOD040", "stop_name": "Charles Hue", "route_ids": ["ATOUMOD040:Line:1003056:LOC"]}}, {"type": "Feature", "geometry": {"type": "Point", "coordinates": [0.532282, 49.695111]}, "properties": {"stop_id": "FR:76755:ZE:1108436:ATOUMOD040", "stop_name": "Centre", "route_ids": ["ATOUMOD040:Line:1003056:LOC"]}}, {"type": "Feature", "geometry": {"type": "Point", "coordinates": [0.601372, 49.653629]}, "properties": {"stop_id": "FR:76258:ZE:1108438:ATOUMOD040", "stop_name": "FAUVILLE-EN-CAUX - Cour de Caux", "route_ids": ["ATOUMOD040:Line:1003056:LOC"]}}, {"type": "Feature", "geometry": {"type": "Point", "coordinates": [1.097773, 49.718669]}, "properties": {"stop_id": "FR:76034:ZE:1108450:ATOUMOD040", "stop_name": "AUFFAY - Gambetta", "route_ids": ["ATOUMOD040:Line:1003078:LOC"]}}, {"type": "Feature", "geometry": {"type": "Point", "coordinates": [0.514216, 49.81238]}, "properties": {"stop_id": "FR:76663:ZE:1108458:ATOUMOD040", "stop_name": "Grandes Dalles", "route_ids": ["ATOUMOD040:Line:1003066:LOC"]}}, {"type": "Feature", "geometry": {"type": "Point", "coordinates": [1.280331, 49.842602]}, "properties": {"stop_id": "FR:76590:ZE:1108462:ATOUMOD040", "stop_name": "La Briqueterie", "route_ids": ["ATOUMOD040:Line:1003071:LOC"]}}, {"type": "Feature", "geometry": {"type": "Point", "coordinates": [1.280304, 49.842553]}, "properties": {"stop_id": "FR:76590:ZE:1178119:ATOUMOD040", "stop_name": "La Briqueterie", "route_ids": ["ATOUMOD040:Line:1003071:LOC"]}}, {"type": "Feature", "geometry": {"type": "Point", "coordinates": [1.188108, 49.86704]}, "properties": {"stop_id": "FR:76562:ZE:1108466:ATOUMOD040", "stop_name": "La Côte", "route_ids": ["ATOUMOD040:Line:1003071:LOC"]}}, {"type": "Feature", "geometry": {"type": "Point", "coordinates": [1.187978, 49.866966]}, "properties": {"stop_id": "FR:76562:ZE:1170568:ATOUMOD040", "stop_name": "La Côte", "route_ids": ["ATOUMOD040:Line:1003071:LOC"]}}, {"type": "Feature", "geometry": {"type": "Point", "coordinates": [0.498626, 49.810309]}, "properties": {"stop_id": "FR:76637:ZE:1108474:ATOUMOD040", "stop_name": "Le Bout du Nord", "route_ids": ["ATOUMOD040:Line:1003066:LOC"]}}, {"type": "Feature", "geometry": {"type": "Point", "coordinates": [0.533989, 49.524002]}, "properties": {"stop_id": "FR:76384:ZE:1108502:ATOUMOD040", "stop_name": "College Pierre Mendes-France", "route_ids": ["ATOUMOD040:Line:1003051:LOC"]}}, {"type": "Feature", "geometry": {"type": "Point", "coordinates": [1.109577, 49.787869]}, "properties": {"stop_id": "FR:76570:ZE:1108504:ATOUMOD040", "stop_name": "Aux Champs la Ferme", "route_ids": ["ATOUMOD040:Line:1003079:LOC"]}}, {"type": "Feature", "geometry": {"type": "Point", "coordinates": [1.109617, 49.788009]}, "properties": {"stop_id": "FR:76570:ZE:1158074:ATOUMOD040", "stop_name": "Aux Champs la Ferme", "route_ids": ["ATOUMOD040:Line:1003079:LOC"]}}, {"type": "Feature", "geometry": {"type": "Point", "coordinates": [1.108197, 49.791758]}, "properties": {"stop_id": "FR:76397:ZE:1108506:ATOUMOD040", "stop_name": "Le Colombier", "route_ids": ["ATOUMOD040:Line:1003079:LOC"]}}, {"type": "Feature", "geometry": {"type": "Point", "coordinates": [1.108259, 49.791762]}, "properties": {"stop_id": "FR:76397:ZE:1171890:ATOUMOD040", "stop_name": "Le Colombier", "route_ids": ["ATOUMOD040:Line:1003079:LOC"]}}, {"type": "Feature", "geometry": {"type": "Point", "coordinates": [1.081638, 49.83514]}, "properties": {"stop_id": "FR:76019:ZE:1108510:ATOUMOD040", "stop_name": "Église / Mairie / École", "route_ids": ["ATOUMOD040:Line:1003079:LOC"]}}, {"type": "Feature", "geometry": {"type": "Point", "coordinates": [1.080162, 49.83569]}, "properties": {"stop_id": "FR:76405:ZE:1171915:ATOUMOD040", "stop_name": "Église / Mairie / École", "route_ids": ["ATOUMOD040:Line:1003079:LOC"]}}, {"type": "Feature", "geometry": {"type": "Point", "coordinates": [0.588781, 49.460457]}, "properties": {"stop_id": "FR:76499:ZE:1108536:ATOUMOD040", "stop_name": "Centre", "route_ids": ["ATOUMOD040:Line:1003051:LOC"]}}, {"type": "Feature", "geometry": {"type": "Point", "coordinates": [0.588317, 49.460518]}, "properties": {"stop_id": "FR:76499:ZE:1171919:ATOUMOD040", "stop_name": "Centre", "route_ids": ["ATOUMOD040:Line:1003051:LOC"]}}, {"type": "Feature", "geometry": {"type": "Point", "coordinates": [0.4117, 49.507565]}, "properties": {"stop_id": "FR:76169:ZE:1108544:ATOUMOD040", "stop_name": "Saint-Léonard", "route_ids": ["ATOUMOD040:Line:1003051:LOC"]}}, {"type": "Feature", "geometry": {"type": "Point", "coordinates": [0.3872, 49.753496]}, "properties": {"stop_id": "FR:76259:ZE:1108558:ATOUMOD040", "stop_name": "Coubertin", "route_ids": ["ATOUMOD040:Line:1003055:LOC", "ATOUMOD040:Line:1003056:LOC", "ATOUMOD040:Line:1003053:LOC"]}}, {"type": "Feature", "geometry": {"type": "Point", "coordinates": [1.068887, 49.907476]}, "properties": {"stop_id": "FR:76565:ZE:1108560:ATOUMOD040", "stop_name": "College Claude Delvincourt", "route_ids": ["ATOUMOD040:Line:1003071:LOC"]}}, {"type": "Feature", "geometry": {"type": "Point", "coordinates": [0.607699, 49.855263]}, "properties": {"stop_id": "FR:76736:ZE:1108576:ATOUMOD040", "stop_name": "Le Pont Rouge", "route_ids": ["ATOUMOD040:Line:1003066:LOC"]}}, {"type": "Feature", "geometry": {"type": "Point", "coordinates": [1.064561, 49.922951]}, "properties": {"stop_id": "FR:76217:ZE:1108578:ATOUMOD040", "stop_name": "Lycée Jehan Ango", "route_ids": ["ATOUMOD040:Line:1003047:LOC", "ATOUMOD040:Line:1003067:LOC", "ATOUMOD040:Line:1003068:LOC", "ATOUMOD040:Line:1003069:LOC", "ATOUMOD040:Line:1003070:LOC", "ATOUMOD040:Line:1003071:LOC", "ATOUMOD040:Line:1003078:LOC", "ATOUMOD040:Line:1003079:LOC"]}}, {"type": "Feature", "geometry": {"type": "Point", "coordinates": [1.06536, 49.923116]}, "properties": {"stop_id": "FR:76217:ZE:1170566:ATOUMOD040", "stop_name": "Lycée Jehan Ango", "route_ids": ["ATOUMOD040:Line:1003047:LOC", "ATOUMOD040:Line:1003067:LOC", "ATOUMOD040:Line:1003068:LOC", "ATOUMOD040:Line:1003078:LOC", "ATOUMOD040:Line:1003079:LOC"]}}, {"type": "Feature", "geometry": {"type": "Point", "coordinates": [1.065187, 49.923105]}, "properties": {"stop_id": "FR:76217:ZE:1170567:ATOUMOD040", "stop_name": "Lycée Jehan Ango", "route_ids": ["ATOUMOD040:Line:1003079:LOC", "ATOUMOD040:Line:1003067:LOC", "ATOUMOD040:Line:1003068:LOC", "ATOUMOD040:Line:1003078:LOC"]}}, {"type": "Feature", "geometry": {"type": "Point", "coordinates": [1.274817, 49.397417]}, "properties": {"stop_id": "FR:76434:ZE:1108626:ATOUMOD040", "stop_name": "Église", "route_ids": ["ATOUMOD040:Line:1003065:LOC"]}}, {"type": "Feature", "geometry": {"type": "Point", "coordinates": [1.001126, 49.491049]}, "properties": {"stop_id": "FR:76594:ZE:1108696:ATOUMOD040", "stop_name": "Le Vert Galant", "route_ids": ["ATOUMOD040:Line:1003057:LOC"]}}, {"type": "Feature", "geometry": {"type": "Point", "coordinates": [1.000896, 49.490948]}, "properties": {"stop_id": "FR:76594:ZE:1167447:ATOUMOD040", "stop_name": "Le Vert Galant", "route_ids": ["ATOUMOD040:Line:1003057:LOC"]}}, {"type": "Feature", "geometry": {"type": "Point", "coordinates": [0.223222, 49.688474]}, "properties": {"stop_id": "FR:76117:ZE:1108698:ATOUMOD040", "stop_name": "La Tourniole", "route_ids": ["ATOUMOD040:Line:1003055:LOC"]}}, {"type": "Feature", "geometry": {"type": "Point", "coordinates": [0.289612, 49.611763]}, "properties": {"stop_id": "FR:76734:ZE:1108700:ATOUMOD040", "stop_name": "Le Poteau", "route_ids": ["ATOUMOD040:Line:1003054:LOC"]}}, {"type": "Feature", "geometry": {"type": "Point", "coordinates": [0.260814, 49.630243]}, "properties": {"stop_id": "FR:76196:ZE:1108702:ATOUMOD040", "stop_name": "Mondeville", "route_ids": ["ATOUMOD040:Line:1003054:LOC"]}}, {"type": "Feature", "geometry": {"type": "Point", "coordinates": [0.944138, 49.540023]}, "properties": {"stop_id": "FR:76057:ZE:1108712:ATOUMOD040", "stop_name": "Rue Bérat", "route_ids": ["ATOUMOD040:Line:1003058:LOC"]}}, {"type": "Feature", "geometry": {"type": "Point", "coordinates": [0.941666, 49.539393]}, "properties": {"stop_id": "FR:76057:ZE:1108714:ATOUMOD040", "stop_name": "Rue du 31 aout", "route_ids": ["ATOUMOD040:Line:1003058:LOC"]}}, {"type": "Feature", "geometry": {"type": "Point", "coordinates": [1.098157, 49.730199]}, "properties": {"stop_id": "FR:76360:ZE:1108730:ATOUMOD040", "stop_name": "Mairie / École", "route_ids": ["ATOUMOD040:Line:1003078:LOC"]}}, {"type": "Feature", "geometry": {"type": "Point", "coordinates": [1.072698, 49.756486]}, "properties": {"stop_id": "FR:76308:ZE:1171677:ATOUMOD040", "stop_name": "Mairie / École Primaire", "route_ids": ["ATOUMOD040:Line:1003078:LOC"]}}, {"type": "Feature", "geometry": {"type": "Point", "coordinates": [1.625562, 49.932416]}, "properties": {"stop_id": "FR:76101:ZE:1108864:ATOUMOD040", "stop_name": "Gare Sncf", "route_ids": ["ATOUMOD040:Line:1003075:LOC"]}}, {"type": "Feature", "geometry": {"type": "Point", "coordinates": [1.37052, 49.412835]}, "properties": {"stop_id": "FR:27453:ZE:1108874:ATOUMOD040", "stop_name": "Centre", "route_ids": ["ATOUMOD040:Line:1003065:LOC"]}}, {"type": "Feature", "geometry": {"type": "Point", "coordinates": [0.929865, 49.502493]}, "properties": {"stop_id": "FR:76636:ZE:1108896:ATOUMOD040", "stop_name": "Salle des Fetes", "route_ids": ["ATOUMOD040:Line:1003058:LOC"]}}, {"type": "Feature", "geometry": {"type": "Point", "coordinates": [0.895193, 49.486173]}, "properties": {"stop_id": "FR:76222:ZE:1108898:ATOUMOD040", "stop_name": "L'Ânerie", "route_ids": ["ATOUMOD040:Line:1003061:LOC"]}}, {"type": "Feature", "geometry": {"type": "Point", "coordinates": [0.894909, 49.486175]}, "properties": {"stop_id": "FR:76222:ZE:1158046:ATOUMOD040", "stop_name": "L'Ânerie", "route_ids": ["ATOUMOD040:Line:1003061:LOC"]}}, {"type": "Feature", "geometry": {"type": "Point", "coordinates": [0.830196, 49.88159]}, "properties": {"stop_id": "FR:76683:ZE:1108904:ATOUMOD040", "stop_name": "Mairie", "route_ids": ["ATOUMOD040:Line:1003067:LOC"]}}, {"type": "Feature", "geometry": {"type": "Point", "coordinates": [0.829901, 49.881543]}, "properties": {"stop_id": "FR:76683:ZE:1170881:ATOUMOD040", "stop_name": "Mairie", "route_ids": ["ATOUMOD040:Line:1003067:LOC"]}}, {"type": "Feature", "geometry": {"type": "Point", "coordinates": [0.666981, 49.823441]}, "properties": {"stop_id": "FR:76646:ZE:1108906:ATOUMOD040", "stop_name": "Mairie / École", "route_ids": ["ATOUMOD040:Line:1003066:LOC"]}}, {"type": "Feature", "geometry": {"type": "Point", "coordinates": [1.037495, 49.841563]}, "properties": {"stop_id": "FR:76036:ZE:1108910:ATOUMOD040", "stop_name": "Colmesnil", "route_ids": ["ATOUMOD040:Line:1003079:LOC"]}}, {"type": "Feature", "geometry": {"type": "Point", "coordinates": [1.037359, 49.841675]}, "properties": {"stop_id": "FR:76036:ZE:1169630:ATOUMOD040", "stop_name": "Colmesnil", "route_ids": ["ATOUMOD040:Line:1003079:LOC"]}}, {"type": "Feature", "geometry": {"type": "Point", "coordinates": [1.026201, 49.829851]}, "properties": {"stop_id": "FR:76036:ZE:1108912:ATOUMOD040", "stop_name": "Église", "route_ids": ["ATOUMOD040:Line:1003079:LOC"]}}, {"type": "Feature", "geometry": {"type": "Point", "coordinates": [1.02617, 49.829899]}, "properties": {"stop_id": "FR:76036:ZE:1169631:ATOUMOD040", "stop_name": "Église", "route_ids": ["ATOUMOD040:Line:1003079:LOC"]}}, {"type": "Feature", "geometry": {"type": "Point", "coordinates": [0.982485, 49.794435]}, "properties": {"stop_id": "FR:76380:ZE:1108914:ATOUMOD040", "stop_name": "École", "route_ids": ["ATOUMOD040:Line:1003079:LOC"]}}, {"type": "Feature", "geometry": {"type": "Point", "coordinates": [0.982543, 49.794433]}, "properties": {"stop_id": "FR:76380:ZE:1170395:ATOUMOD040", "stop_name": "École", "route_ids": ["ATOUMOD040:Line:1003079:LOC"]}}, {"type": "Feature", "geometry": {"type": "Point", "coordinates": [0.965207, 49.842388]}, "properties": {"stop_id": "FR:76334:ZE:1108916:ATOUMOD040", "stop_name": "Salle des 2 Vallées", "route_ids": ["ATOUMOD040:Line:1003047:LOC"]}}, {"type": "Feature", "geometry": {"type": "Point", "coordinates": [0.964851, 49.842357]}, "properties": {"stop_id": "FR:76334:ZE:1169956:ATOUMOD040", "stop_name": "Salle des 2 Vallées", "route_ids": ["ATOUMOD040:Line:1003047:LOC"]}}, {"type": "Feature", "geometry": {"type": "Point", "coordinates": [1.006114, 49.845066]}, "properties": {"stop_id": "FR:76690:ZE:1108918:ATOUMOD040", "stop_name": "Le Bout du Thil", "route_ids": ["ATOUMOD040:Line:1003047:LOC"]}}, {"type": "Feature", "geometry": {"type": "Point", "coordinates": [1.006335, 49.845052]}, "properties": {"stop_id": "FR:76690:ZE:1171001:ATOUMOD040", "stop_name": "Le Bout du Thil", "route_ids": ["ATOUMOD040:Line:1003047:LOC"]}}, {"type": "Feature", "geometry": {"type": "Point", "coordinates": [0.911629, 49.779621]}, "properties": {"stop_id": "FR:76694:ZE:1108922:ATOUMOD040", "stop_name": "Route de Butot", "route_ids": ["ATOUMOD040:Line:1003079:LOC"]}}, {"type": "Feature", "geometry": {"type": "Point", "coordinates": [0.91157, 49.77925]}, "properties": {"stop_id": "FR:76694:ZE:1174429:ATOUMOD040", "stop_name": "Route de Butot", "route_ids": ["ATOUMOD040:Line:1003079:LOC"]}}, {"type": "Feature", "geometry": {"type": "Point", "coordinates": [0.897768, 49.770267]}, "properties": {"stop_id": "FR:76662:ZE:1108924:ATOUMOD040", "stop_name": "Rue de l'Église", "route_ids": ["ATOUMOD040:Line:1003079:LOC"]}}, {"type": "Feature", "geometry": {"type": "Point", "coordinates": [0.897822, 49.770267]}, "properties": {"stop_id": "FR:76662:ZE:1170808:ATOUMOD040", "stop_name": "Rue de l'Église", "route_ids": ["ATOUMOD040:Line:1003079:LOC"]}}, {"type": "Feature", "geometry": {"type": "Point", "coordinates": [0.89727, 49.767381]}, "properties": {"stop_id": "FR:76306:ZE:1108926:ATOUMOD040", "stop_name": "Église", "route_ids": ["ATOUMOD040:Line:1003079:LOC"]}}, {"type": "Feature", "geometry": {"type": "Point", "coordinates": [0.885037, 49.751869]}, "properties": {"stop_id": "FR:76597:ZE:1108928:ATOUMOD040", "stop_name": "Château d'Eau", "route_ids": ["ATOUMOD040:Line:1003079:LOC"]}}, {"type": "Feature", "geometry": {"type": "Point", "coordinates": [0.927156, 49.759457]}, "properties": {"stop_id": "FR:76549:ZE:1108930:ATOUMOD040", "stop_name": "Chemin de l'Église", "route_ids": ["ATOUMOD040:Line:1003079:LOC"]}}, {"type": "Feature", "geometry": {"type": "Point", "coordinates": [0.927034, 49.759476]}, "properties": {"stop_id": "FR:76549:ZE:1170521:ATOUMOD040", "stop_name": "Chemin de l'Église", "route_ids": ["ATOUMOD040:Line:1003079:LOC"]}}, {"type": "Feature", "geometry": {"type": "Point", "coordinates": [0.937202, 49.745429]}, "properties": {"stop_id": "FR:76047:ZE:1108934:ATOUMOD040", "stop_name": "Auberge", "route_ids": ["ATOUMOD040:Line:1003079:LOC"]}}, {"type": "Feature", "geometry": {"type": "Point", "coordinates": [0.937157, 49.745467]}, "properties": {"stop_id": "FR:76047:ZE:1169644:ATOUMOD040", "stop_name": "Auberge", "route_ids": ["ATOUMOD040:Line:1003079:LOC"]}}, {"type": "Feature", "geometry": {"type": "Point", "coordinates": [0.960998, 49.771961]}, "properties": {"stop_id": "FR:76546:ZE:1108936:ATOUMOD040", "stop_name": "Les 4 Routes", "route_ids": ["ATOUMOD040:Line:1003079:LOC"]}}, {"type": "Feature", "geometry": {"type": "Point", "coordinates": [0.961103, 49.772062]}, "properties": {"stop_id": "FR:76546:ZE:1170509:ATOUMOD040", "stop_name": "Les 4 Routes", "route_ids": ["ATOUMOD040:Line:1003079:LOC"]}}, {"type": "Feature", "geometry": {"type": "Point", "coordinates": [0.955363, 49.775395]}, "properties": {"stop_id": "FR:76546:ZE:1108938:ATOUMOD040", "stop_name": "Mairie", "route_ids": ["ATOUMOD040:Line:1003079:LOC"]}}, {"type": "Feature", "geometry": {"type": "Point", "coordinates": [0.955373, 49.775434]}, "properties": {"stop_id": "FR:76546:ZE:1170510:ATOUMOD040", "stop_name": "Mairie", "route_ids": ["ATOUMOD040:Line:1003079:LOC"]}}, {"type": "Feature", "geometry": {"type": "Point", "coordinates": [0.961774, 49.758879]}, "properties": {"stop_id": "FR:76629:ZE:1108940:ATOUMOD040", "stop_name": "Église", "route_ids": ["ATOUMOD040:Line:1003079:LOC"]}}, {"type": "Feature", "geometry": {"type": "Point", "coordinates": [0.959043, 49.747093]}, "properties": {"stop_id": "FR:76383:ZE:1108942:ATOUMOD040", "stop_name": "L'Orée du Bois", "route_ids": ["ATOUMOD040:Line:1003079:LOC"]}}, {"type": "Feature", "geometry": {"type": "Point", "coordinates": [0.959064, 49.747129]}, "properties": {"stop_id": "FR:76383:ZE:1170459:ATOUMOD040", "stop_name": "L'Orée du Bois", "route_ids": ["ATOUMOD040:Line:1003079:LOC"]}}, {"type": "Feature", "geometry": {"type": "Point", "coordinates": [0.977676, 49.733791]}, "properties": {"stop_id": "FR:76632:ZE:1108944:ATOUMOD040", "stop_name": "Draqueville - Rue de la Forge", "route_ids": ["ATOUMOD040:Line:1003079:LOC"]}}, {"type": "Feature", "geometry": {"type": "Point", "coordinates": [0.977733, 49.733804]}, "properties": {"stop_id": "FR:76632:ZE:1172835:ATOUMOD040", "stop_name": "Draqueville - Rue de la Forge", "route_ids": ["ATOUMOD040:Line:1003079:LOC"]}}, {"type": "Feature", "geometry": {"type": "Point", "coordinates": [0.905398, 49.794521]}, "properties": {"stop_id": "FR:76731:ZE:1108956:ATOUMOD040", "stop_name": "Église", "route_ids": ["ATOUMOD040:Line:1003079:LOC"]}}, {"type": "Feature", "geometry": {"type": "Point", "coordinates": [0.905449, 49.794517]}, "properties": {"stop_id": "FR:76731:ZE:1171164:ATOUMOD040", "stop_name": "Église", "route_ids": ["ATOUMOD040:Line:1003079:LOC"]}}, {"type": "Feature", "geometry": {"type": "Point", "coordinates": [0.876517, 49.888594]}, "properties": {"stop_id": "FR:76564:ZE:1108960:ATOUMOD040", "stop_name": "Mairie / École", "route_ids": ["ATOUMOD040:Line:1003067:LOC"]}}, {"type": "Feature", "geometry": {"type": "Point", "coordinates": [0.877181, 49.888423]}, "properties": {"stop_id": "FR:76564:ZE:1170602:ATOUMOD040", "stop_name": "Mairie / École", "route_ids": ["ATOUMOD040:Line:1003067:LOC"]}}, {"type": "Feature", "geometry": {"type": "Point", "coordinates": [0.85951, 49.834622]}, "properties": {"stop_id": "FR:76294:ZE:1108964:ATOUMOD040", "stop_name": "Route de la Mer", "route_ids": ["ATOUMOD040:Line:1003047:LOC"]}}, {"type": "Feature", "geometry": {"type": "Point", "coordinates": [0.859565, 49.834604]}, "properties": {"stop_id": "FR:76294:ZE:1171552:ATOUMOD040", "stop_name": "Route de la Mer", "route_ids": ["ATOUMOD040:Line:1003047:LOC"]}}, {"type": "Feature", "geometry": {"type": "Point", "coordinates": [1.092247, 49.695865]}, "properties": {"stop_id": "FR:76723:ZE:1108968:ATOUMOD040", "stop_name": "Aire de Loisirs", "route_ids": ["ATOUMOD040:Line:1003078:LOC"]}}, {"type": "Feature", "geometry": {"type": "Point", "coordinates": [1.092193, 49.695857]}, "properties": {"stop_id": "FR:76723:ZE:1171138:ATOUMOD040", "stop_name": "Aire de Loisirs", "route_ids": ["ATOUMOD040:Line:1003078:LOC"]}}, {"type": "Feature", "geometry": {"type": "Point", "coordinates": [0.998873, 49.666946]}, "properties": {"stop_id": "FR:76086:ZE:1108970:ATOUMOD040", "stop_name": "Le Colombier", "route_ids": ["ATOUMOD040:Line:1003078:LOC"]}}, {"type": "Feature", "geometry": {"type": "Point", "coordinates": [0.998522, 49.667033]}, "properties": {"stop_id": "FR:76086:ZE:1171627:ATOUMOD040", "stop_name": "Le Colombier", "route_ids": ["ATOUMOD040:Line:1003078:LOC"]}}, {"type": "Feature", "geometry": {"type": "Point", "coordinates": [1.025931, 49.705714]}, "properties": {"stop_id": "FR:76153:ZE:1169856:ATOUMOD040", "stop_name": "Salle des Fetes", "route_ids": ["ATOUMOD040:Line:1003078:LOC"]}}, {"type": "Feature", "geometry": {"type": "Point", "coordinates": [1.058664, 49.7028]}, "properties": {"stop_id": "FR:76574:ZE:1108978:ATOUMOD040", "stop_name": "Beuville Centre", "route_ids": ["ATOUMOD040:Line:1003078:LOC"]}}, {"type": "Feature", "geometry": {"type": "Point", "coordinates": [1.058559, 49.70274]}, "properties": {"stop_id": "FR:76574:ZE:1177775:ATOUMOD040", "stop_name": "Beuville Centre", "route_ids": ["ATOUMOD040:Line:1003078:LOC"]}}, {"type": "Feature", "geometry": {"type": "Point", "coordinates": [0.211863, 49.583484]}, "properties": {"stop_id": "FR:76534:ZE:1108996:ATOUMOD040", "stop_name": "Le Bosquet", "route_ids": ["ATOUMOD040:Line:1003054:LOC"]}}, {"type": "Feature", "geometry": {"type": "Point", "coordinates": [0.21536, 49.577879]}, "properties": {"stop_id": "FR:76534:ZE:1108998:ATOUMOD040", "stop_name": "La Linerie", "route_ids": ["ATOUMOD040:Line:1003054:LOC"]}}, {"type": "Feature", "geometry": {"type": "Point", "coordinates": [0.220122, 49.571296]}, "properties": {"stop_id": "FR:76238:ZE:1109000:ATOUMOD040", "stop_name": "L'Ormerie", "route_ids": ["ATOUMOD040:Line:1003054:LOC"]}}, {"type": "Feature", "geometry": {"type": "Point", "coordinates": [0.218199, 49.562182]}, "properties": {"stop_id": "FR:76238:ZE:1109002:ATOUMOD040", "stop_name": "Saint-Hubert", "route_ids": ["ATOUMOD040:Line:1003054:LOC"]}}, {"type": "Feature", "geometry": {"type": "Point", "coordinates": [0.639122, 49.819596]}, "properties": {"stop_id": "FR:76748:ZE:1109018:ATOUMOD040", "stop_name": "Salle des Sports", "route_ids": ["ATOUMOD040:Line:1003066:LOC"]}}, {"type": "Feature", "geometry": {"type": "Point", "coordinates": [0.634526, 49.531915]}, "properties": {"stop_id": "FR:76022:ZE:1109028:ATOUMOD040", "stop_name": "Route de l'Église", "route_ids": ["ATOUMOD040:Line:1003051:LOC"]}}, {"type": "Feature", "geometry": {"type": "Point", "coordinates": [1.159695, 49.948327]}, "properties": {"stop_id": "FR:76618:ZE:1109040:ATOUMOD040", "stop_name": "BELLEVILLE-SUR-MER - Centre", "route_ids": ["ATOUMOD040:Line:1003070:LOC"]}}, {"type": "Feature", "geometry": {"type": "Point", "coordinates": [1.159741, 49.948248]}, "properties": {"stop_id": "FR:76618:ZE:1172199:ATOUMOD040", "stop_name": "BELLEVILLE-SUR-MER - Centre", "route_ids": ["ATOUMOD040:Line:1003070:LOC"]}}, {"type": "Feature", "geometry": {"type": "Point", "coordinates": [1.140634, 49.940285]}, "properties": {"stop_id": "FR:76618:ZE:1109042:ATOUMOD040", "stop_name": "BRACQUEMONT - La Mare", "route_ids": ["ATOUMOD040:Line:1003070:LOC", "ATOUMOD040:Line:1003072:LOC"]}}, {"type": "Feature", "geometry": {"type": "Point", "coordinates": [1.139973, 49.940187]}, "properties": {"stop_id": "FR:76618:ZE:1172435:ATOUMOD040", "stop_name": "BRACQUEMONT - La Mare", "route_ids": ["ATOUMOD040:Line:1003072:LOC", "ATOUMOD040:Line:1003070:LOC"]}}, {"type": "Feature", "geometry": {"type": "Point", "coordinates": [1.144758, 49.940436]}, "properties": {"stop_id": "FR:76618:ZE:1109044:ATOUMOD040", "stop_name": "BRACQUEMONT - Le Calvaire", "route_ids": ["ATOUMOD040:Line:1003070:LOC"]}}, {"type": "Feature", "geometry": {"type": "Point", "coordinates": [1.14477, 49.940469]}, "properties": {"stop_id": "FR:76618:ZE:1172438:ATOUMOD040", "stop_name": "BRACQUEMONT - Le Calvaire", "route_ids": ["ATOUMOD040:Line:1003070:LOC"]}}, {"type": "Feature", "geometry": {"type": "Point", "coordinates": [1.093812, 49.930706]}, "properties": {"stop_id": "FR:76217:ZE:1109046:ATOUMOD040", "stop_name": "Paul Bert", "route_ids": ["ATOUMOD040:Line:1003070:LOC"]}}, {"type": "Feature", "geometry": {"type": "Point", "coordinates": [1.093862, 49.930522]}, "properties": {"stop_id": "FR:76217:ZE:1170563:ATOUMOD040", "stop_name": "Paul Bert", "route_ids": ["ATOUMOD040:Line:1003070:LOC"]}}, {"type": "Feature", "geometry": {"type": "Point", "coordinates": [1.077896, 49.921929]}, "properties": {"stop_id": "FR:76217:ZE:1109054:ATOUMOD040", "stop_name": "Hôpital", "route_ids": ["ATOUMOD040:Line:1003070:LOC"]}}, {"type": "Feature", "geometry": {"type": "Point", "coordinates": [1.116096, 49.935819]}, "properties": {"stop_id": "FR:76217:ZE:1109056:ATOUMOD040", "stop_name": "Puys - Val d'Arquet", "route_ids": ["ATOUMOD040:Line:1003070:LOC"]}}, {"type": "Feature", "geometry": {"type": "Point", "coordinates": [1.116085, 49.93586]}, "properties": {"stop_id": "FR:76217:ZE:1170594:ATOUMOD040", "stop_name": "Puys - Val d'Arquet", "route_ids": ["ATOUMOD040:Line:1003070:LOC"]}}, {"type": "Feature", "geometry": {"type": "Point", "coordinates": [0.234187, 49.515061]}, "properties": {"stop_id": "FR:76305:ZE:1109064:ATOUMOD040", "stop_name": "Les Clos Molinons", "route_ids": ["ATOUMOD040:Line:1003051:LOC"]}}, {"type": "Feature", "geometry": {"type": "Point", "coordinates": [0.263263, 49.518402]}, "properties": {"stop_id": "FR:76296:ZE:1109066:ATOUMOD040", "stop_name": "Horloge", "route_ids": ["ATOUMOD040:Line:1003051:LOC"]}}, {"type": "Feature", "geometry": {"type": "Point", "coordinates": [0.262848, 49.518301]}, "properties": {"stop_id": "FR:76296:ZE:1171582:ATOUMOD040", "stop_name": "Horloge", "route_ids": ["ATOUMOD040:Line:1003051:LOC"]}}, {"type": "Feature", "geometry": {"type": "Point", "coordinates": [0.273019, 49.51895]}, "properties": {"stop_id": "FR:76296:ZE:1109068:ATOUMOD040", "stop_name": "Queue du Grill", "route_ids": ["ATOUMOD040:Line:1003051:LOC"]}}, {"type": "Feature", "geometry": {"type": "Point", "coordinates": [0.408178, 49.550509]}, "properties": {"stop_id": "FR:76714:ZE:1109070:ATOUMOD040", "stop_name": "Mare au Leu", "route_ids": ["ATOUMOD040:Line:1003051:LOC"]}}, {"type": "Feature", "geometry": {"type": "Point", "coordinates": [0.4393, 49.554165]}, "properties": {"stop_id": "FR:76576:ZE:1109072:ATOUMOD040", "stop_name": "Les Fonds de Misere", "route_ids": ["ATOUMOD040:Line:1003051:LOC"]}}, {"type": "Feature", "geometry": {"type": "Point", "coordinates": [0.467221, 49.564374]}, "properties": {"stop_id": "FR:76114:ZE:1109074:ATOUMOD040", "stop_name": "Le Viaduc", "route_ids": ["ATOUMOD040:Line:1003051:LOC"]}}, {"type": "Feature", "geometry": {"type": "Point", "coordinates": [0.540203, 49.518061]}, "properties": {"stop_id": "FR:76384:ZE:1109078:ATOUMOD040", "stop_name": "Temple / Place Thimotee Holley", "route_ids": ["ATOUMOD040:Line:1003051:LOC"]}}, {"type": "Feature", "geometry": {"type": "Point", "coordinates": [0.568987, 49.487803]}, "properties": {"stop_id": "FR:76476:ZE:1109082:ATOUMOD040", "stop_name": "NOTRE-DAME-DE-GRAVENCHON - Messager", "route_ids": ["ATOUMOD040:Line:1003051:LOC"]}}, {"type": "Feature", "geometry": {"type": "Point", "coordinates": [0.572857, 49.481011]}, "properties": {"stop_id": "FR:76476:ZE:1109084:ATOUMOD040", "stop_name": "NOTRE-DAME-DE-GRAVENCHON - Henri Dunant", "route_ids": ["ATOUMOD040:Line:1003051:LOC"]}}, {"type": "Feature", "geometry": {"type": "Point", "coordinates": [0.580456, 49.46761]}, "properties": {"stop_id": "FR:76499:ZE:1109086:ATOUMOD040", "stop_name": "Le Génétais", "route_ids": ["ATOUMOD040:Line:1003051:LOC"]}}, {"type": "Feature", "geometry": {"type": "Point", "coordinates": [0.582271, 49.462843]}, "properties": {"stop_id": "FR:76499:ZE:1109088:ATOUMOD040", "stop_name": "Le Cul du Tôt", "route_ids": ["ATOUMOD040:Line:1003051:LOC"]}}, {"type": "Feature", "geometry": {"type": "Point", "coordinates": [0.603843, 49.460485]}, "properties": {"stop_id": "FR:76499:ZE:1109090:ATOUMOD040", "stop_name": "Cimetiere", "route_ids": ["ATOUMOD040:Line:1003051:LOC"]}}, {"type": "Feature", "geometry": {"type": "Point", "coordinates": [0.609079, 49.460681]}, "properties": {"stop_id": "FR:76622:ZE:1109092:ATOUMOD040", "stop_name": "Les Noyers", "route_ids": ["ATOUMOD040:Line:1003051:LOC"]}}, {"type": "Feature", "geometry": {"type": "Point", "coordinates": [0.629828, 49.47214]}, "properties": {"stop_id": "FR:76471:ZE:1109094:ATOUMOD040", "stop_name": "Le Croquet", "route_ids": ["ATOUMOD040:Line:1003051:LOC"]}}, {"type": "Feature", "geometry": {"type": "Point", "coordinates": [0.638537, 49.476163]}, "properties": {"stop_id": "FR:76471:ZE:1109096:ATOUMOD040", "stop_name": "Auberge", "route_ids": ["ATOUMOD040:Line:1003051:LOC"]}}, {"type": "Feature", "geometry": {"type": "Point", "coordinates": [0.664982, 49.49658]}, "properties": {"stop_id": "FR:76164:ZE:1109098:ATOUMOD040", "stop_name": "VILLEQUIER - La Croix Dussault", "route_ids": ["ATOUMOD040:Line:1003048:LOC", "ATOUMOD040:Line:1003051:LOC"]}}, {"type": "Feature", "geometry": {"type": "Point", "coordinates": [0.671056, 49.507746]}, "properties": {"stop_id": "FR:76164:ZE:1109100:ATOUMOD040", "stop_name": "VILLEQUIER - HLM", "route_ids": ["ATOUMOD040:Line:1003048:LOC", "ATOUMOD040:Line:1003051:LOC"]}}, {"type": "Feature", "geometry": {"type": "Point", "coordinates": [0.659699, 49.490969]}, "properties": {"stop_id": "FR:76164:ZE:1109102:ATOUMOD040", "stop_name": "VILLEQUIER - Cantepie", "route_ids": ["ATOUMOD040:Line:1003051:LOC"]}}, {"type": "Feature", "geometry": {"type": "Point", "coordinates": [0.707846, 49.522747]}, "properties": {"stop_id": "FR:76164:ZE:1109104:ATOUMOD040", "stop_name": "CAUDEBEC-EN-CAUX - Piscine", "route_ids": ["ATOUMOD040:Line:1003051:LOC"]}}, {"type": "Feature", "geometry": {"type": "Point", "coordinates": [0.720934, 49.524718]}, "properties": {"stop_id": "FR:76164:ZE:1109106:ATOUMOD040", "stop_name": "CAUDEBEC-EN-CAUX - Maison de Retraite", "route_ids": ["ATOUMOD040:Line:1003051:LOC"]}}, {"type": "Feature", "geometry": {"type": "Point", "coordinates": [0.505174, 49.505844]}, "properties": {"stop_id": "FR:76592:ZE:1109108:ATOUMOD040", "stop_name": "Radicâtel - Aigrettes", "route_ids": ["ATOUMOD040:Line:1003051:LOC"]}}, {"type": "Feature", "geometry": {"type": "Point", "coordinates": [0.46492, 49.478877]}, "properties": {"stop_id": "FR:76684:ZE:1109110:ATOUMOD040", "stop_name": "École André Pican", "route_ids": ["ATOUMOD040:Line:1003051:LOC"]}}, {"type": "Feature", "geometry": {"type": "Point", "coordinates": [0.459161, 49.4751]}, "properties": {"stop_id": "FR:76684:ZE:1109112:ATOUMOD040", "stop_name": "L'Écluse", "route_ids": ["ATOUMOD040:Line:1003051:LOC"]}}, {"type": "Feature", "geometry": {"type": "Point", "coordinates": [1.061954, 49.536693]}, "properties": {"stop_id": "FR:76452:ZE:1109114:ATOUMOD040", "stop_name": "Les Maisons Rouges", "route_ids": ["ATOUMOD040:Line:1003059:LOC"]}}, {"type": "Feature", "geometry": {"type": "Point", "coordinates": [1.062094, 49.536816]}, "properties": {"stop_id": "FR:76452:ZE:1171269:ATOUMOD040", "stop_name": "Les Maisons Rouges", "route_ids": ["ATOUMOD040:Line:1003059:LOC"]}}, {"type": "Feature", "geometry": {"type": "Point", "coordinates": [1.074255, 49.553298]}, "properties": {"stop_id": "FR:76452:ZE:1109122:ATOUMOD040", "stop_name": "Portes de Cleres", "route_ids": ["ATOUMOD040:Line:1003059:LOC"]}}, {"type": "Feature", "geometry": {"type": "Point", "coordinates": [1.074427, 49.553424]}, "properties": {"stop_id": "FR:76452:ZE:1171276:ATOUMOD040", "stop_name": "Portes de Cleres", "route_ids": ["ATOUMOD040:Line:1003059:LOC"]}}, {"type": "Feature", "geometry": {"type": "Point", "coordinates": [1.102608, 49.543858]}, "properties": {"stop_id": "FR:76452:ZE:1109124:ATOUMOD040", "stop_name": "Bois Isambert", "route_ids": ["ATOUMOD040:Line:1003059:LOC"]}}, {"type": "Feature", "geometry": {"type": "Point", "coordinates": [1.103132, 49.543753]}, "properties": {"stop_id": "FR:76452:ZE:1171253:ATOUMOD040", "stop_name": "Bois Isambert", "route_ids": ["ATOUMOD040:Line:1003059:LOC"]}}, {"type": "Feature", "geometry": {"type": "Point", "coordinates": [1.120917, 49.602608]}, "properties": {"stop_id": "FR:76179:ZE:1109128:ATOUMOD040", "stop_name": "Bas de la Beauce", "route_ids": ["ATOUMOD040:Line:1003059:LOC"]}}, {"type": "Feature", "geometry": {"type": "Point", "coordinates": [1.104797, 49.620698]}, "properties": {"stop_id": "FR:76331:ZE:1167347:ATOUMOD040", "stop_name": "Hôpital", "route_ids": ["ATOUMOD040:Line:1003059:LOC"]}}, {"type": "Feature", "geometry": {"type": "Point", "coordinates": [1.104778, 49.62076]}, "properties": {"stop_id": "FR:76331:ZE:1167348:ATOUMOD040", "stop_name": "Hôpital", "route_ids": ["ATOUMOD040:Line:1003059:LOC"]}}, {"type": "Feature", "geometry": {"type": "Point", "coordinates": [1.00354, 49.503807]}, "properties": {"stop_id": "FR:76594:ZE:1109144:ATOUMOD040", "stop_name": "La Cardonnette", "route_ids": ["ATOUMOD040:Line:1003057:LOC"]}}, {"type": "Feature", "geometry": {"type": "Point", "coordinates": [1.003913, 49.503498]}, "properties": {"stop_id": "FR:76594:ZE:1158656:ATOUMOD040", "stop_name": "La Cardonnette", "route_ids": ["ATOUMOD040:Line:1003057:LOC"]}}, {"type": "Feature", "geometry": {"type": "Point", "coordinates": [0.957515, 49.627387]}, "properties": {"stop_id": "FR:76234:ZE:1109146:ATOUMOD040", "stop_name": "Calleville", "route_ids": ["ATOUMOD040:Line:1003057:LOC"]}}, {"type": "Feature", "geometry": {"type": "Point", "coordinates": [0.965972, 49.617489]}, "properties": {"stop_id": "FR:76234:ZE:1109148:ATOUMOD040", "stop_name": "Plain champs", "route_ids": ["ATOUMOD040:Line:1003057:LOC"]}}, {"type": "Feature", "geometry": {"type": "Point", "coordinates": [0.965492, 49.617632]}, "properties": {"stop_id": "FR:76234:ZE:1158116:ATOUMOD040", "stop_name": "Plain champs", "route_ids": ["ATOUMOD040:Line:1003057:LOC"]}}, {"type": "Feature", "geometry": {"type": "Point", "coordinates": [0.96757, 49.589423]}, "properties": {"stop_id": "FR:76495:ZE:1109152:ATOUMOD040", "stop_name": "La Vallée", "route_ids": ["ATOUMOD040:Line:1003057:LOC"]}}, {"type": "Feature", "geometry": {"type": "Point", "coordinates": [0.9675, 49.589229]}, "properties": {"stop_id": "FR:76495:ZE:1158125:ATOUMOD040", "stop_name": "La Vallée", "route_ids": ["ATOUMOD040:Line:1003057:LOC"]}}, {"type": "Feature", "geometry": {"type": "Point", "coordinates": [0.916052, 49.631164]}, "properties": {"stop_id": "FR:76668:ZE:1109160:ATOUMOD040", "stop_name": "Carrefour (D324 x D142)", "route_ids": ["ATOUMOD040:Line:1003057:LOC"]}}, {"type": "Feature", "geometry": {"type": "Point", "coordinates": [0.916041, 49.631355]}, "properties": {"stop_id": "FR:76668:ZE:1158227:ATOUMOD040", "stop_name": "Carrefour (D324 x D142)", "route_ids": ["ATOUMOD040:Line:1003057:LOC"]}}, {"type": "Feature", "geometry": {"type": "Point", "coordinates": [0.926905, 49.613689]}, "properties": {"stop_id": "FR:76385:ZE:1109162:ATOUMOD040", "stop_name": "Rue du Cardonnay", "route_ids": ["ATOUMOD040:Line:1003057:LOC"]}}, {"type": "Feature", "geometry": {"type": "Point", "coordinates": [0.923473, 49.596598]}, "properties": {"stop_id": "FR:76385:ZE:1158238:ATOUMOD040", "stop_name": "Carrefour de Becquigny", "route_ids": ["ATOUMOD040:Line:1003057:LOC"]}}, {"type": "Feature", "geometry": {"type": "Point", "coordinates": [0.925736, 49.610635]}, "properties": {"stop_id": "FR:76385:ZE:1158242:ATOUMOD040", "stop_name": "Lotissement de Becquigny", "route_ids": ["ATOUMOD040:Line:1003057:LOC"]}}, {"type": "Feature", "geometry": {"type": "Point", "coordinates": [0.977826, 49.487649]}, "properties": {"stop_id": "FR:76728:ZE:1109172:ATOUMOD040", "stop_name": "La Forge", "route_ids": ["ATOUMOD040:Line:1003057:LOC", "ATOUMOD040:Line:1003063:LOC"]}}, {"type": "Feature", "geometry": {"type": "Point", "coordinates": [0.977825, 49.487614]}, "properties": {"stop_id": "FR:76728:ZE:1158637:ATOUMOD040", "stop_name": "La Forge", "route_ids": ["ATOUMOD040:Line:1003057:LOC", "ATOUMOD040:Line:1003063:LOC"]}}, {"type": "Feature", "geometry": {"type": "Point", "coordinates": [0.99419, 49.486932]}, "properties": {"stop_id": "FR:76728:ZE:1109174:ATOUMOD040", "stop_name": "Mairie", "route_ids": ["ATOUMOD040:Line:1003057:LOC", "ATOUMOD040:Line:1003063:LOC"]}}, {"type": "Feature", "geometry": {"type": "Point", "coordinates": [0.994883, 49.487137]}, "properties": {"stop_id": "FR:76728:ZE:1158636:ATOUMOD040", "stop_name": "Mairie", "route_ids": ["ATOUMOD040:Line:1003057:LOC", "ATOUMOD040:Line:1003063:LOC"]}}, {"type": "Feature", "geometry": {"type": "Point", "coordinates": [0.910032, 49.570404]}, "properties": {"stop_id": "FR:76135:ZE:1109198:ATOUMOD040", "stop_name": "Route Nationale 15", "route_ids": ["ATOUMOD040:Line:1003057:LOC"]}}, {"type": "Feature", "geometry": {"type": "Point", "coordinates": [0.909562, 49.570503]}, "properties": {"stop_id": "FR:76135:ZE:1158147:ATOUMOD040", "stop_name": "Route Nationale 15", "route_ids": ["ATOUMOD040:Line:1003057:LOC"]}}, {"type": "Feature", "geometry": {"type": "Point", "coordinates": [0.827683, 49.563843]}, "properties": {"stop_id": "FR:76289:ZE:1109202:ATOUMOD040", "stop_name": "FRÉVILLE - Le Nouveau Monde Sud", "route_ids": ["ATOUMOD040:Line:1003057:LOC"]}}, {"type": "Feature", "geometry": {"type": "Point", "coordinates": [0.901979, 49.566904]}, "properties": {"stop_id": "FR:76135:ZE:1109204:ATOUMOD040", "stop_name": "Chapelle", "route_ids": ["ATOUMOD040:Line:1003057:LOC"]}}, {"type": "Feature", "geometry": {"type": "Point", "coordinates": [0.90235, 49.5671]}, "properties": {"stop_id": "FR:76135:ZE:1158144:ATOUMOD040", "stop_name": "Chapelle", "route_ids": ["ATOUMOD040:Line:1003057:LOC"]}}, {"type": "Feature", "geometry": {"type": "Point", "coordinates": [0.892886, 49.561769]}, "properties": {"stop_id": "FR:76135:ZE:1109208:ATOUMOD040", "stop_name": "Église", "route_ids": ["ATOUMOD040:Line:1003057:LOC"]}}, {"type": "Feature", "geometry": {"type": "Point", "coordinates": [0.893321, 49.562075]}, "properties": {"stop_id": "FR:76135:ZE:1179599:ATOUMOD040", "stop_name": "Église", "route_ids": ["ATOUMOD040:Line:1003057:LOC"]}}, {"type": "Feature", "geometry": {"type": "Point", "coordinates": [0.966423, 49.53761]}, "properties": {"stop_id": "FR:76057:ZE:1109214:ATOUMOD040", "stop_name": "Zone Commerciale du Mesnil Roux", "route_ids": ["ATOUMOD040:Line:1003057:LOC", "ATOUMOD040:Line:1003058:LOC"]}}, {"type": "Feature", "geometry": {"type": "Point", "coordinates": [0.959752, 49.536348]}, "properties": {"stop_id": "FR:76057:ZE:1109216:ATOUMOD040", "stop_name": "11 Novembre", "route_ids": ["ATOUMOD040:Line:1003058:LOC", "ATOUMOD040:Line:1003057:LOC"]}}, {"type": "Feature", "geometry": {"type": "Point", "coordinates": [0.959934, 49.536416]}, "properties": {"stop_id": "FR:76057:ZE:1158156:ATOUMOD040", "stop_name": "11 Novembre", "route_ids": ["ATOUMOD040:Line:1003057:LOC"]}}, {"type": "Feature", "geometry": {"type": "Point", "coordinates": [0.957651, 49.547245]}, "properties": {"stop_id": "FR:76057:ZE:1109218:ATOUMOD040", "stop_name": "Rue Locke", "route_ids": ["ATOUMOD040:Line:1003057:LOC", "ATOUMOD040:Line:1003058:LOC"]}}, {"type": "Feature", "geometry": {"type": "Point", "coordinates": [0.958067, 49.547041]}, "properties": {"stop_id": "FR:76057:ZE:1158155:ATOUMOD040", "stop_name": "Rue Locke", "route_ids": ["ATOUMOD040:Line:1003058:LOC", "ATOUMOD040:Line:1003057:LOC"]}}, {"type": "Feature", "geometry": {"type": "Point", "coordinates": [0.941456, 49.568221]}, "properties": {"stop_id": "FR:76495:ZE:1109224:ATOUMOD040", "stop_name": "Freckenhorst", "route_ids": ["ATOUMOD040:Line:1003057:LOC"]}}, {"type": "Feature", "geometry": {"type": "Point", "coordinates": [0.375691, 49.75158]}, "properties": {"stop_id": "FR:76259:ZE:1109234:ATOUMOD040", "stop_name": "Tassigny", "route_ids": ["ATOUMOD040:Line:1003053:LOC"]}}, {"type": "Feature", "geometry": {"type": "Point", "coordinates": [0.377002, 49.753733]}, "properties": {"stop_id": "FR:76259:ZE:1109236:ATOUMOD040", "stop_name": "Saint-Léger", "route_ids": ["ATOUMOD040:Line:1003053:LOC"]}}, {"type": "Feature", "geometry": {"type": "Point", "coordinates": [0.121778, 49.515422]}, "properties": {"stop_id": "FR:76351:ZE:1109244:ATOUMOD040", "stop_name": "Sacré-Cour", "route_ids": ["ATOUMOD040:Line:1003055:LOC"]}}, {"type": "Feature", "geometry": {"type": "Point", "coordinates": [0.096666, 49.525527]}, "properties": {"stop_id": "FR:76351:ZE:1109246:ATOUMOD040", "stop_name": "Lavoisier", "route_ids": ["ATOUMOD040:Line:1003055:LOC"]}}, {"type": "Feature", "geometry": {"type": "Point", "coordinates": [0.32943, 49.696995]}, "properties": {"stop_id": "FR:76300:ZE:1109262:ATOUMOD040", "stop_name": "Salle Polyvalente", "route_ids": ["ATOUMOD040:Line:1003055:LOC"]}}, {"type": "Feature", "geometry": {"type": "Point", "coordinates": [0.389349, 49.702256]}, "properties": {"stop_id": "FR:76706:ZE:1109264:ATOUMOD040", "stop_name": "Gare", "route_ids": ["ATOUMOD040:Line:1003054:LOC"]}}, {"type": "Feature", "geometry": {"type": "Point", "coordinates": [0.354619, 49.626795]}, "properties": {"stop_id": "FR:76118:ZE:1109266:ATOUMOD040", "stop_name": "Église", "route_ids": ["ATOUMOD040:Line:1003053:LOC"]}}, {"type": "Feature", "geometry": {"type": "Point", "coordinates": [0.464389, 49.655306]}, "properties": {"stop_id": "FR:76603:ZE:1109268:ATOUMOD040", "stop_name": "Le Bourg", "route_ids": ["ATOUMOD040:Line:1003053:LOC"]}}, {"type": "Feature", "geometry": {"type": "Point", "coordinates": [0.671735, 49.845327]}, "properties": {"stop_id": "FR:76651:ZE:1109270:ATOUMOD040", "stop_name": "Mairie", "route_ids": ["ATOUMOD040:Line:1003066:LOC"]}}, {"type": "Feature", "geometry": {"type": "Point", "coordinates": [0.955962, 49.577558]}, "properties": {"stop_id": "FR:76495:ZE:1109284:ATOUMOD040", "stop_name": "Cité Lang Risser", "route_ids": ["ATOUMOD040:Line:1003057:LOC"]}}, {"type": "Feature", "geometry": {"type": "Point", "coordinates": [0.955971, 49.577437]}, "properties": {"stop_id": "FR:76495:ZE:1158121:ATOUMOD040", "stop_name": "Cité Lang Risser", "route_ids": ["ATOUMOD040:Line:1003057:LOC"]}}, {"type": "Feature", "geometry": {"type": "Point", "coordinates": [1.173697, 49.808834]}, "properties": {"stop_id": "FR:76698:ZE:1109292:ATOUMOD040", "stop_name": "Carrefour des 4 Routes", "route_ids": ["ATOUMOD040:Line:1003068:LOC"]}}, {"type": "Feature", "geometry": {"type": "Point", "coordinates": [1.173787, 49.808869]}, "properties": {"stop_id": "FR:76698:ZE:1171044:ATOUMOD040", "stop_name": "Carrefour des 4 Routes", "route_ids": ["ATOUMOD040:Line:1003068:LOC"]}}, {"type": "Feature", "geometry": {"type": "Point", "coordinates": [1.422043, 50.051814]}, "properties": {"stop_id": "FR:76255:ZE:1109312:ATOUMOD040", "stop_name": "Hôpital", "route_ids": ["ATOUMOD040:Line:1003060:LOC"]}}, {"type": "Feature", "geometry": {"type": "Point", "coordinates": [0.788876, 49.501547]}, "properties": {"stop_id": "FR:76164:ZE:1109318:ATOUMOD040", "stop_name": "SAINT-WANDRILLE-RANÇON - Gauvillle", "route_ids": ["ATOUMOD040:Line:1003061:LOC"]}}, {"type": "Feature", "geometry": {"type": "Point", "coordinates": [0.788758, 49.501488]}, "properties": {"stop_id": "FR:76164:ZE:1158159:ATOUMOD040", "stop_name": "SAINT-WANDRILLE-RANÇON - Gauvillle", "route_ids": ["ATOUMOD040:Line:1003061:LOC"]}}, {"type": "Feature", "geometry": {"type": "Point", "coordinates": [1.047079, 49.46401]}, "properties": {"stop_id": "FR:76216:ZE:1109336:ATOUMOD040", "stop_name": "Place Fresnel (Lycée du Cailly)", "route_ids": ["ATOUMOD040:Line:1003057:LOC", "ATOUMOD040:Line:1003059:LOC"]}}, {"type": "Feature", "geometry": {"type": "Point", "coordinates": [1.046745, 49.463592]}, "properties": {"stop_id": "FR:76216:ZE:1158674:ATOUMOD040", "stop_name": "Place Fresnel (Lycée du Cailly)", "route_ids": ["ATOUMOD040:Line:1003057:LOC", "ATOUMOD040:Line:1003059:LOC"]}}, {"type": "Feature", "geometry": {"type": "Point", "coordinates": [1.113726, 49.442204]}, "properties": {"stop_id": "FR:76540:ZE:1109342:ATOUMOD040", "stop_name": "Saint-Hilaire", "route_ids": ["ATOUMOD040:Line:1003050:LOC", "ATOUMOD040:Line:1003076:LOC"]}}, {"type": "Feature", "geometry": {"type": "Point", "coordinates": [1.112711, 49.442578]}, "properties": {"stop_id": "FR:76540:ZE:1167391:ATOUMOD040", "stop_name": "Saint-Hilaire", "route_ids": ["ATOUMOD040:Line:1003050:LOC", "ATOUMOD040:Line:1003076:LOC"]}}, {"type": "Feature", "geometry": {"type": "Point", "coordinates": [0.33636, 49.730656]}, "properties": {"stop_id": "FR:76600:ZE:1109362:ATOUMOD040", "stop_name": "Fonds Pitron", "route_ids": ["ATOUMOD040:Line:1003055:LOC"]}}, {"type": "Feature", "geometry": {"type": "Point", "coordinates": [0.260137, 49.718411]}, "properties": {"stop_id": "FR:76390:ZE:1109364:ATOUMOD040", "stop_name": "L'Étigue", "route_ids": ["ATOUMOD040:Line:1003055:LOC"]}}, {"type": "Feature", "geometry": {"type": "Point", "coordinates": [0.260139, 49.718372]}, "properties": {"stop_id": "FR:76079:ZE:1172911:ATOUMOD040", "stop_name": "L'Étigue", "route_ids": ["ATOUMOD040:Line:1003055:LOC"]}}, {"type": "Feature", "geometry": {"type": "Point", "coordinates": [0.569709, 49.493197]}, "properties": {"stop_id": "FR:76476:ZE:1109376:ATOUMOD040", "stop_name": "NOTRE-DAME-DE-GRAVENCHON - Place Pasteur", "route_ids": ["ATOUMOD040:Line:1003051:LOC"]}}, {"type": "Feature", "geometry": {"type": "Point", "coordinates": [1.240659, 49.853528]}, "properties": {"stop_id": "FR:76590:ZE:1109380:ATOUMOD040", "stop_name": "Abribus d'Orival", "route_ids": ["ATOUMOD040:Line:1003071:LOC"]}}, {"type": "Feature", "geometry": {"type": "Point", "coordinates": [1.24052, 49.853436]}, "properties": {"stop_id": "FR:76590:ZE:1167420:ATOUMOD040", "stop_name": "Abribus d'Orival", "route_ids": ["ATOUMOD040:Line:1003071:LOC"]}}, {"type": "Feature", "geometry": {"type": "Point", "coordinates": [1.17208, 49.870508]}, "properties": {"stop_id": "FR:76562:ZE:1109384:ATOUMOD040", "stop_name": "Transformateur", "route_ids": ["ATOUMOD040:Line:1003071:LOC"]}}, {"type": "Feature", "geometry": {"type": "Point", "coordinates": [1.172068, 49.870464]}, "properties": {"stop_id": "FR:76562:ZE:1170572:ATOUMOD040", "stop_name": "Transformateur", "route_ids": ["ATOUMOD040:Line:1003071:LOC"]}}, {"type": "Feature", "geometry": {"type": "Point", "coordinates": [1.285859, 50.001302]}, "properties": {"stop_id": "FR:76618:ZE:1109386:ATOUMOD040", "stop_name": "TOCQUEVILLE-SUR-EU - Terrain de Sports", "route_ids": ["ATOUMOD040:Line:1003072:LOC"]}}, {"type": "Feature", "geometry": {"type": "Point", "coordinates": [1.285902, 50.001282]}, "properties": {"stop_id": "FR:76618:ZE:1172494:ATOUMOD040", "stop_name": "TOCQUEVILLE-SUR-EU - Terrain de Sports", "route_ids": ["ATOUMOD040:Line:1003072:LOC"]}}, {"type": "Feature", "geometry": {"type": "Point", "coordinates": [1.322404, 50.021149]}, "properties": {"stop_id": "FR:76192:ZE:1109388:ATOUMOD040", "stop_name": "Calvaire", "route_ids": ["ATOUMOD040:Line:1003072:LOC"]}}, {"type": "Feature", "geometry": {"type": "Point", "coordinates": [1.321568, 50.020729]}, "properties": {"stop_id": "FR:76192:ZE:1158308:ATOUMOD040", "stop_name": "Calvaire", "route_ids": ["ATOUMOD040:Line:1003072:LOC"]}}, {"type": "Feature", "geometry": {"type": "Point", "coordinates": [1.38529, 50.056449]}, "properties": {"stop_id": "FR:76711:ZE:1109398:ATOUMOD040", "stop_name": "Paul Paray", "route_ids": ["ATOUMOD040:Line:1003060:LOC", "ATOUMOD040:Line:1003072:LOC"]}}, {"type": "Feature", "geometry": {"type": "Point", "coordinates": [1.385076, 50.056417]}, "properties": {"stop_id": "FR:76711:ZE:1171099:ATOUMOD040", "stop_name": "Paul Paray", "route_ids": ["ATOUMOD040:Line:1003060:LOC", "ATOUMOD040:Line:1003072:LOC"]}}, {"type": "Feature", "geometry": {"type": "Point", "coordinates": [1.269661, 49.817012]}, "properties": {"stop_id": "FR:76652:ZE:1109404:ATOUMOD040", "stop_name": "Transformateur", "route_ids": ["ATOUMOD040:Line:1006919:LOC"]}}, {"type": "Feature", "geometry": {"type": "Point", "coordinates": [1.269631, 49.816969]}, "properties": {"stop_id": "FR:76652:ZE:1170781:ATOUMOD040", "stop_name": "Transformateur", "route_ids": ["ATOUMOD040:Line:1006919:LOC"]}}, {"type": "Feature", "geometry": {"type": "Point", "coordinates": [1.557459, 49.985568]}, "properties": {"stop_id": "FR:80373:ZE:1109406:ATOUMOD040", "stop_name": "Syndicat d'Initiative", "route_ids": ["ATOUMOD040:Line:1003075:LOC"]}}, {"type": "Feature", "geometry": {"type": "Point", "coordinates": [1.382883, 50.05834]}, "properties": {"stop_id": "FR:76711:ZE:1109424:ATOUMOD040", "stop_name": "Hôtel de Ville", "route_ids": ["ATOUMOD040:Line:1003060:LOC", "ATOUMOD040:Line:1003072:LOC"]}}, {"type": "Feature", "geometry": {"type": "Point", "coordinates": [1.383042, 50.059158]}, "properties": {"stop_id": "FR:76711:ZE:1178335:ATOUMOD040", "stop_name": "Hôtel de Ville", "route_ids": ["ATOUMOD040:Line:1003060:LOC"]}}, {"type": "Feature", "geometry": {"type": "Point", "coordinates": [1.361539, 50.055871]}, "properties": {"stop_id": "FR:76711:ZE:1109426:ATOUMOD040", "stop_name": "Les Terrasses", "route_ids": ["ATOUMOD040:Line:1003060:LOC"]}}, {"type": "Feature", "geometry": {"type": "Point", "coordinates": [1.368415, 50.057011]}, "properties": {"stop_id": "FR:76711:ZE:1109428:ATOUMOD040", "stop_name": "Les Floralies", "route_ids": ["ATOUMOD040:Line:1003060:LOC"]}}, {"type": "Feature", "geometry": {"type": "Point", "coordinates": [1.373154, 50.057151]}, "properties": {"stop_id": "FR:76711:ZE:1109430:ATOUMOD040", "stop_name": "Cimetiere", "route_ids": ["ATOUMOD040:Line:1003060:LOC", "ATOUMOD040:Line:1003072:LOC"]}}, {"type": "Feature", "geometry": {"type": "Point", "coordinates": [1.372991, 50.056973]}, "properties": {"stop_id": "FR:76711:ZE:1171093:ATOUMOD040", "stop_name": "Cimetiere", "route_ids": ["ATOUMOD040:Line:1003060:LOC", "ATOUMOD040:Line:1003072:LOC"]}}, {"type": "Feature", "geometry": {"type": "Point", "coordinates": [1.383524, 50.05464]}, "properties": {"stop_id": "FR:76711:ZE:1109432:ATOUMOD040", "stop_name": "Gounod P.S.R.", "route_ids": ["ATOUMOD040:Line:1003060:LOC"]}}, {"type": "Feature", "geometry": {"type": "Point", "coordinates": [1.383308, 50.054646]}, "properties": {"stop_id": "FR:76711:ZE:1171095:ATOUMOD040", "stop_name": "Gounod P.S.R.", "route_ids": ["ATOUMOD040:Line:1003060:LOC"]}}, {"type": "Feature", "geometry": {"type": "Point", "coordinates": [1.392089, 50.065287]}, "properties": {"stop_id": "FR:80533:ZE:1109434:ATOUMOD040", "stop_name": "Calvaire", "route_ids": ["ATOUMOD040:Line:1003060:LOC"]}}, {"type": "Feature", "geometry": {"type": "Point", "coordinates": [1.391338, 50.06546]}, "properties": {"stop_id": "FR:80533:ZE:1178338:ATOUMOD040", "stop_name": "Calvaire", "route_ids": ["ATOUMOD040:Line:1003060:LOC"]}}, {"type": "Feature", "geometry": {"type": "Point", "coordinates": [1.397435, 50.06426]}, "properties": {"stop_id": "FR:80533:ZE:1109436:ATOUMOD040", "stop_name": "Verrerie", "route_ids": ["ATOUMOD040:Line:1003060:LOC"]}}, {"type": "Feature", "geometry": {"type": "Point", "coordinates": [1.398368, 50.064076]}, "properties": {"stop_id": "FR:80533:ZE:1175736:ATOUMOD040", "stop_name": "Verrerie", "route_ids": ["ATOUMOD040:Line:1003060:LOC"]}}, {"type": "Feature", "geometry": {"type": "Point", "coordinates": [1.401265, 50.063118]}, "properties": {"stop_id": "FR:80533:ZE:1109438:ATOUMOD040", "stop_name": "Jardins Fleuris", "route_ids": ["ATOUMOD040:Line:1003060:LOC"]}}, {"type": "Feature", "geometry": {"type": "Point", "coordinates": [1.40105, 50.063239]}, "properties": {"stop_id": "FR:80533:ZE:1175737:ATOUMOD040", "stop_name": "Jardins Fleuris", "route_ids": ["ATOUMOD040:Line:1003060:LOC"]}}, {"type": "Feature", "geometry": {"type": "Point", "coordinates": [1.408048, 50.06067]}, "properties": {"stop_id": "FR:80533:ZE:1109440:ATOUMOD040", "stop_name": "Froideville", "route_ids": ["ATOUMOD040:Line:1003060:LOC"]}}, {"type": "Feature", "geometry": {"type": "Point", "coordinates": [1.406541, 50.061408]}, "properties": {"stop_id": "FR:80533:ZE:1178337:ATOUMOD040", "stop_name": "Froideville", "route_ids": ["ATOUMOD040:Line:1003060:LOC"]}}, {"type": "Feature", "geometry": {"type": "Point", "coordinates": [1.423494, 50.056369]}, "properties": {"stop_id": "FR:76255:ZE:1109442:ATOUMOD040", "stop_name": "Rue des Belges", "route_ids": ["ATOUMOD040:Line:1003060:LOC"]}}, {"type": "Feature", "geometry": {"type": "Point", "coordinates": [1.42363, 50.056376]}, "properties": {"stop_id": "FR:76255:ZE:1170617:ATOUMOD040", "stop_name": "Rue des Belges", "route_ids": ["ATOUMOD040:Line:1003060:LOC"]}}, {"type": "Feature", "geometry": {"type": "Point", "coordinates": [1.177718, 49.517956]}, "properties": {"stop_id": "FR:76517:ZE:1109458:ATOUMOD040", "stop_name": "Le Point du Jour", "route_ids": ["ATOUMOD040:Line:1003073:LOC"]}}, {"type": "Feature", "geometry": {"type": "Point", "coordinates": [1.177773, 49.517934]}, "properties": {"stop_id": "FR:76517:ZE:1167507:ATOUMOD040", "stop_name": "Le Point du Jour", "route_ids": ["ATOUMOD040:Line:1003073:LOC"]}}, {"type": "Feature", "geometry": {"type": "Point", "coordinates": [1.178205, 49.525984]}, "properties": {"stop_id": "FR:76517:ZE:1109460:ATOUMOD040", "stop_name": "Calvaire", "route_ids": ["ATOUMOD040:Line:1003073:LOC"]}}, {"type": "Feature", "geometry": {"type": "Point", "coordinates": [1.178725, 49.526124]}, "properties": {"stop_id": "FR:76517:ZE:1167489:ATOUMOD040", "stop_name": "Calvaire", "route_ids": ["ATOUMOD040:Line:1003073:LOC"]}}, {"type": "Feature", "geometry": {"type": "Point", "coordinates": [1.212976, 49.535421]}, "properties": {"stop_id": "FR:76555:ZE:1109466:ATOUMOD040", "stop_name": "La Hayette", "route_ids": ["ATOUMOD040:Line:1003073:LOC"]}}, {"type": "Feature", "geometry": {"type": "Point", "coordinates": [1.213231, 49.535495]}, "properties": {"stop_id": "FR:76555:ZE:1167487:ATOUMOD040", "stop_name": "La Hayette", "route_ids": ["ATOUMOD040:Line:1003073:LOC"]}}, {"type": "Feature", "geometry": {"type": "Point", "coordinates": [1.179309, 49.620471]}, "properties": {"stop_id": "FR:76125:ZE:1109480:ATOUMOD040", "stop_name": "Rue Vilaine, n° 600", "route_ids": ["ATOUMOD040:Line:1003059:LOC"]}}, {"type": "Feature", "geometry": {"type": "Point", "coordinates": [1.231921, 49.90476]}, "properties": {"stop_id": "FR:76071:ZE:1109486:ATOUMOD040", "stop_name": "Chemin du Bucq", "route_ids": ["ATOUMOD040:Line:1003069:LOC"]}}, {"type": "Feature", "geometry": {"type": "Point", "coordinates": [1.231581, 49.904913]}, "properties": {"stop_id": "FR:76071:ZE:1158683:ATOUMOD040", "stop_name": "Chemin du Bucq", "route_ids": ["ATOUMOD040:Line:1003069:LOC"]}}, {"type": "Feature", "geometry": {"type": "Point", "coordinates": [1.259474, 49.897443]}, "properties": {"stop_id": "FR:76235:ZE:1109488:ATOUMOD040", "stop_name": "Torqueville - Rue de la Gare", "route_ids": ["ATOUMOD040:Line:1003069:LOC"]}}, {"type": "Feature", "geometry": {"type": "Point", "coordinates": [1.271621, 49.948842]}, "properties": {"stop_id": "FR:76618:ZE:1172496:ATOUMOD040", "stop_name": "TOURVILLE-LA-CHAPELLE - Catteville", "route_ids": ["ATOUMOD040:Line:1003069:LOC"]}}, {"type": "Feature", "geometry": {"type": "Point", "coordinates": [1.146174, 49.922937]}, "properties": {"stop_id": "FR:76324:ZE:1109506:ATOUMOD040", "stop_name": "Place de l'Église", "route_ids": ["ATOUMOD040:Line:1003072:LOC"]}}, {"type": "Feature", "geometry": {"type": "Point", "coordinates": [1.397827, 50.053294]}, "properties": {"stop_id": "FR:76255:ZE:1109508:ATOUMOD040", "stop_name": "Parc Sainte-Croix", "route_ids": ["ATOUMOD040:Line:1003060:LOC"]}}, {"type": "Feature", "geometry": {"type": "Point", "coordinates": [1.215717, 49.486027]}, "properties": {"stop_id": "FR:76509:ZE:1109520:ATOUMOD040", "stop_name": "École", "route_ids": ["ATOUMOD040:Line:1003050:LOC"]}}, {"type": "Feature", "geometry": {"type": "Point", "coordinates": [1.216034, 49.485871]}, "properties": {"stop_id": "FR:76509:ZE:1171990:ATOUMOD040", "stop_name": "École", "route_ids": ["ATOUMOD040:Line:1003050:LOC"]}}, {"type": "Feature", "geometry": {"type": "Point", "coordinates": [1.243949, 49.504379]}, "properties": {"stop_id": "FR:76740:ZE:1109538:ATOUMOD040", "stop_name": "Rue du 19 Mars", "route_ids": ["ATOUMOD040:Line:1003050:LOC"]}}, {"type": "Feature", "geometry": {"type": "Point", "coordinates": [1.243935, 49.504502]}, "properties": {"stop_id": "FR:76740:ZE:1171229:ATOUMOD040", "stop_name": "Rue du 19 Mars", "route_ids": ["ATOUMOD040:Line:1003050:LOC"]}}, {"type": "Feature", "geometry": {"type": "Point", "coordinates": [1.220491, 49.490166]}, "properties": {"stop_id": "FR:76509:ZE:1109540:ATOUMOD040", "stop_name": "Les 4 Routes", "route_ids": ["ATOUMOD040:Line:1003050:LOC"]}}, {"type": "Feature", "geometry": {"type": "Point", "coordinates": [1.220996, 49.490346]}, "properties": {"stop_id": "FR:76509:ZE:1171995:ATOUMOD040", "stop_name": "Les 4 Routes", "route_ids": ["ATOUMOD040:Line:1003050:LOC"]}}, {"type": "Feature", "geometry": {"type": "Point", "coordinates": [1.006005, 49.458729]}, "properties": {"stop_id": "FR:76446:ZE:1109556:ATOUMOD040", "stop_name": "Le Petit Château", "route_ids": ["ATOUMOD040:Line:1003063:LOC"]}}, {"type": "Feature", "geometry": {"type": "Point", "coordinates": [1.005627, 49.45869]}, "properties": {"stop_id": "FR:76446:ZE:1158667:ATOUMOD040", "stop_name": "Le Petit Château", "route_ids": ["ATOUMOD040:Line:1003063:LOC"]}}, {"type": "Feature", "geometry": {"type": "Point", "coordinates": [0.98496, 49.44625]}, "properties": {"stop_id": "FR:76614:ZE:1109558:ATOUMOD040", "stop_name": "Le Genetey", "route_ids": ["ATOUMOD040:Line:1003061:LOC"]}}, {"type": "Feature", "geometry": {"type": "Point", "coordinates": [0.985555, 49.446213]}, "properties": {"stop_id": "FR:76614:ZE:1172166:ATOUMOD040", "stop_name": "Le Genetey", "route_ids": ["ATOUMOD040:Line:1003061:LOC"]}}, {"type": "Feature", "geometry": {"type": "Point", "coordinates": [0.809394, 49.480749]}, "properties": {"stop_id": "FR:76709:ZE:1109560:ATOUMOD040", "stop_name": "Le Clos Fleuri", "route_ids": ["ATOUMOD040:Line:1003058:LOC", "ATOUMOD040:Line:1003061:LOC"]}}, {"type": "Feature", "geometry": {"type": "Point", "coordinates": [0.809279, 49.481005]}, "properties": {"stop_id": "FR:76709:ZE:1158165:ATOUMOD040", "stop_name": "Le Clos Fleuri", "route_ids": ["ATOUMOD040:Line:1003061:LOC"]}}, {"type": "Feature", "geometry": {"type": "Point", "coordinates": [0.806228, 49.485027]}, "properties": {"stop_id": "FR:76709:ZE:1109562:ATOUMOD040", "stop_name": "Mairie du Trait", "route_ids": ["ATOUMOD040:Line:1003058:LOC", "ATOUMOD040:Line:1003061:LOC"]}}, {"type": "Feature", "geometry": {"type": "Point", "coordinates": [0.806228, 49.485151]}, "properties": {"stop_id": "FR:76709:ZE:1158166:ATOUMOD040", "stop_name": "Mairie du Trait", "route_ids": ["ATOUMOD040:Line:1003061:LOC"]}}, {"type": "Feature", "geometry": {"type": "Point", "coordinates": [0.803106, 49.489239]}, "properties": {"stop_id": "FR:76709:ZE:1109564:ATOUMOD040", "stop_name": "Passage a Niveau", "route_ids": ["ATOUMOD040:Line:1003058:LOC", "ATOUMOD040:Line:1003061:LOC"]}}, {"type": "Feature", "geometry": {"type": "Point", "coordinates": [0.803174, 49.489252]}, "properties": {"stop_id": "FR:76709:ZE:1158161:ATOUMOD040", "stop_name": "Passage a Niveau", "route_ids": ["ATOUMOD040:Line:1003061:LOC"]}}, {"type": "Feature", "geometry": {"type": "Point", "coordinates": [0.741082, 49.523739]}, "properties": {"stop_id": "FR:76164:ZE:1109566:ATOUMOD040", "stop_name": "CAUDEBEC-EN-CAUX - Rétival", "route_ids": ["ATOUMOD040:Line:1003051:LOC", "ATOUMOD040:Line:1003061:LOC"]}}, {"type": "Feature", "geometry": {"type": "Point", "coordinates": [0.741267, 49.523778]}, "properties": {"stop_id": "FR:76164:ZE:1158136:ATOUMOD040", "stop_name": "CAUDEBEC-EN-CAUX - Rétival", "route_ids": ["ATOUMOD040:Line:1003061:LOC"]}}, {"type": "Feature", "geometry": {"type": "Point", "coordinates": [0.840505, 49.41414]}, "properties": {"stop_id": "FR:76378:ZE:1109568:ATOUMOD040", "stop_name": "Haute Ville", "route_ids": ["ATOUMOD040:Line:1003061:LOC"]}}, {"type": "Feature", "geometry": {"type": "Point", "coordinates": [0.840569, 49.414064]}, "properties": {"stop_id": "FR:76378:ZE:1170387:ATOUMOD040", "stop_name": "Haute Ville", "route_ids": ["ATOUMOD040:Line:1003061:LOC"]}}, {"type": "Feature", "geometry": {"type": "Point", "coordinates": [0.433758, 49.772046]}, "properties": {"stop_id": "FR:76587:ZE:1109590:ATOUMOD040", "stop_name": "Maison Blanche", "route_ids": ["ATOUMOD040:Line:1003085:LOC"]}}, {"type": "Feature", "geometry": {"type": "Point", "coordinates": [0.443671, 49.77463]}, "properties": {"stop_id": "FR:76587:ZE:1109592:ATOUMOD040", "stop_name": "Carrefour D925 x D79", "route_ids": ["ATOUMOD040:Line:1003066:LOC", "ATOUMOD040:Line:1003085:LOC"]}}, {"type": "Feature", "geometry": {"type": "Point", "coordinates": [0.63473, 49.825564]}, "properties": {"stop_id": "FR:76748:ZE:1109598:ATOUMOD040", "stop_name": "Camping", "route_ids": ["ATOUMOD040:Line:1003066:LOC"]}}, {"type": "Feature", "geometry": {"type": "Point", "coordinates": [0.637686, 49.79603]}, "properties": {"stop_id": "FR:76159:ZE:1109600:ATOUMOD040", "stop_name": "Lac de Caniel", "route_ids": ["ATOUMOD040:Line:1003066:LOC"]}}, {"type": "Feature", "geometry": {"type": "Point", "coordinates": [1.266115, 49.439635]}, "properties": {"stop_id": "FR:76111:ZE:1109630:ATOUMOD040", "stop_name": "Le Manoir", "route_ids": ["ATOUMOD040:Line:1003076:LOC"]}}, {"type": "Feature", "geometry": {"type": "Point", "coordinates": [0.721298, 49.536264]}, "properties": {"stop_id": "FR:76418:ZE:1109640:ATOUMOD040", "stop_name": "Parking Degénétais", "route_ids": ["ATOUMOD040:Line:1003048:LOC"]}}, {"type": "Feature", "geometry": {"type": "Point", "coordinates": [0.666724, 49.528904]}, "properties": {"stop_id": "FR:76557:ZE:1109642:ATOUMOD040", "stop_name": "Place de la Mairie", "route_ids": ["ATOUMOD040:Line:1003048:LOC", "ATOUMOD040:Line:1003051:LOC"]}}, {"type": "Feature", "geometry": {"type": "Point", "coordinates": [0.931025, 49.778961]}, "properties": {"stop_id": "FR:76097:ZE:1109672:ATOUMOD040", "stop_name": "Route de la Mer", "route_ids": ["ATOUMOD040:Line:1003079:LOC"]}}, {"type": "Feature", "geometry": {"type": "Point", "coordinates": [1.044845, 49.875821]}, "properties": {"stop_id": "FR:76482:ZE:1109680:ATOUMOD040", "stop_name": "La Hetraie", "route_ids": ["ATOUMOD040:Line:1003047:LOC"]}}, {"type": "Feature", "geometry": {"type": "Point", "coordinates": [1.044953, 49.875864]}, "properties": {"stop_id": "FR:76482:ZE:1171504:ATOUMOD040", "stop_name": "La Hetraie", "route_ids": ["ATOUMOD040:Line:1003047:LOC"]}}, {"type": "Feature", "geometry": {"type": "Point", "coordinates": [0.824658, 49.45845]}, "properties": {"stop_id": "FR:76750:ZE:1109696:ATOUMOD040", "stop_name": "Zone Industrielle", "route_ids": ["ATOUMOD040:Line:1003061:LOC"]}}, {"type": "Feature", "geometry": {"type": "Point", "coordinates": [0.824731, 49.458402]}, "properties": {"stop_id": "FR:76750:ZE:1171259:ATOUMOD040", "stop_name": "Zone Industrielle", "route_ids": ["ATOUMOD040:Line:1003061:LOC"]}}, {"type": "Feature", "geometry": {"type": "Point", "coordinates": [0.72406, 49.529705]}, "properties": {"stop_id": "FR:76164:ZE:1109704:ATOUMOD040", "stop_name": "CAUDEBEC-EN-CAUX - Stade", "route_ids": ["ATOUMOD040:Line:1003048:LOC"]}}, {"type": "Feature", "geometry": {"type": "Point", "coordinates": [1.533974, 49.821026]}, "properties": {"stop_id": "FR:76122:ZE:1109708:ATOUMOD040", "stop_name": "La Quesnoye", "route_ids": ["ATOUMOD040:Line:1003075:LOC"]}}, {"type": "Feature", "geometry": {"type": "Point", "coordinates": [1.19641, 49.541951]}, "properties": {"stop_id": "FR:76555:ZE:1109732:ATOUMOD040", "stop_name": "Chasse-Marée", "route_ids": ["ATOUMOD040:Line:1003073:LOC"]}}, {"type": "Feature", "geometry": {"type": "Point", "coordinates": [1.196239, 49.542097]}, "properties": {"stop_id": "FR:76580:ZE:1167250:ATOUMOD040", "stop_name": "Chasse-Marée", "route_ids": ["ATOUMOD040:Line:1003073:LOC"]}}, {"type": "Feature", "geometry": {"type": "Point", "coordinates": [1.120221, 49.92414]}, "properties": {"stop_id": "FR:76414:ZE:1109734:ATOUMOD040", "stop_name": "C.F.A Côte d'Albâtre", "route_ids": ["ATOUMOD040:Line:1003072:LOC"]}}, {"type": "Feature", "geometry": {"type": "Point", "coordinates": [1.09892, 49.448297]}, "properties": {"stop_id": "FR:76540:ZE:1109738:ATOUMOD040", "stop_name": "Beauvoisine", "route_ids": ["ATOUMOD040:Line:1003050:LOC", "ATOUMOD040:Line:1003073:LOC", "ATOUMOD040:Line:1003076:LOC"]}}, {"type": "Feature", "geometry": {"type": "Point", "coordinates": [1.100956, 49.44812]}, "properties": {"stop_id": "FR:76540:ZE:1173408:ATOUMOD040", "stop_name": "Beauvoisine", "route_ids": ["ATOUMOD040:Line:1003050:LOC", "ATOUMOD040:Line:1003076:LOC"]}}, {"type": "Feature", "geometry": {"type": "Point", "coordinates": [1.099338, 49.449436]}, "properties": {"stop_id": "FR:76540:ZE:1175809:ATOUMOD040", "stop_name": "Beauvoisine (Côte de Neufchâtel)", "route_ids": ["ATOUMOD040:Line:1003073:LOC"]}}, {"type": "Feature", "geometry": {"type": "Point", "coordinates": [1.104642, 49.447105]}, "properties": {"stop_id": "FR:76540:ZE:1109746:ATOUMOD040", "stop_name": "Boulingrin", "route_ids": ["ATOUMOD040:Line:1003050:LOC", "ATOUMOD040:Line:1003076:LOC"]}}, {"type": "Feature", "geometry": {"type": "Point", "coordinates": [1.107587, 49.445866]}, "properties": {"stop_id": "FR:76540:ZE:1173407:ATOUMOD040", "stop_name": "Boulingrin", "route_ids": ["ATOUMOD040:Line:1003050:LOC", "ATOUMOD040:Line:1003076:LOC"]}}, {"type": "Feature", "geometry": {"type": "Point", "coordinates": [1.228576, 49.493573]}, "properties": {"stop_id": "FR:76509:ZE:1109752:ATOUMOD040", "stop_name": "Le Vieux Château", "route_ids": ["ATOUMOD040:Line:1003050:LOC"]}}, {"type": "Feature", "geometry": {"type": "Point", "coordinates": [1.228614, 49.493541]}, "properties": {"stop_id": "FR:76509:ZE:1171994:ATOUMOD040", "stop_name": "Le Vieux Château", "route_ids": ["ATOUMOD040:Line:1003050:LOC"]}}, {"type": "Feature", "geometry": {"type": "Point", "coordinates": [1.206642, 49.478131]}, "properties": {"stop_id": "FR:76509:ZE:1109754:ATOUMOD040", "stop_name": "La Haisette", "route_ids": ["ATOUMOD040:Line:1003050:LOC"]}}, {"type": "Feature", "geometry": {"type": "Point", "coordinates": [1.207007, 49.478273]}, "properties": {"stop_id": "FR:76509:ZE:1171991:ATOUMOD040", "stop_name": "La Haisette", "route_ids": ["ATOUMOD040:Line:1003050:LOC"]}}, {"type": "Feature", "geometry": {"type": "Point", "coordinates": [0.674499, 49.849286]}, "properties": {"stop_id": "FR:76375:ZE:1109820:ATOUMOD040", "stop_name": "Rue des Fleurs", "route_ids": ["ATOUMOD040:Line:1003066:LOC"]}}, {"type": "Feature", "geometry": {"type": "Point", "coordinates": [1.342089, 49.540343]}, "properties": {"stop_id": "FR:76571:ZE:1109870:ATOUMOD040", "stop_name": "Campeaux Centre", "route_ids": ["ATOUMOD040:Line:1003073:LOC"]}}, {"type": "Feature", "geometry": {"type": "Point", "coordinates": [1.34141, 49.539701]}, "properties": {"stop_id": "FR:76571:ZE:1170616:ATOUMOD040", "stop_name": "Campeaux Centre", "route_ids": ["ATOUMOD040:Line:1003073:LOC"]}}, {"type": "Feature", "geometry": {"type": "Point", "coordinates": [1.037412, 49.870948]}, "properties": {"stop_id": "FR:76482:ZE:1109894:ATOUMOD040", "stop_name": "Les Cedres", "route_ids": ["ATOUMOD040:Line:1003047:LOC"]}}, {"type": "Feature", "geometry": {"type": "Point", "coordinates": [1.037487, 49.87098]}, "properties": {"stop_id": "FR:76482:ZE:1171597:ATOUMOD040", "stop_name": "Les Cedres", "route_ids": ["ATOUMOD040:Line:1003047:LOC"]}}, {"type": "Feature", "geometry": {"type": "Point", "coordinates": [1.040065, 49.875245]}, "properties": {"stop_id": "FR:76482:ZE:1109896:ATOUMOD040", "stop_name": "Les Granges", "route_ids": ["ATOUMOD040:Line:1003047:LOC"]}}, {"type": "Feature", "geometry": {"type": "Point", "coordinates": [1.039905, 49.875123]}, "properties": {"stop_id": "FR:76482:ZE:1171514:ATOUMOD040", "stop_name": "Les Granges", "route_ids": ["ATOUMOD040:Line:1003047:LOC"]}}, {"type": "Feature", "geometry": {"type": "Point", "coordinates": [1.045983, 49.874648]}, "properties": {"stop_id": "FR:76482:ZE:1109898:ATOUMOD040", "stop_name": "Prévert", "route_ids": ["ATOUMOD040:Line:1003047:LOC"]}}, {"type": "Feature", "geometry": {"type": "Point", "coordinates": [1.045935, 49.874531]}, "properties": {"stop_id": "FR:76482:ZE:1171518:ATOUMOD040", "stop_name": "Prévert", "route_ids": ["ATOUMOD040:Line:1003047:LOC"]}}, {"type": "Feature", "geometry": {"type": "Point", "coordinates": [1.048282, 49.871659]}, "properties": {"stop_id": "FR:76482:ZE:1109900:ATOUMOD040", "stop_name": "Grand Place", "route_ids": ["ATOUMOD040:Line:1003047:LOC"]}}, {"type": "Feature", "geometry": {"type": "Point", "coordinates": [1.048493, 49.871612]}, "properties": {"stop_id": "FR:76482:ZE:1171502:ATOUMOD040", "stop_name": "Grand Place", "route_ids": ["ATOUMOD040:Line:1003047:LOC"]}}, {"type": "Feature", "geometry": {"type": "Point", "coordinates": [1.048858, 49.865817]}, "properties": {"stop_id": "FR:76482:ZE:1109902:ATOUMOD040", "stop_name": "Gare d'Offranville (Véloroute du Lin)", "route_ids": ["ATOUMOD040:Line:1003047:LOC"]}}, {"type": "Feature", "geometry": {"type": "Point", "coordinates": [1.048934, 49.866306]}, "properties": {"stop_id": "FR:76482:ZE:1171503:ATOUMOD040", "stop_name": "Gare d'Offranville (Véloroute du Lin)", "route_ids": ["ATOUMOD040:Line:1003047:LOC"]}}, {"type": "Feature", "geometry": {"type": "Point", "coordinates": [1.052321, 49.865683]}, "properties": {"stop_id": "FR:76482:ZE:1109904:ATOUMOD040", "stop_name": "Parc Industriel", "route_ids": ["ATOUMOD040:Line:1003047:LOC"]}}, {"type": "Feature", "geometry": {"type": "Point", "coordinates": [1.052376, 49.865602]}, "properties": {"stop_id": "FR:76482:ZE:1171517:ATOUMOD040", "stop_name": "Parc Industriel", "route_ids": ["ATOUMOD040:Line:1003047:LOC"]}}, {"type": "Feature", "geometry": {"type": "Point", "coordinates": [1.14031, 49.491089]}, "properties": {"stop_id": "FR:76377:ZE:1109906:ATOUMOD040", "stop_name": "College Lucie Aubrac", "route_ids": ["ATOUMOD040:Line:1003073:LOC"]}}, {"type": "Feature", "geometry": {"type": "Point", "coordinates": [1.140874, 49.491054]}, "properties": {"stop_id": "FR:76377:ZE:1169513:ATOUMOD040", "stop_name": "College Lucie Aubrac", "route_ids": ["ATOUMOD040:Line:1003073:LOC"]}}, {"type": "Feature", "geometry": {"type": "Point", "coordinates": [0.286376, 49.717285]}, "properties": {"stop_id": "FR:76726:ZE:1109944:ATOUMOD040", "stop_name": "Bout de Vattetot", "route_ids": ["ATOUMOD040:Line:1003055:LOC"]}}, {"type": "Feature", "geometry": {"type": "Point", "coordinates": [0.999903, 49.47039]}, "properties": {"stop_id": "FR:76446:ZE:1109960:ATOUMOD040", "stop_name": "Hameau de l'Essart", "route_ids": ["ATOUMOD040:Line:1003063:LOC"]}}, {"type": "Feature", "geometry": {"type": "Point", "coordinates": [0.999994, 49.470468]}, "properties": {"stop_id": "FR:76728:ZE:1158661:ATOUMOD040", "stop_name": "Hameau de l'Essart", "route_ids": ["ATOUMOD040:Line:1003063:LOC"]}}, {"type": "Feature", "geometry": {"type": "Point", "coordinates": [0.910097, 49.641826]}, "properties": {"stop_id": "FR:76668:ZE:1109962:ATOUMOD040", "stop_name": "Coopérative Agricole", "route_ids": ["ATOUMOD040:Line:1003057:LOC"]}}, {"type": "Feature", "geometry": {"type": "Point", "coordinates": [1.12953, 49.881277]}, "properties": {"stop_id": "FR:76026:ZE:1109964:ATOUMOD040", "stop_name": "Saint-Julien", "route_ids": ["ATOUMOD040:Line:1003071:LOC"]}}, {"type": "Feature", "geometry": {"type": "Point", "coordinates": [1.129447, 49.881267]}, "properties": {"stop_id": "FR:76026:ZE:1169589:ATOUMOD040", "stop_name": "Saint-Julien", "route_ids": ["ATOUMOD040:Line:1003071:LOC"]}}, {"type": "Feature", "geometry": {"type": "Point", "coordinates": [1.123128, 49.886203]}, "properties": {"stop_id": "FR:76026:ZE:1109966:ATOUMOD040", "stop_name": "Rue du 11 Novembre 1918", "route_ids": ["ATOUMOD040:Line:1003071:LOC"]}}, {"type": "Feature", "geometry": {"type": "Point", "coordinates": [1.121451, 49.887521]}, "properties": {"stop_id": "FR:76026:ZE:1169588:ATOUMOD040", "stop_name": "Rue du 11 Novembre 1918", "route_ids": ["ATOUMOD040:Line:1003071:LOC"]}}, {"type": "Feature", "geometry": {"type": "Point", "coordinates": [1.119509, 49.889405]}, "properties": {"stop_id": "FR:76026:ZE:1109968:ATOUMOD040", "stop_name": "Rond-Point du Pont", "route_ids": ["ATOUMOD040:Line:1003071:LOC"]}}, {"type": "Feature", "geometry": {"type": "Point", "coordinates": [1.119234, 49.889587]}, "properties": {"stop_id": "FR:76026:ZE:1169587:ATOUMOD040", "stop_name": "Rond-Point du Pont", "route_ids": ["ATOUMOD040:Line:1003071:LOC"]}}, {"type": "Feature", "geometry": {"type": "Point", "coordinates": [1.115686, 49.893567]}, "properties": {"stop_id": "FR:76545:ZE:1109970:ATOUMOD040", "stop_name": "Maison Rouge", "route_ids": ["ATOUMOD040:Line:1003071:LOC"]}}, {"type": "Feature", "geometry": {"type": "Point", "coordinates": [1.116136, 49.892912]}, "properties": {"stop_id": "FR:76026:ZE:1170504:ATOUMOD040", "stop_name": "Maison Rouge", "route_ids": ["ATOUMOD040:Line:1003071:LOC"]}}, {"type": "Feature", "geometry": {"type": "Point", "coordinates": [1.090479, 49.906718]}, "properties": {"stop_id": "FR:76545:ZE:1109974:ATOUMOD040", "stop_name": "La Cavée", "route_ids": ["ATOUMOD040:Line:1003071:LOC"]}}, {"type": "Feature", "geometry": {"type": "Point", "coordinates": [1.090792, 49.906422]}, "properties": {"stop_id": "FR:76545:ZE:1170502:ATOUMOD040", "stop_name": "La Cavée", "route_ids": ["ATOUMOD040:Line:1003071:LOC"]}}, {"type": "Feature", "geometry": {"type": "Point", "coordinates": [1.076844, 49.921861]}, "properties": {"stop_id": "FR:76217:ZE:1109976:ATOUMOD040", "stop_name": "Thiers", "route_ids": ["ATOUMOD040:Line:1003071:LOC"]}}, {"type": "Feature", "geometry": {"type": "Point", "coordinates": [1.104446, 49.924387]}, "properties": {"stop_id": "FR:76217:ZE:1109992:ATOUMOD040", "stop_name": "Mairie de Neuville-les-Dieppe", "route_ids": ["ATOUMOD040:Line:1003072:LOC", "ATOUMOD040:Line:1003069:LOC"]}}, {"type": "Feature", "geometry": {"type": "Point", "coordinates": [1.104438, 49.924348]}, "properties": {"stop_id": "FR:76217:ZE:1170576:ATOUMOD040", "stop_name": "Mairie de Neuville-les-Dieppe", "route_ids": ["ATOUMOD040:Line:1003069:LOC", "ATOUMOD040:Line:1003072:LOC"]}}, {"type": "Feature", "geometry": {"type": "Point", "coordinates": [1.386399, 50.066136]}, "properties": {"stop_id": "FR:80533:ZE:1109998:ATOUMOD040", "stop_name": "18 juin 1940", "route_ids": ["ATOUMOD040:Line:1003060:LOC"]}}, {"type": "Feature", "geometry": {"type": "Point", "coordinates": [1.386465, 50.066253]}, "properties": {"stop_id": "FR:80533:ZE:1178339:ATOUMOD040", "stop_name": "18 juin 1940", "route_ids": ["ATOUMOD040:Line:1003060:LOC"]}}, {"type": "Feature", "geometry": {"type": "Point", "coordinates": [1.372973, 49.42748]}, "properties": {"stop_id": "FR:27454:ZE:1110016:ATOUMOD040", "stop_name": "Mairie", "route_ids": ["ATOUMOD040:Line:1003076:LOC"]}}, {"type": "Feature", "geometry": {"type": "Point", "coordinates": [1.142735, 49.406289]}, "properties": {"stop_id": "FR:76429:ZE:1110024:ATOUMOD040", "stop_name": "La Providence (Groupe Scolaire)", "route_ids": ["ATOUMOD040:Line:1003065:LOC", "ATOUMOD040:Line:1003297:LOC", "ATOUMOD040:Line:1003299:LOC"]}}, {"type": "Feature", "geometry": {"type": "Point", "coordinates": [1.146934, 49.413622]}, "properties": {"stop_id": "FR:76429:ZE:1110028:ATOUMOD040", "stop_name": "Châtaigneraie", "route_ids": ["ATOUMOD040:Line:1003065:LOC"]}}, {"type": "Feature", "geometry": {"type": "Point", "coordinates": [1.382116, 49.391988]}, "properties": {"stop_id": "FR:27151:ZE:1110032:ATOUMOD040", "stop_name": "Transieres", "route_ids": ["ATOUMOD040:Line:1003065:LOC"]}}, {"type": "Feature", "geometry": {"type": "Point", "coordinates": [0.720848, 49.559502]}, "properties": {"stop_id": "FR:76418:ZE:1110034:ATOUMOD040", "stop_name": "Cité des Gardins", "route_ids": ["ATOUMOD040:Line:1003048:LOC"]}}, {"type": "Feature", "geometry": {"type": "Point", "coordinates": [0.755102, 49.616452]}, "properties": {"stop_id": "FR:76758:ZE:1110036:ATOUMOD040", "stop_name": "Rue du Dr Roux (College Bobée)", "route_ids": ["ATOUMOD040:Line:1003048:LOC"]}}, {"type": "Feature", "geometry": {"type": "Point", "coordinates": [0.752478, 49.616262]}, "properties": {"stop_id": "FR:76758:ZE:1110038:ATOUMOD040", "stop_name": "Place Victor Hugo", "route_ids": ["ATOUMOD040:Line:1003048:LOC", "ATOUMOD040:Line:1003056:LOC"]}}, {"type": "Feature", "geometry": {"type": "Point", "coordinates": [0.117634, 49.565969]}, "properties": {"stop_id": "FR:76481:ZE:1110048:ATOUMOD040", "stop_name": "La Briere Ouest", "route_ids": ["ATOUMOD040:Line:1003055:LOC"]}}, {"type": "Feature", "geometry": {"type": "Point", "coordinates": [0.1177, 49.565954]}, "properties": {"stop_id": "FR:76481:ZE:1171496:ATOUMOD040", "stop_name": "La Briere Est", "route_ids": ["ATOUMOD040:Line:1003055:LOC"]}}, {"type": "Feature", "geometry": {"type": "Point", "coordinates": [0.998656, 49.842647]}, "properties": {"stop_id": "FR:76690:ZE:1110060:ATOUMOD040", "stop_name": "Centre", "route_ids": ["ATOUMOD040:Line:1003047:LOC"]}}, {"type": "Feature", "geometry": {"type": "Point", "coordinates": [0.998611, 49.842547]}, "properties": {"stop_id": "FR:76690:ZE:1171532:ATOUMOD040", "stop_name": "Centre", "route_ids": ["ATOUMOD040:Line:1003047:LOC"]}}, {"type": "Feature", "geometry": {"type": "Point", "coordinates": [0.959245, 49.457541]}, "properties": {"stop_id": "FR:76614:ZE:1110072:ATOUMOD040", "stop_name": "Terre du Mesnil", "route_ids": ["ATOUMOD040:Line:1003061:LOC"]}}, {"type": "Feature", "geometry": {"type": "Point", "coordinates": [0.959494, 49.457099]}, "properties": {"stop_id": "FR:76614:ZE:1172170:ATOUMOD040", "stop_name": "Terre du Mesnil", "route_ids": ["ATOUMOD040:Line:1003061:LOC"]}}, {"type": "Feature", "geometry": {"type": "Point", "coordinates": [0.711572, 49.867384]}, "properties": {"stop_id": "FR:76655:ZE:1110084:ATOUMOD040", "stop_name": "Le Port", "route_ids": ["ATOUMOD040:Line:1006899:LOC", "ATOUMOD040:Line:1003067:LOC"]}}, {"type": "Feature", "geometry": {"type": "Point", "coordinates": [0.711636, 49.867389]}, "properties": {"stop_id": "FR:76655:ZE:1170795:ATOUMOD040", "stop_name": "Le Port", "route_ids": ["ATOUMOD040:Line:1003067:LOC"]}}, {"type": "Feature", "geometry": {"type": "Point", "coordinates": [0.349806, 49.669528]}, "properties": {"stop_id": "FR:76669:ZE:1110104:ATOUMOD040", "stop_name": "Mairie / École", "route_ids": ["ATOUMOD040:Line:1003054:LOC", "ATOUMOD040:Line:1003055:LOC"]}}, {"type": "Feature", "geometry": {"type": "Point", "coordinates": [0.334322, 49.659919]}, "properties": {"stop_id": "FR:76302:ZE:1110106:ATOUMOD040", "stop_name": "Ferme Gonfray", "route_ids": ["ATOUMOD040:Line:1003054:LOC", "ATOUMOD040:Line:1003055:LOC"]}}, {"type": "Feature", "geometry": {"type": "Point", "coordinates": [0.850316, 49.410387]}, "properties": {"stop_id": "FR:76436:ZE:1110122:ATOUMOD040", "stop_name": "La Cité des Marais", "route_ids": ["ATOUMOD040:Line:1003061:LOC"]}}, {"type": "Feature", "geometry": {"type": "Point", "coordinates": [0.85065, 49.410195]}, "properties": {"stop_id": "FR:76436:ZE:1171107:ATOUMOD040", "stop_name": "La Cité des Marais", "route_ids": ["ATOUMOD040:Line:1003061:LOC"]}}, {"type": "Feature", "geometry": {"type": "Point", "coordinates": [0.82875, 49.418425]}, "properties": {"stop_id": "FR:76378:ZE:1110124:ATOUMOD040", "stop_name": "La Petite Carbonniere", "route_ids": ["ATOUMOD040:Line:1003061:LOC"]}}, {"type": "Feature", "geometry": {"type": "Point", "coordinates": [0.828951, 49.417505]}, "properties": {"stop_id": "FR:76378:ZE:1170490:ATOUMOD040", "stop_name": "La Petite Carbonniere", "route_ids": ["ATOUMOD040:Line:1003061:LOC"]}}, {"type": "Feature", "geometry": {"type": "Point", "coordinates": [0.825199, 49.422835]}, "properties": {"stop_id": "FR:76378:ZE:1110126:ATOUMOD040", "stop_name": "Rue du Quesney", "route_ids": ["ATOUMOD040:Line:1003061:LOC"]}}, {"type": "Feature", "geometry": {"type": "Point", "coordinates": [0.825741, 49.422045]}, "properties": {"stop_id": "FR:76378:ZE:1170491:ATOUMOD040", "stop_name": "Rue du Quesney", "route_ids": ["ATOUMOD040:Line:1003061:LOC"]}}, {"type": "Feature", "geometry": {"type": "Point", "coordinates": [0.820541, 49.426282]}, "properties": {"stop_id": "FR:76378:ZE:1110128:ATOUMOD040", "stop_name": "Rue André Fessard", "route_ids": ["ATOUMOD040:Line:1003061:LOC"]}}, {"type": "Feature", "geometry": {"type": "Point", "coordinates": [0.820569, 49.426193]}, "properties": {"stop_id": "FR:76378:ZE:1170389:ATOUMOD040", "stop_name": "Rue André Fessard", "route_ids": ["ATOUMOD040:Line:1003061:LOC"]}}, {"type": "Feature", "geometry": {"type": "Point", "coordinates": [0.817776, 49.431249]}, "properties": {"stop_id": "FR:76378:ZE:1110130:ATOUMOD040", "stop_name": "L'Abbaye", "route_ids": ["ATOUMOD040:Line:1003061:LOC"]}}, {"type": "Feature", "geometry": {"type": "Point", "coordinates": [0.82586, 49.440984]}, "properties": {"stop_id": "FR:76378:ZE:1110132:ATOUMOD040", "stop_name": "La Motte", "route_ids": ["ATOUMOD040:Line:1003061:LOC"]}}, {"type": "Feature", "geometry": {"type": "Point", "coordinates": [0.8258, 49.440994]}, "properties": {"stop_id": "FR:76378:ZE:1170489:ATOUMOD040", "stop_name": "La Motte", "route_ids": ["ATOUMOD040:Line:1003061:LOC"]}}, {"type": "Feature", "geometry": {"type": "Point", "coordinates": [0.822636, 49.436692]}, "properties": {"stop_id": "FR:76378:ZE:1110134:ATOUMOD040", "stop_name": "Guillaume le Conquérant", "route_ids": ["ATOUMOD040:Line:1003061:LOC"]}}, {"type": "Feature", "geometry": {"type": "Point", "coordinates": [0.822865, 49.436829]}, "properties": {"stop_id": "FR:76378:ZE:1170386:ATOUMOD040", "stop_name": "Guillaume le Conquérant", "route_ids": ["ATOUMOD040:Line:1003061:LOC"]}}, {"type": "Feature", "geometry": {"type": "Point", "coordinates": [0.817825, 49.467916]}, "properties": {"stop_id": "FR:76709:ZE:1110138:ATOUMOD040", "stop_name": "La Bucaille", "route_ids": ["ATOUMOD040:Line:1003061:LOC"]}}, {"type": "Feature", "geometry": {"type": "Point", "coordinates": [0.817867, 49.467971]}, "properties": {"stop_id": "FR:76709:ZE:1158011:ATOUMOD040", "stop_name": "La Bucaille", "route_ids": ["ATOUMOD040:Line:1003061:LOC"]}}, {"type": "Feature", "geometry": {"type": "Point", "coordinates": [0.729755, 49.864482]}, "properties": {"stop_id": "FR:76655:ZE:1110144:ATOUMOD040", "stop_name": "Ectot", "route_ids": ["ATOUMOD040:Line:1003067:LOC"]}}, {"type": "Feature", "geometry": {"type": "Point", "coordinates": [0.849528, 49.865527]}, "properties": {"stop_id": "FR:76172:ZE:1110146:ATOUMOD040", "stop_name": "RD 925", "route_ids": ["ATOUMOD040:Line:1003067:LOC"]}}, {"type": "Feature", "geometry": {"type": "Point", "coordinates": [0.441584, 49.65276]}, "properties": {"stop_id": "FR:76304:ZE:1110212:ATOUMOD040", "stop_name": "Les 2 Forges", "route_ids": ["ATOUMOD040:Line:1003053:LOC"]}}, {"type": "Feature", "geometry": {"type": "Point", "coordinates": [1.194554, 49.965919]}, "properties": {"stop_id": "FR:76618:ZE:1110214:ATOUMOD040", "stop_name": "BERNEVAL-LE-GRAND - Plage", "route_ids": ["ATOUMOD040:Line:1003072:LOC", "ATOUMOD040:Line:1003070:LOC"]}}, {"type": "Feature", "geometry": {"type": "Point", "coordinates": [1.194602, 49.965907]}, "properties": {"stop_id": "FR:76618:ZE:1172431:ATOUMOD040", "stop_name": "BERNEVAL-LE-GRAND - Plage", "route_ids": ["ATOUMOD040:Line:1003070:LOC", "ATOUMOD040:Line:1003072:LOC"]}}, {"type": "Feature", "geometry": {"type": "Point", "coordinates": [1.192597, 49.960503]}, "properties": {"stop_id": "FR:76618:ZE:1110216:ATOUMOD040", "stop_name": "BERNEVAL-LE-GRAND - Le Clos Martin", "route_ids": ["ATOUMOD040:Line:1003070:LOC"]}}, {"type": "Feature", "geometry": {"type": "Point", "coordinates": [1.192651, 49.960493]}, "properties": {"stop_id": "FR:76618:ZE:1172432:ATOUMOD040", "stop_name": "BERNEVAL-LE-GRAND - Le Clos Martin", "route_ids": ["ATOUMOD040:Line:1003070:LOC"]}}, {"type": "Feature", "geometry": {"type": "Point", "coordinates": [1.189947, 49.957548]}, "properties": {"stop_id": "FR:76618:ZE:1172204:ATOUMOD040", "stop_name": "BERNEVAL-LE-GRAND - Les Chardons", "route_ids": ["ATOUMOD040:Line:1003070:LOC"]}}, {"type": "Feature", "geometry": {"type": "Point", "coordinates": [1.187359, 49.956814]}, "properties": {"stop_id": "FR:76618:ZE:1110220:ATOUMOD040", "stop_name": "BERNEVAL-LE-GRAND - Centre", "route_ids": ["ATOUMOD040:Line:1003072:LOC", "ATOUMOD040:Line:1003070:LOC"]}}, {"type": "Feature", "geometry": {"type": "Point", "coordinates": [1.187483, 49.955519]}, "properties": {"stop_id": "FR:76618:ZE:1175169:ATOUMOD040", "stop_name": "BERNEVAL-LE-GRAND - Centre", "route_ids": ["ATOUMOD040:Line:1003070:LOC", "ATOUMOD040:Line:1003072:LOC"]}}, {"type": "Feature", "geometry": {"type": "Point", "coordinates": [1.184688, 49.941054]}, "properties": {"stop_id": "FR:76618:ZE:1110222:ATOUMOD040", "stop_name": "BERNEVAL-LE-GRAND - Fond Graincourt", "route_ids": ["ATOUMOD040:Line:1003070:LOC"]}}, {"type": "Feature", "geometry": {"type": "Point", "coordinates": [1.18839, 49.951039]}, "properties": {"stop_id": "FR:76618:ZE:1110224:ATOUMOD040", "stop_name": "BERNEVAL-LE-GRAND - Rue Pierre et Marie Curie", "route_ids": ["ATOUMOD040:Line:1003070:LOC"]}}, {"type": "Feature", "geometry": {"type": "Point", "coordinates": [0.315265, 49.521789]}, "properties": {"stop_id": "FR:76239:ZE:1110232:ATOUMOD040", "stop_name": "La Botte", "route_ids": ["ATOUMOD040:Line:1003051:LOC"]}}, {"type": "Feature", "geometry": {"type": "Point", "coordinates": [1.315158, 49.38417]}, "properties": {"stop_id": "FR:27104:ZE:1110366:ATOUMOD040", "stop_name": "Route de Vendrimare", "route_ids": ["ATOUMOD040:Line:1003065:LOC"]}}, {"type": "Feature", "geometry": {"type": "Point", "coordinates": [0.370118, 49.759892]}, "properties": {"stop_id": "FR:76259:ZE:1110376:ATOUMOD040", "stop_name": "Jean Bart", "route_ids": ["ATOUMOD040:Line:1003055:LOC"]}}, {"type": "Feature", "geometry": {"type": "Point", "coordinates": [0.366389, 49.760276]}, "properties": {"stop_id": "FR:76259:ZE:1110378:ATOUMOD040", "stop_name": "Ulysse Prévost", "route_ids": ["ATOUMOD040:Line:1003055:LOC"]}}, {"type": "Feature", "geometry": {"type": "Point", "coordinates": [0.36305, 49.754774]}, "properties": {"stop_id": "FR:76600:ZE:1110380:ATOUMOD040", "stop_name": "Chemin de Nesmonds", "route_ids": ["ATOUMOD040:Line:1003055:LOC"]}}, {"type": "Feature", "geometry": {"type": "Point", "coordinates": [0.363906, 49.75152]}, "properties": {"stop_id": "FR:76259:ZE:1110382:ATOUMOD040", "stop_name": "Route d'Étretat", "route_ids": ["ATOUMOD040:Line:1003055:LOC"]}}, {"type": "Feature", "geometry": {"type": "Point", "coordinates": [0.192023, 49.545468]}, "properties": {"stop_id": "FR:76447:ZE:1110384:ATOUMOD040", "stop_name": "François Mitterrand", "route_ids": ["ATOUMOD040:Line:1003054:LOC"]}}, {"type": "Feature", "geometry": {"type": "Point", "coordinates": [0.235668, 49.56324]}, "properties": {"stop_id": "FR:76238:ZE:1110386:ATOUMOD040", "stop_name": "Les Marronniers", "route_ids": ["ATOUMOD040:Line:1003054:LOC"]}}, {"type": "Feature", "geometry": {"type": "Point", "coordinates": [1.231382, 49.975013]}, "properties": {"stop_id": "FR:76618:ZE:1110420:ATOUMOD040", "stop_name": "PENLY - Rue de Navarre", "route_ids": ["ATOUMOD040:Line:1003070:LOC"]}}, {"type": "Feature", "geometry": {"type": "Point", "coordinates": [1.080339, 49.926333]}, "properties": {"stop_id": "FR:76217:ZE:1110442:ATOUMOD040", "stop_name": "Pont Ango", "route_ids": ["ATOUMOD040:Line:1003070:LOC"]}}, {"type": "Feature", "geometry": {"type": "Point", "coordinates": [1.150721, 49.497064]}, "properties": {"stop_id": "FR:76377:ZE:1110446:ATOUMOD040", "stop_name": "Salle des Sports", "route_ids": ["ATOUMOD040:Line:1003073:LOC"]}}, {"type": "Feature", "geometry": {"type": "Point", "coordinates": [0.279354, 49.602169]}, "properties": {"stop_id": "FR:76734:ZE:1110454:ATOUMOD040", "stop_name": "Le Coudray", "route_ids": ["ATOUMOD040:Line:1003054:LOC"]}}, {"type": "Feature", "geometry": {"type": "Point", "coordinates": [0.988975, 49.519884]}, "properties": {"stop_id": "FR:76503:ZE:1110456:ATOUMOD040", "stop_name": "RD 6015 Le Petit Melmont", "route_ids": ["ATOUMOD040:Line:1003057:LOC"]}}, {"type": "Feature", "geometry": {"type": "Point", "coordinates": [0.988717, 49.517436]}, "properties": {"stop_id": "FR:76541:ZE:1172800:ATOUMOD040", "stop_name": "Le Petit Melmont", "route_ids": ["ATOUMOD040:Line:1003057:LOC"]}}, {"type": "Feature", "geometry": {"type": "Point", "coordinates": [0.990493, 49.51804]}, "properties": {"stop_id": "FR:76541:ZE:1172069:ATOUMOD040", "stop_name": "RD 6015 Le Petit Melmont", "route_ids": ["ATOUMOD040:Line:1003057:LOC"]}}, {"type": "Feature", "geometry": {"type": "Point", "coordinates": [0.988614, 49.517467]}, "properties": {"stop_id": "FR:76541:ZE:1172801:ATOUMOD040", "stop_name": "Le Petit Melmont", "route_ids": ["ATOUMOD040:Line:1003057:LOC"]}}, {"type": "Feature", "geometry": {"type": "Point", "coordinates": [1.264272, 49.445735]}, "properties": {"stop_id": "FR:76111:ZE:1110474:ATOUMOD040", "stop_name": "Les Hauts Champs", "route_ids": ["ATOUMOD040:Line:1003076:LOC"]}}, {"type": "Feature", "geometry": {"type": "Point", "coordinates": [1.297232, 49.475385]}, "properties": {"stop_id": "FR:76316:ZE:1110476:ATOUMOD040", "stop_name": "Rue de l'Église", "route_ids": ["ATOUMOD040:Line:1003076:LOC"]}}, {"type": "Feature", "geometry": {"type": "Point", "coordinates": [1.010569, 49.485822]}, "properties": {"stop_id": "FR:76728:ZE:1110492:ATOUMOD040", "stop_name": "Le Bout du Bosc", "route_ids": ["ATOUMOD040:Line:1003057:LOC"]}}, {"type": "Feature", "geometry": {"type": "Point", "coordinates": [1.012053, 49.485194]}, "properties": {"stop_id": "FR:76594:ZE:1158696:ATOUMOD040", "stop_name": "Le Bout du Bosc", "route_ids": ["ATOUMOD040:Line:1003057:LOC"]}}, {"type": "Feature", "geometry": {"type": "Point", "coordinates": [1.296882, 49.403152]}, "properties": {"stop_id": "FR:76285:ZE:1110538:ATOUMOD040", "stop_name": "Mesnil Grain", "route_ids": ["ATOUMOD040:Line:1003065:LOC"]}}, {"type": "Feature", "geometry": {"type": "Point", "coordinates": [0.538136, 49.510115]}, "properties": {"stop_id": "FR:76384:ZE:1110582:ATOUMOD040", "stop_name": "Le Manoir", "route_ids": ["ATOUMOD040:Line:1003051:LOC"]}}, {"type": "Feature", "geometry": {"type": "Point", "coordinates": [0.281806, 49.519326]}, "properties": {"stop_id": "FR:76563:ZE:1110632:ATOUMOD040", "stop_name": "Centre Pénitentiaire", "route_ids": ["ATOUMOD040:Line:1003051:LOC"]}}, {"type": "Feature", "geometry": {"type": "Point", "coordinates": [0.998947, 49.775191]}, "properties": {"stop_id": "FR:76379:ZE:1110666:ATOUMOD040", "stop_name": "Église", "route_ids": ["ATOUMOD040:Line:1003079:LOC"]}}, {"type": "Feature", "geometry": {"type": "Point", "coordinates": [0.999105, 49.774565]}, "properties": {"stop_id": "FR:76379:ZE:1170392:ATOUMOD040", "stop_name": "Église", "route_ids": ["ATOUMOD040:Line:1003079:LOC"]}}, {"type": "Feature", "geometry": {"type": "Point", "coordinates": [1.168512, 49.665889]}, "properties": {"stop_id": "FR:76138:ZE:1111406:ATOUMOD040", "stop_name": "Église", "route_ids": ["ATOUMOD040:Line:1003078:LOC"]}}, {"type": "Feature", "geometry": {"type": "Point", "coordinates": [1.318148, 50.02208]}, "properties": {"stop_id": "FR:76192:ZE:1111614:ATOUMOD040", "stop_name": "Chantereine", "route_ids": ["ATOUMOD040:Line:1003072:LOC"]}}, {"type": "Feature", "geometry": {"type": "Point", "coordinates": [1.318087, 50.02208]}, "properties": {"stop_id": "FR:76192:ZE:1169957:ATOUMOD040", "stop_name": "Chantereine", "route_ids": ["ATOUMOD040:Line:1003072:LOC"]}}, {"type": "Feature", "geometry": {"type": "Point", "coordinates": [1.267477, 49.894303]}, "properties": {"stop_id": "FR:76235:ZE:1111836:ATOUMOD040", "stop_name": "Rue du Général de Gaulle", "route_ids": ["ATOUMOD040:Line:1003069:LOC", "ATOUMOD040:Line:1003071:LOC"]}}, {"type": "Feature", "geometry": {"type": "Point", "coordinates": [1.267573, 49.894314]}, "properties": {"stop_id": "FR:76235:ZE:1169922:ATOUMOD040", "stop_name": "Rue du Général de Gaulle", "route_ids": ["ATOUMOD040:Line:1003071:LOC", "ATOUMOD040:Line:1003069:LOC"]}}, {"type": "Feature", "geometry": {"type": "Point", "coordinates": [1.364452, 50.039582]}, "properties": {"stop_id": "FR:76266:ZE:1112032:ATOUMOD040", "stop_name": "Avenue des Canadiens", "route_ids": ["ATOUMOD040:Line:1003072:LOC"]}}, {"type": "Feature", "geometry": {"type": "Point", "coordinates": [1.36432, 50.039453]}, "properties": {"stop_id": "FR:76266:ZE:1170880:ATOUMOD040", "stop_name": "Avenue des Canadiens", "route_ids": ["ATOUMOD040:Line:1003072:LOC"]}}, {"type": "Feature", "geometry": {"type": "Point", "coordinates": [0.106014, 49.494874]}, "properties": {"stop_id": "FR:76351:ZE:1112434:ATOUMOD040", "stop_name": "Hôtel de la Communauté", "route_ids": ["ATOUMOD040:Line:1003055:LOC"]}}, {"type": "Feature", "geometry": {"type": "Point", "coordinates": [0.104888, 49.49508]}, "properties": {"stop_id": "FR:76351:ZE:1170043:ATOUMOD040", "stop_name": "Hôtel de la Communauté", "route_ids": ["ATOUMOD040:Line:1003055:LOC"]}}, {"type": "Feature", "geometry": {"type": "Point", "coordinates": [1.098493, 49.731222]}, "properties": {"stop_id": "FR:76360:ZE:1112476:ATOUMOD040", "stop_name": "Ancienne Mairie / École", "route_ids": ["ATOUMOD040:Line:1003078:LOC"]}}, {"type": "Feature", "geometry": {"type": "Point", "coordinates": [1.150784, 49.865117]}, "properties": {"stop_id": "FR:76413:ZE:1112760:ATOUMOD040", "stop_name": "Les Aubépines", "route_ids": ["ATOUMOD040:Line:1003068:LOC"]}}, {"type": "Feature", "geometry": {"type": "Point", "coordinates": [1.150649, 49.865117]}, "properties": {"stop_id": "FR:76413:ZE:1171902:ATOUMOD040", "stop_name": "Les Aubépines", "route_ids": ["ATOUMOD040:Line:1003068:LOC"]}}, {"type": "Feature", "geometry": {"type": "Point", "coordinates": [1.147046, 49.679731]}, "properties": {"stop_id": "FR:76449:ZE:1112916:ATOUMOD040", "stop_name": "Garderie", "route_ids": ["ATOUMOD040:Line:1003068:LOC"]}}, {"type": "Feature", "geometry": {"type": "Point", "coordinates": [1.039361, 49.869309]}, "properties": {"stop_id": "FR:76482:ZE:1113094:ATOUMOD040", "stop_name": "Jean Jaures", "route_ids": ["ATOUMOD040:Line:1003047:LOC"]}}, {"type": "Feature", "geometry": {"type": "Point", "coordinates": [1.03945, 49.869236]}, "properties": {"stop_id": "FR:76482:ZE:1171520:ATOUMOD040", "stop_name": "Jean Jaures", "route_ids": ["ATOUMOD040:Line:1003047:LOC"]}}, {"type": "Feature", "geometry": {"type": "Point", "coordinates": [1.075284, 49.893071]}, "properties": {"stop_id": "FR:76565:ZE:1113480:ATOUMOD040", "stop_name": "Rue de Sygogne", "route_ids": ["ATOUMOD040:Line:1003047:LOC"]}}, {"type": "Feature", "geometry": {"type": "Point", "coordinates": [1.074523, 49.892635]}, "properties": {"stop_id": "FR:76565:ZE:1170648:ATOUMOD040", "stop_name": "Rue de Sygogne", "route_ids": ["ATOUMOD040:Line:1003047:LOC", "ATOUMOD040:Line:1003079:LOC"]}}, {"type": "Feature", "geometry": {"type": "Point", "coordinates": [0.945984, 49.762097]}, "properties": {"stop_id": "FR:76629:ZE:1113808:ATOUMOD040", "stop_name": "Herbouville", "route_ids": ["ATOUMOD040:Line:1003079:LOC"]}}, {"type": "Feature", "geometry": {"type": "Point", "coordinates": [1.38023, 50.057259]}, "properties": {"stop_id": "FR:76711:ZE:1114174:ATOUMOD040", "stop_name": "Maison de Retraite", "route_ids": ["ATOUMOD040:Line:1003060:LOC", "ATOUMOD040:Line:1003072:LOC"]}}, {"type": "Feature", "geometry": {"type": "Point", "coordinates": [1.379765, 50.057277]}, "properties": {"stop_id": "FR:76711:ZE:1171189:ATOUMOD040", "stop_name": "Maison de Retraite", "route_ids": ["ATOUMOD040:Line:1003060:LOC", "ATOUMOD040:Line:1003072:LOC"]}}, {"type": "Feature", "geometry": {"type": "Point", "coordinates": [1.013353, 49.903137]}, "properties": {"stop_id": "FR:76720:ZE:1114232:ATOUMOD040", "stop_name": "Le Quesnot", "route_ids": ["ATOUMOD040:Line:1003067:LOC"]}}, {"type": "Feature", "geometry": {"type": "Point", "coordinates": [1.417481, 50.05303]}, "properties": {"stop_id": "FR:76255:ZE:1114542:ATOUMOD040", "stop_name": "Lycée Michel Anguier", "route_ids": ["ATOUMOD040:Line:1003072:LOC"]}}, {"type": "Feature", "geometry": {"type": "Point", "coordinates": [0.462306, 49.762665]}, "properties": {"stop_id": "FR:76587:ZE:1114566:ATOUMOD040", "stop_name": "La Bergerie", "route_ids": ["ATOUMOD040:Line:1003066:LOC"]}}, {"type": "Feature", "geometry": {"type": "Point", "coordinates": [0.158011, 49.628945]}, "properties": {"stop_id": "FR:76595:ZE:1114604:ATOUMOD040", "stop_name": "Les Iris", "route_ids": ["ATOUMOD040:Line:1003055:LOC"]}}, {"type": "Feature", "geometry": {"type": "Point", "coordinates": [0.408176, 49.691287]}, "properties": {"stop_id": "FR:76425:ZE:1114624:ATOUMOD040", "stop_name": "Centre", "route_ids": ["ATOUMOD040:Line:1003053:LOC"]}}, {"type": "Feature", "geometry": {"type": "Point", "coordinates": [1.051464, 49.53045]}, "properties": {"stop_id": "FR:76402:ZE:1114650:ATOUMOD040", "stop_name": "Route de Montville", "route_ids": ["ATOUMOD040:Line:1003059:LOC"]}}, {"type": "Feature", "geometry": {"type": "Point", "coordinates": [1.051466, 49.53039]}, "properties": {"stop_id": "FR:76402:ZE:1171909:ATOUMOD040", "stop_name": "Route de Montville", "route_ids": ["ATOUMOD040:Line:1003059:LOC"]}}, {"type": "Feature", "geometry": {"type": "Point", "coordinates": [1.127716, 49.477312]}, "properties": {"stop_id": "FR:76108:ZE:1114700:ATOUMOD040", "stop_name": "Institution Rey", "route_ids": ["ATOUMOD040:Line:1003073:LOC"]}}, {"type": "Feature", "geometry": {"type": "Point", "coordinates": [1.127802, 49.47731]}, "properties": {"stop_id": "FR:76108:ZE:1172843:ATOUMOD040", "stop_name": "Institution Rey", "route_ids": ["ATOUMOD040:Line:1003073:LOC"]}}, {"type": "Feature", "geometry": {"type": "Point", "coordinates": [0.811682, 49.477691]}, "properties": {"stop_id": "FR:76709:ZE:1114708:ATOUMOD040", "stop_name": "Conservatoire Val-de-Seine", "route_ids": ["ATOUMOD040:Line:1003061:LOC"]}}, {"type": "Feature", "geometry": {"type": "Point", "coordinates": [0.811553, 49.47798]}, "properties": {"stop_id": "FR:76709:ZE:1158162:ATOUMOD040", "stop_name": "Conservatoire Val-de-Seine", "route_ids": ["ATOUMOD040:Line:1003061:LOC"]}}, {"type": "Feature", "geometry": {"type": "Point", "coordinates": [1.025282, 49.441046]}, "properties": {"stop_id": "FR:76157:ZE:1114748:ATOUMOD040", "stop_name": "École du Village", "route_ids": ["ATOUMOD040:Line:1003061:LOC"]}}, {"type": "Feature", "geometry": {"type": "Point", "coordinates": [1.026164, 49.440529]}, "properties": {"stop_id": "FR:76157:ZE:1176193:ATOUMOD040", "stop_name": "École du Village", "route_ids": ["ATOUMOD040:Line:1003061:LOC"]}}, {"type": "Feature", "geometry": {"type": "Point", "coordinates": [0.845949, 49.412096]}, "properties": {"stop_id": "FR:76378:ZE:1114750:ATOUMOD040", "stop_name": "Base de Loisirs", "route_ids": ["ATOUMOD040:Line:1003061:LOC"]}}, {"type": "Feature", "geometry": {"type": "Point", "coordinates": [0.846866, 49.411643]}, "properties": {"stop_id": "FR:76436:ZE:1171105:ATOUMOD040", "stop_name": "Base de Loisirs", "route_ids": ["ATOUMOD040:Line:1003061:LOC"]}}, {"type": "Feature", "geometry": {"type": "Point", "coordinates": [1.319781, 49.437779]}, "properties": {"stop_id": "FR:76046:ZE:1114816:ATOUMOD040", "stop_name": "Le Thil", "route_ids": ["ATOUMOD040:Line:1003076:LOC"]}}, {"type": "Feature", "geometry": {"type": "Point", "coordinates": [0.358212, 49.633048]}, "properties": {"stop_id": "FR:76118:ZE:1114846:ATOUMOD040", "stop_name": "Le Bocage", "route_ids": ["ATOUMOD040:Line:1003053:LOC"]}}, {"type": "Feature", "geometry": {"type": "Point", "coordinates": [0.185993, 49.63826]}, "properties": {"stop_id": "FR:76595:ZE:1114858:ATOUMOD040", "stop_name": "La Forge (RD 940)", "route_ids": ["ATOUMOD040:Line:1003055:LOC"]}}, {"type": "Feature", "geometry": {"type": "Point", "coordinates": [0.186424, 49.63933]}, "properties": {"stop_id": "FR:76595:ZE:1172093:ATOUMOD040", "stop_name": "La Forge (RD 940)", "route_ids": ["ATOUMOD040:Line:1003055:LOC"]}}, {"type": "Feature", "geometry": {"type": "Point", "coordinates": [1.017947, 49.744342]}, "properties": {"stop_id": "FR:76063:ZE:1114904:ATOUMOD040", "stop_name": "Mairie", "route_ids": ["ATOUMOD040:Line:1003078:LOC"]}}, {"type": "Feature", "geometry": {"type": "Point", "coordinates": [1.01802, 49.744139]}, "properties": {"stop_id": "FR:76063:ZE:1167153:ATOUMOD040", "stop_name": "Mairie", "route_ids": ["ATOUMOD040:Line:1003078:LOC"]}}, {"type": "Feature", "geometry": {"type": "Point", "coordinates": [1.381775, 49.44428]}, "properties": {"stop_id": "FR:27672:ZE:1114944:ATOUMOD040", "stop_name": "Chemin de Fer", "route_ids": ["ATOUMOD040:Line:1003076:LOC", "ATOUMOD040:Line:1003296:LOC"]}}, {"type": "Feature", "geometry": {"type": "Point", "coordinates": [1.381446, 49.444144]}, "properties": {"stop_id": "FR:27672:ZE:1179618:ATOUMOD040", "stop_name": "Chemin de Fer", "route_ids": ["ATOUMOD040:Line:1003296:LOC"]}}, {"type": "Feature", "geometry": {"type": "Point", "coordinates": [0.970161, 49.613132]}, "properties": {"stop_id": "FR:76234:ZE:1158115:ATOUMOD040", "stop_name": "Les Haies", "route_ids": ["ATOUMOD040:Line:1003057:LOC"]}}, {"type": "Feature", "geometry": {"type": "Point", "coordinates": [0.37592, 49.762253]}, "properties": {"stop_id": "FR:76259:ZE:1115006:ATOUMOD040", "stop_name": "Jean Lorrain", "route_ids": ["ATOUMOD040:Line:1003066:LOC"]}}, {"type": "Feature", "geometry": {"type": "Point", "coordinates": [1.057651, 49.921841]}, "properties": {"stop_id": "FR:76217:ZE:1115026:ATOUMOD040", "stop_name": "Stade Mérault (Aire de retournement)", "route_ids": ["ATOUMOD040:Line:1003047:LOC", "ATOUMOD040:Line:1003067:LOC", "ATOUMOD040:Line:1003069:LOC", "ATOUMOD040:Line:1003079:LOC"]}}, {"type": "Feature", "geometry": {"type": "Point", "coordinates": [1.042936, 49.503276]}, "properties": {"stop_id": "FR:76366:ZE:1115030:ATOUMOD040", "stop_name": "La Source", "route_ids": ["ATOUMOD040:Line:1003059:LOC"]}}, {"type": "Feature", "geometry": {"type": "Point", "coordinates": [1.043155, 49.502914]}, "properties": {"stop_id": "FR:76366:ZE:1169393:ATOUMOD040", "stop_name": "La Source", "route_ids": ["ATOUMOD040:Line:1003059:LOC"]}}, {"type": "Feature", "geometry": {"type": "Point", "coordinates": [1.113419, 49.463652]}, "properties": {"stop_id": "FR:76108:ZE:1115034:ATOUMOD040", "stop_name": "Le Cedre / C.H.U", "route_ids": ["ATOUMOD040:Line:1003073:LOC"]}}, {"type": "Feature", "geometry": {"type": "Point", "coordinates": [1.113449, 49.463599]}, "properties": {"stop_id": "FR:76108:ZE:1172842:ATOUMOD040", "stop_name": "Le Cedre / C.H.U", "route_ids": ["ATOUMOD040:Line:1003073:LOC"]}}, {"type": "Feature", "geometry": {"type": "Point", "coordinates": [0.89531, 49.76456]}, "properties": {"stop_id": "FR:76306:ZE:1115118:ATOUMOD040", "stop_name": "Grande Rue", "route_ids": ["ATOUMOD040:Line:1003079:LOC"]}}, {"type": "Feature", "geometry": {"type": "Point", "coordinates": [0.755873, 49.54455]}, "properties": {"stop_id": "FR:76164:ZE:1115128:ATOUMOD040", "stop_name": "SAINT-WANDRILLE-RANÇON - Rançon", "route_ids": ["ATOUMOD040:Line:1003048:LOC"]}}, {"type": "Feature", "geometry": {"type": "Point", "coordinates": [0.103324, 49.529498]}, "properties": {"stop_id": "FR:76351:ZE:1115132:ATOUMOD040", "stop_name": "Grand Hameau", "route_ids": ["ATOUMOD040:Line:1003055:LOC"]}}, {"type": "Feature", "geometry": {"type": "Point", "coordinates": [1.430473, 49.730227]}, "properties": {"stop_id": "FR:76462:ZE:1115150:ATOUMOD040", "stop_name": "M.F.R", "route_ids": ["ATOUMOD040:Line:1003073:LOC"]}}, {"type": "Feature", "geometry": {"type": "Point", "coordinates": [1.430634, 49.73019]}, "properties": {"stop_id": "FR:76462:ZE:1174394:ATOUMOD040", "stop_name": "M.F.R", "route_ids": ["ATOUMOD040:Line:1003073:LOC"]}}, {"type": "Feature", "geometry": {"type": "Point", "coordinates": [1.021707, 49.442284]}, "properties": {"stop_id": "FR:76157:ZE:1115172:ATOUMOD040", "stop_name": "Cimetiere du Village", "route_ids": ["ATOUMOD040:Line:1003061:LOC"]}}, {"type": "Feature", "geometry": {"type": "Point", "coordinates": [1.022865, 49.441846]}, "properties": {"stop_id": "FR:76157:ZE:1176192:ATOUMOD040", "stop_name": "Cimetiere du Village", "route_ids": ["ATOUMOD040:Line:1003061:LOC"]}}, {"type": "Feature", "geometry": {"type": "Point", "coordinates": [1.017249, 49.444]}, "properties": {"stop_id": "FR:76157:ZE:1115176:ATOUMOD040", "stop_name": "Lycée Hôtelier IDS (Georges Baptiste)", "route_ids": ["ATOUMOD040:Line:1003061:LOC"]}}, {"type": "Feature", "geometry": {"type": "Point", "coordinates": [1.018093, 49.44345]}, "properties": {"stop_id": "FR:76157:ZE:1169881:ATOUMOD040", "stop_name": "Lycée Hôtelier IDS (Georges Baptiste)", "route_ids": ["ATOUMOD040:Line:1003061:LOC"]}}, {"type": "Feature", "geometry": {"type": "Point", "coordinates": [1.110226, 49.460652]}, "properties": {"stop_id": "FR:76108:ZE:1115188:ATOUMOD040", "stop_name": "Docteur Caron", "route_ids": ["ATOUMOD040:Line:1003073:LOC"]}}, {"type": "Feature", "geometry": {"type": "Point", "coordinates": [1.10967, 49.460029]}, "properties": {"stop_id": "FR:76095:ZE:1172841:ATOUMOD040", "stop_name": "Docteur Caron", "route_ids": ["ATOUMOD040:Line:1003073:LOC"]}}, {"type": "Feature", "geometry": {"type": "Point", "coordinates": [0.58451, 49.486545]}, "properties": {"stop_id": "FR:76476:ZE:1115198:ATOUMOD040", "stop_name": "NOTRE-DAME-DE-GRAVENCHON - Rouget de Lisle - Raoul Dufy", "route_ids": ["ATOUMOD040:Line:1003051:LOC"]}}, {"type": "Feature", "geometry": {"type": "Point", "coordinates": [1.742312, 49.38372]}, "properties": {"stop_id": "FR:60626:ZE:1115200:ATOUMOD040", "stop_name": "Val d'un Oeuf", "route_ids": ["ATOUMOD040:Line:1006919:LOC"]}}, {"type": "Feature", "geometry": {"type": "Point", "coordinates": [1.741883, 49.384214]}, "properties": {"stop_id": "FR:60626:ZE:1175853:ATOUMOD040", "stop_name": "Val d'un Oeuf", "route_ids": ["ATOUMOD040:Line:1006919:LOC"]}}, {"type": "Feature", "geometry": {"type": "Point", "coordinates": [1.722622, 49.483653]}, "properties": {"stop_id": "FR:76312:ZE:1115204:ATOUMOD040", "stop_name": "Place d'Armes", "route_ids": ["ATOUMOD040:Line:1003076:LOC"]}}, {"type": "Feature", "geometry": {"type": "Point", "coordinates": [1.250414, 49.617078]}, "properties": {"stop_id": "FR:76200:ZE:1115220:ATOUMOD040", "stop_name": "Calvaire", "route_ids": ["ATOUMOD040:Line:1003073:LOC"]}}, {"type": "Feature", "geometry": {"type": "Point", "coordinates": [1.356202, 49.584304]}, "properties": {"stop_id": "FR:76146:ZE:1115376:ATOUMOD040", "stop_name": "BUCHY - Église", "route_ids": ["ATOUMOD040:Line:1003073:LOC"]}}, {"type": "Feature", "geometry": {"type": "Point", "coordinates": [1.356204, 49.584258]}, "properties": {"stop_id": "FR:76146:ZE:1169814:ATOUMOD040", "stop_name": "BUCHY - Église", "route_ids": ["ATOUMOD040:Line:1003073:LOC"]}}, {"type": "Feature", "geometry": {"type": "Point", "coordinates": [0.347282, 49.521381]}, "properties": {"stop_id": "FR:76647:ZE:1115386:ATOUMOD040", "stop_name": "Parc Eco-Normandie", "route_ids": ["ATOUMOD040:Line:1003051:LOC"]}}, {"type": "Feature", "geometry": {"type": "Point", "coordinates": [0.232159, 49.146036]}, "properties": {"stop_id": "FR:14366:ZE:1115421:ATOUMOD040", "stop_name": "Hôpital", "route_ids": ["ATOUMOD040:Line:1003302:LOC"]}}, {"type": "Feature", "geometry": {"type": "Point", "coordinates": [0.225657, 49.145825]}, "properties": {"stop_id": "FR:14366:ZE:1115429:ATOUMOD040", "stop_name": "Place F. Mitterrand", "route_ids": ["ATOUMOD040:Line:1003302:LOC"]}}, {"type": "Feature", "geometry": {"type": "Point", "coordinates": [0.35711, 49.195504]}, "properties": {"stop_id": "FR:14460:ZE:1115435:ATOUMOD040", "stop_name": "Place de Verdun", "route_ids": ["ATOUMOD040:Line:1003302:LOC"]}}, {"type": "Feature", "geometry": {"type": "Point", "coordinates": [0.339849, 49.207371]}, "properties": {"stop_id": "FR:14504:ZE:1115437:ATOUMOD040", "stop_name": "Les quatre routes", "route_ids": ["ATOUMOD040:Line:1003302:LOC"]}}, {"type": "Feature", "geometry": {"type": "Point", "coordinates": [1.177824, 49.157099]}, "properties": {"stop_id": "FR:27003:ZE:1115451:ATOUMOD040", "stop_name": "Les Planches", "route_ids": ["ATOUMOD040:Line:1003294:LOC"]}}, {"type": "Feature", "geometry": {"type": "Point", "coordinates": [1.174996, 49.173351]}, "properties": {"stop_id": "FR:27003:ZE:1115453:ATOUMOD040", "stop_name": "Bourg", "route_ids": ["ATOUMOD040:Line:1003294:LOC"]}}, {"type": "Feature", "geometry": {"type": "Point", "coordinates": [0.729485, 48.837735]}, "properties": {"stop_id": "FR:27009:ZE:1115501:ATOUMOD040", "stop_name": "Lotissement HLM", "route_ids": ["ATOUMOD040:Line:1003292:LOC"]}}, {"type": "Feature", "geometry": {"type": "Point", "coordinates": [1.150242, 49.147251]}, "properties": {"stop_id": "FR:27014:ZE:1115551:ATOUMOD040", "stop_name": "Mairie", "route_ids": ["ATOUMOD040:Line:1003294:LOC"]}}, {"type": "Feature", "geometry": {"type": "Point", "coordinates": [1.159288, 49.152071]}, "properties": {"stop_id": "FR:27014:ZE:1115561:ATOUMOD040", "stop_name": "Fournils", "route_ids": ["ATOUMOD040:Line:1003294:LOC"]}}, {"type": "Feature", "geometry": {"type": "Point", "coordinates": [1.403367, 49.242391]}, "properties": {"stop_id": "FR:27016:ZE:1115597:ATOUMOD040", "stop_name": "Ecole Blanchard", "route_ids": ["ATOUMOD040:Line:1003283:LOC"]}}, {"type": "Feature", "geometry": {"type": "Point", "coordinates": [1.420353, 49.246623]}, "properties": {"stop_id": "FR:27016:ZE:1115607:ATOUMOD040", "stop_name": "Gare Routiere", "route_ids": ["ATOUMOD040:Line:1003280:LOC", "ATOUMOD040:Line:1003281:LOC", "ATOUMOD040:Line:1003283:LOC", "ATOUMOD040:Line:1003298:LOC"]}}, {"type": "Feature", "geometry": {"type": "Point", "coordinates": [1.406926, 49.244306]}, "properties": {"stop_id": "FR:27016:ZE:1115613:ATOUMOD040", "stop_name": "La Renaissance", "route_ids": ["ATOUMOD040:Line:1003280:LOC", "ATOUMOD040:Line:1003281:LOC", "ATOUMOD040:Line:1003283:LOC"]}}, {"type": "Feature", "geometry": {"type": "Point", "coordinates": [1.399028, 49.242665]}, "properties": {"stop_id": "FR:27016:ZE:1115617:ATOUMOD040", "stop_name": "Petit Andelys", "route_ids": ["ATOUMOD040:Line:1003298:LOC", "ATOUMOD040:Line:1003281:LOC", "ATOUMOD040:Line:1003283:LOC"]}}, {"type": "Feature", "geometry": {"type": "Point", "coordinates": [1.446562, 49.248211]}, "properties": {"stop_id": "FR:27016:ZE:1115631:ATOUMOD040", "stop_name": "Lycée Pro J. Moulin", "route_ids": ["ATOUMOD040:Line:1003280:LOC", "ATOUMOD040:Line:1003281:LOC"]}}, {"type": "Feature", "geometry": {"type": "Point", "coordinates": [1.401236, 49.237705]}, "properties": {"stop_id": "FR:27016:ZE:1115635:ATOUMOD040", "stop_name": "Piscine", "route_ids": ["ATOUMOD040:Line:1003280:LOC", "ATOUMOD040:Line:1003281:LOC", "ATOUMOD040:Line:1003283:LOC"]}}, {"type": "Feature", "geometry": {"type": "Point", "coordinates": [0.650819, 49.308269]}, "properties": {"stop_id": "FR:27018:ZE:1115653:ATOUMOD040", "stop_name": "La Place", "route_ids": ["ATOUMOD040:Line:1003293:LOC"]}}, {"type": "Feature", "geometry": {"type": "Point", "coordinates": [1.104434, 48.992804]}, "properties": {"stop_id": "FR:27020:ZE:1115691:ATOUMOD040", "stop_name": "42 Route de Breteuil", "route_ids": ["ATOUMOD040:Line:1003291:LOC"]}}, {"type": "Feature", "geometry": {"type": "Point", "coordinates": [1.352128, 49.174745]}, "properties": {"stop_id": "FR:27022:ZE:1115701:ATOUMOD040", "stop_name": "AUBEVOYE - Gare Sncf", "route_ids": ["ATOUMOD040:Line:1003281:LOC", "ATOUMOD040:Line:1003283:LOC"]}}, {"type": "Feature", "geometry": {"type": "Point", "coordinates": [1.045477, 48.858898]}, "properties": {"stop_id": "FR:27198:ZE:1115717:ATOUMOD040", "stop_name": "RONCENAY A. - Mairie", "route_ids": ["ATOUMOD040:Line:1003291:LOC"]}}, {"type": "Feature", "geometry": {"type": "Point", "coordinates": [1.061991, 48.866862]}, "properties": {"stop_id": "FR:27198:ZE:1115721:ATOUMOD040", "stop_name": "RONCENAY A. - La Grâce de Dieu", "route_ids": ["ATOUMOD040:Line:1003291:LOC"]}}, {"type": "Feature", "geometry": {"type": "Point", "coordinates": [1.147615, 48.928716]}, "properties": {"stop_id": "FR:27032:ZE:1115771:ATOUMOD040", "stop_name": "AVRILLY - Cimetiere", "route_ids": ["ATOUMOD040:Line:1003291:LOC"]}}, {"type": "Feature", "geometry": {"type": "Point", "coordinates": [1.039707, 49.089457]}, "properties": {"stop_id": "FR:27033:ZE:1115777:ATOUMOD040", "stop_name": "RD39 x RD60", "route_ids": ["ATOUMOD040:Line:1003293:LOC"]}}, {"type": "Feature", "geometry": {"type": "Point", "coordinates": [0.835508, 49.384077]}, "properties": {"stop_id": "FR:27039:ZE:1115817:ATOUMOD040", "stop_name": "La Halboterie", "route_ids": ["ATOUMOD040:Line:1003301:LOC"]}}, {"type": "Feature", "geometry": {"type": "Point", "coordinates": [0.858467, 49.377905]}, "properties": {"stop_id": "FR:27039:ZE:1115819:ATOUMOD040", "stop_name": "La Mare Foulon", "route_ids": ["ATOUMOD040:Line:1003301:LOC"]}}, {"type": "Feature", "geometry": {"type": "Point", "coordinates": [0.846681, 49.38]}, "properties": {"stop_id": "FR:27039:ZE:1115835:ATOUMOD040", "stop_name": "Rue du Village", "route_ids": ["ATOUMOD040:Line:1003301:LOC"]}}, {"type": "Feature", "geometry": {"type": "Point", "coordinates": [0.550226, 49.169963]}, "properties": {"stop_id": "FR:27046:ZE:1115911:ATOUMOD040", "stop_name": "Église", "route_ids": ["ATOUMOD040:Line:1003295:LOC"]}}, {"type": "Feature", "geometry": {"type": "Point", "coordinates": [0.776652, 49.079719]}, "properties": {"stop_id": "FR:27051:ZE:1115965:ATOUMOD040", "stop_name": "Place de la Poste", "route_ids": ["ATOUMOD040:Line:1003279:LOC"]}}, {"type": "Feature", "geometry": {"type": "Point", "coordinates": [0.720919, 49.231828]}, "properties": {"stop_id": "FR:27052:ZE:1115967:ATOUMOD040", "stop_name": "Centre", "route_ids": ["ATOUMOD040:Line:1003293:LOC"]}}, {"type": "Feature", "geometry": {"type": "Point", "coordinates": [0.595737, 49.087346]}, "properties": {"stop_id": "FR:27056:ZE:1115991:ATOUMOD040", "stop_name": "Gare Sncf", "route_ids": ["ATOUMOD040:Line:1003295:LOC"]}}, {"type": "Feature", "geometry": {"type": "Point", "coordinates": [1.692962, 49.289456]}, "properties": {"stop_id": "FR:27059:ZE:1116017:ATOUMOD040", "stop_name": "Mairie", "route_ids": ["ATOUMOD040:Line:1003297:LOC"]}}, {"type": "Feature", "geometry": {"type": "Point", "coordinates": [1.661571, 49.182911]}, "properties": {"stop_id": "FR:27213:ZE:1116019:ATOUMOD040", "stop_name": "BERTHENONVILLE - Carrefour D8/D146", "route_ids": ["ATOUMOD040:Line:1003282:LOC"]}}, {"type": "Feature", "geometry": {"type": "Point", "coordinates": [1.661526, 49.183136]}, "properties": {"stop_id": "FR:27213:ZE:1178204:ATOUMOD040", "stop_name": "BERTHENONVILLE - Carrefour D8/D146", "route_ids": ["ATOUMOD040:Line:1003282:LOC"]}}, {"type": "Feature", "geometry": {"type": "Point", "coordinates": [0.825073, 49.302351]}, "properties": {"stop_id": "FR:27062:ZE:1116033:ATOUMOD040", "stop_name": "Berville en Roumois - Mennerie", "route_ids": ["ATOUMOD040:Line:1003278:LOC"]}}, {"type": "Feature", "geometry": {"type": "Point", "coordinates": [0.340095, 49.345949]}, "properties": {"stop_id": "FR:27065:ZE:1116049:ATOUMOD040", "stop_name": "Sorel Caserne", "route_ids": ["ATOUMOD040:Line:1003293:LOC", "ATOUMOD040:Line:1003305:LOC"]}}, {"type": "Feature", "geometry": {"type": "Point", "coordinates": [1.716544, 49.28869]}, "properties": {"stop_id": "FR:27067:ZE:1116059:ATOUMOD040", "stop_name": "Les Vignes", "route_ids": ["ATOUMOD040:Line:1003280:LOC", "ATOUMOD040:Line:1003282:LOC", "ATOUMOD040:Line:1003297:LOC"]}}, {"type": "Feature", "geometry": {"type": "Point", "coordinates": [1.716181, 49.288779]}, "properties": {"stop_id": "FR:27067:ZE:1178199:ATOUMOD040", "stop_name": "Les Vignes", "route_ids": ["ATOUMOD040:Line:1003282:LOC", "ATOUMOD040:Line:1003297:LOC"]}}, {"type": "Feature", "geometry": {"type": "Point", "coordinates": [1.704342, 49.294643]}, "properties": {"stop_id": "FR:27067:ZE:1116063:ATOUMOD040", "stop_name": "Poste", "route_ids": ["ATOUMOD040:Line:1003297:LOC"]}}, {"type": "Feature", "geometry": {"type": "Point", "coordinates": [1.704403, 49.294689]}, "properties": {"stop_id": "FR:27067:ZE:1178220:ATOUMOD040", "stop_name": "Poste", "route_ids": ["ATOUMOD040:Line:1003297:LOC"]}}, {"type": "Feature", "geometry": {"type": "Point", "coordinates": [1.710849, 49.291471]}, "properties": {"stop_id": "FR:27067:ZE:1116065:ATOUMOD040", "stop_name": "Reine Blanche - Mairie", "route_ids": ["ATOUMOD040:Line:1003280:LOC", "ATOUMOD040:Line:1003282:LOC", "ATOUMOD040:Line:1003297:LOC"]}}, {"type": "Feature", "geometry": {"type": "Point", "coordinates": [1.710597, 49.291592]}, "properties": {"stop_id": "FR:27067:ZE:1178214:ATOUMOD040", "stop_name": "Reine Blanche - Mairie", "route_ids": ["ATOUMOD040:Line:1003282:LOC", "ATOUMOD040:Line:1003297:LOC"]}}, {"type": "Feature", "geometry": {"type": "Point", "coordinates": [0.781641, 49.270683]}, "properties": {"stop_id": "FR:27077:ZE:1116141:ATOUMOD040", "stop_name": "Église", "route_ids": ["ATOUMOD040:Line:1003278:LOC"]}}, {"type": "Feature", "geometry": {"type": "Point", "coordinates": [0.807731, 49.271778]}, "properties": {"stop_id": "FR:27089:ZE:1116145:ATOUMOD040", "stop_name": "La Févrerie", "route_ids": ["ATOUMOD040:Line:1003278:LOC"]}}, {"type": "Feature", "geometry": {"type": "Point", "coordinates": [1.037906, 48.992307]}, "properties": {"stop_id": "FR:27082:ZE:1116173:ATOUMOD040", "stop_name": "Boulevard de Normandie", "route_ids": ["ATOUMOD040:Line:1003292:LOC"]}}, {"type": "Feature", "geometry": {"type": "Point", "coordinates": [0.775858, 49.294617]}, "properties": {"stop_id": "FR:27089:ZE:1116205:ATOUMOD040", "stop_name": "BOSC RENOULT - Ecole", "route_ids": ["ATOUMOD040:Line:1003278:LOC"]}}, {"type": "Feature", "geometry": {"type": "Point", "coordinates": [0.927979, 49.296058]}, "properties": {"stop_id": "FR:27090:ZE:1116211:ATOUMOD040", "stop_name": "LEBOSCROGERENROUMOIS - Bissonniere", "route_ids": ["ATOUMOD040:Line:1003278:LOC"]}}, {"type": "Feature", "geometry": {"type": "Point", "coordinates": [0.916465, 49.296698]}, "properties": {"stop_id": "FR:27090:ZE:1116213:ATOUMOD040", "stop_name": "LE BOSC ROGER EN ROUMOIS - Malicorne RD313", "route_ids": ["ATOUMOD040:Line:1003278:LOC"]}}, {"type": "Feature", "geometry": {"type": "Point", "coordinates": [0.923978, 49.290227]}, "properties": {"stop_id": "FR:27090:ZE:1116215:ATOUMOD040", "stop_name": "LEBOSCROGERENROUMOIS - Jules verne", "route_ids": ["ATOUMOD040:Line:1003278:LOC", "ATOUMOD040:Line:1003300:LOC"]}}, {"type": "Feature", "geometry": {"type": "Point", "coordinates": [0.919941, 49.296107]}, "properties": {"stop_id": "FR:27090:ZE:1116219:ATOUMOD040", "stop_name": "LEBOSCROGERENROUMOIS - Grouvel", "route_ids": ["ATOUMOD040:Line:1003278:LOC"]}}, {"type": "Feature", "geometry": {"type": "Point", "coordinates": [0.894145, 49.297891]}, "properties": {"stop_id": "FR:27090:ZE:1116223:ATOUMOD040", "stop_name": "Le Bosc Roger en Roumois - Lampe Berger", "route_ids": ["ATOUMOD040:Line:1003278:LOC"]}}, {"type": "Feature", "geometry": {"type": "Point", "coordinates": [0.905764, 49.297886]}, "properties": {"stop_id": "FR:27090:ZE:1116225:ATOUMOD040", "stop_name": "Le Bosc Roger en Roumois - Les Genets", "route_ids": ["ATOUMOD040:Line:1003278:LOC", "ATOUMOD040:Line:1003300:LOC"]}}, {"type": "Feature", "geometry": {"type": "Point", "coordinates": [0.939125, 49.292614]}, "properties": {"stop_id": "FR:27090:ZE:1116231:ATOUMOD040", "stop_name": "LEBOSCROGERENROUMOIS - Marouse", "route_ids": ["ATOUMOD040:Line:1003278:LOC"]}}, {"type": "Feature", "geometry": {"type": "Point", "coordinates": [0.93928, 49.292664]}, "properties": {"stop_id": "FR:27090:ZE:1179458:ATOUMOD040", "stop_name": "LEBOSCROGERENROUMOIS - Marouse", "route_ids": ["ATOUMOD040:Line:1003278:LOC"]}}, {"type": "Feature", "geometry": {"type": "Point", "coordinates": [0.929178, 49.291705]}, "properties": {"stop_id": "FR:27090:ZE:1116237:ATOUMOD040", "stop_name": "LEBOSCROGERENROUMOIS - Stade", "route_ids": ["ATOUMOD040:Line:1003278:LOC"]}}, {"type": "Feature", "geometry": {"type": "Point", "coordinates": [0.929405, 49.291698]}, "properties": {"stop_id": "FR:27090:ZE:1179462:ATOUMOD040", "stop_name": "LEBOSCROGERENROUMOIS - Stade", "route_ids": ["ATOUMOD040:Line:1003278:LOC"]}}, {"type": "Feature", "geometry": {"type": "Point", "coordinates": [0.835814, 49.270247]}, "properties": {"stop_id": "FR:27062:ZE:1116247:ATOUMOD040", "stop_name": "BOSGUERARD DE MARCOUVILLE - Ecole", "route_ids": ["ATOUMOD040:Line:1003278:LOC"]}}, {"type": "Feature", "geometry": {"type": "Point", "coordinates": [0.848462, 49.278372]}, "properties": {"stop_id": "FR:27062:ZE:1116251:ATOUMOD040", "stop_name": "BOSGUERARD DE MARCOUVILLE - Mairie", "route_ids": ["ATOUMOD040:Line:1003278:LOC"]}}, {"type": "Feature", "geometry": {"type": "Point", "coordinates": [0.846838, 49.286431]}, "properties": {"stop_id": "FR:27062:ZE:1116255:ATOUMOD040", "stop_name": "BOSGUERARD DE MARCOUVILLE - Tete d'Or", "route_ids": ["ATOUMOD040:Line:1003278:LOC"]}}, {"type": "Feature", "geometry": {"type": "Point", "coordinates": [1.386824, 49.210633]}, "properties": {"stop_id": "FR:27097:ZE:1116287:ATOUMOD040", "stop_name": "Mairie", "route_ids": ["ATOUMOD040:Line:1003280:LOC", "ATOUMOD040:Line:1003281:LOC", "ATOUMOD040:Line:1003283:LOC"]}}, {"type": "Feature", "geometry": {"type": "Point", "coordinates": [1.181162, 49.081572]}, "properties": {"stop_id": "FR:27099:ZE:1116293:ATOUMOD040", "stop_name": "Mairie", "route_ids": ["ATOUMOD040:Line:1003294:LOC"]}}, {"type": "Feature", "geometry": {"type": "Point", "coordinates": [0.767922, 49.365948]}, "properties": {"stop_id": "FR:27102:ZE:1116325:ATOUMOD040", "stop_name": "Carrefour des Rufaux / Route de Routot", "route_ids": ["ATOUMOD040:Line:1003301:LOC"]}}, {"type": "Feature", "geometry": {"type": "Point", "coordinates": [0.782065, 49.360769]}, "properties": {"stop_id": "FR:27102:ZE:1116359:ATOUMOD040", "stop_name": "Place", "route_ids": ["ATOUMOD040:Line:1006959:LOC", "ATOUMOD040:Line:1003275:LOC", "ATOUMOD040:Line:1003301:LOC"]}}, {"type": "Feature", "geometry": {"type": "Point", "coordinates": [0.781399, 49.36093]}, "properties": {"stop_id": "FR:27102:ZE:1180553:ATOUMOD040", "stop_name": "Place", "route_ids": ["ATOUMOD040:Line:1003301:LOC", "ATOUMOD040:Line:1006959:LOC", "ATOUMOD040:Line:1003275:LOC"]}}, {"type": "Feature", "geometry": {"type": "Point", "coordinates": [0.818239, 49.356866]}, "properties": {"stop_id": "FR:27103:ZE:1116365:ATOUMOD040", "stop_name": "Centre exploitation", "route_ids": ["ATOUMOD040:Line:1003301:LOC"]}}, {"type": "Feature", "geometry": {"type": "Point", "coordinates": [1.314594, 49.383952]}, "properties": {"stop_id": "FR:27104:ZE:1116383:ATOUMOD040", "stop_name": "RD6014 n°68", "route_ids": ["ATOUMOD040:Line:1003298:LOC", "ATOUMOD040:Line:1003297:LOC"]}}, {"type": "Feature", "geometry": {"type": "Point", "coordinates": [1.314455, 49.384143]}, "properties": {"stop_id": "FR:27104:ZE:1178132:ATOUMOD040", "stop_name": "RD6014 n°68", "route_ids": ["ATOUMOD040:Line:1003297:LOC", "ATOUMOD040:Line:1003298:LOC"]}}, {"type": "Feature", "geometry": {"type": "Point", "coordinates": [0.869706, 49.300862]}, "properties": {"stop_id": "FR:27105:ZE:1116393:ATOUMOD040", "stop_name": "BOURGTHEROULDE-INFREVILLE - Gare Routiere", "route_ids": ["ATOUMOD040:Line:1003278:LOC", "ATOUMOD040:Line:1003300:LOC"]}}, {"type": "Feature", "geometry": {"type": "Point", "coordinates": [0.80701, 48.76956]}, "properties": {"stop_id": "FR:27108:ZE:1116427:ATOUMOD040", "stop_name": "Salle des Fetes", "route_ids": ["ATOUMOD040:Line:1003291:LOC", "ATOUMOD040:Line:1003304:LOC"]}}, {"type": "Feature", "geometry": {"type": "Point", "coordinates": [0.844153, 49.111964]}, "properties": {"stop_id": "FR:27109:ZE:1116431:ATOUMOD040", "stop_name": "RD133 Parking", "route_ids": ["ATOUMOD040:Line:1003279:LOC"]}}, {"type": "Feature", "geometry": {"type": "Point", "coordinates": [0.685717, 49.351951]}, "properties": {"stop_id": "FR:27110:ZE:1116437:ATOUMOD040", "stop_name": "Mairie", "route_ids": ["ATOUMOD040:Line:1003301:LOC"]}}, {"type": "Feature", "geometry": {"type": "Point", "coordinates": [0.918171, 48.836322]}, "properties": {"stop_id": "FR:27112:ZE:1116457:ATOUMOD040", "stop_name": "Eglise", "route_ids": ["ATOUMOD040:Line:1006979:LOC", "ATOUMOD040:Line:1003291:LOC"]}}, {"type": "Feature", "geometry": {"type": "Point", "coordinates": [0.72123, 49.194519]}, "properties": {"stop_id": "FR:27116:ZE:1116495:ATOUMOD040", "stop_name": "Maréchal Leclerc", "route_ids": ["ATOUMOD040:Line:1003293:LOC"]}}, {"type": "Feature", "geometry": {"type": "Point", "coordinates": [1.115085, 49.109842]}, "properties": {"stop_id": "FR:27118:ZE:1116535:ATOUMOD040", "stop_name": "Mairie", "route_ids": ["ATOUMOD040:Line:1003294:LOC"]}}, {"type": "Feature", "geometry": {"type": "Point", "coordinates": [1.437437, 48.939097]}, "properties": {"stop_id": "FR:27119:ZE:1116539:ATOUMOD040", "stop_name": "College L. Aubrac", "route_ids": ["ATOUMOD040:Line:1003303:LOC"]}}, {"type": "Feature", "geometry": {"type": "Point", "coordinates": [1.442708, 48.933105]}, "properties": {"stop_id": "FR:27119:ZE:1116553:ATOUMOD040", "stop_name": "Rue du Val aux fleurs", "route_ids": ["ATOUMOD040:Line:1003303:LOC"]}}, {"type": "Feature", "geometry": {"type": "Point", "coordinates": [1.652712, 49.149355]}, "properties": {"stop_id": "FR:27213:ZE:1116563:ATOUMOD040", "stop_name": "BUS ST REMY - St Rémy", "route_ids": ["ATOUMOD040:Line:1003282:LOC"]}}, {"type": "Feature", "geometry": {"type": "Point", "coordinates": [1.652763, 49.149354]}, "properties": {"stop_id": "FR:27213:ZE:1178205:ATOUMOD040", "stop_name": "BUS ST REMY - St Rémy", "route_ids": ["ATOUMOD040:Line:1003282:LOC"]}}, {"type": "Feature", "geometry": {"type": "Point", "coordinates": [1.309442, 49.012141]}, "properties": {"stop_id": "FR:27123:ZE:1116587:ATOUMOD040", "stop_name": "RN 13", "route_ids": ["ATOUMOD040:Line:1003284:LOC"]}}, {"type": "Feature", "geometry": {"type": "Point", "coordinates": [1.309516, 49.012007]}, "properties": {"stop_id": "FR:27123:ZE:1180780:ATOUMOD040", "stop_name": "RN 13", "route_ids": ["ATOUMOD040:Line:1003284:LOC"]}}, {"type": "Feature", "geometry": {"type": "Point", "coordinates": [1.305917, 49.018954]}, "properties": {"stop_id": "FR:27123:ZE:1116589:ATOUMOD040", "stop_name": "Ruffey", "route_ids": ["ATOUMOD040:Line:1003284:LOC"]}}, {"type": "Feature", "geometry": {"type": "Point", "coordinates": [0.746663, 49.189991]}, "properties": {"stop_id": "FR:27125:ZE:1116597:ATOUMOD040", "stop_name": "RD137 x RD26", "route_ids": ["ATOUMOD040:Line:1003293:LOC"]}}, {"type": "Feature", "geometry": {"type": "Point", "coordinates": [0.648666, 49.355951]}, "properties": {"stop_id": "FR:27134:ZE:1116693:ATOUMOD040", "stop_name": "RD675", "route_ids": ["ATOUMOD040:Line:1006959:LOC"]}}, {"type": "Feature", "geometry": {"type": "Point", "coordinates": [0.648379, 49.35583]}, "properties": {"stop_id": "FR:27134:ZE:1180577:ATOUMOD040", "stop_name": "RD675", "route_ids": ["ATOUMOD040:Line:1006959:LOC"]}}, {"type": "Feature", "geometry": {"type": "Point", "coordinates": [0.761145, 48.767991]}, "properties": {"stop_id": "FR:27137:ZE:1116715:ATOUMOD040", "stop_name": "Mairie", "route_ids": ["ATOUMOD040:Line:1003304:LOC"]}}, {"type": "Feature", "geometry": {"type": "Point", "coordinates": [1.171481, 49.107592]}, "properties": {"stop_id": "FR:27147:ZE:1116761:ATOUMOD040", "stop_name": "RD 155", "route_ids": ["ATOUMOD040:Line:1003294:LOC"]}}, {"type": "Feature", "geometry": {"type": "Point", "coordinates": [1.666017, 49.201478]}, "properties": {"stop_id": "FR:27152:ZE:1116811:ATOUMOD040", "stop_name": "Rue de la Libération", "route_ids": ["ATOUMOD040:Line:1003282:LOC"]}}, {"type": "Feature", "geometry": {"type": "Point", "coordinates": [1.665977, 49.201596]}, "properties": {"stop_id": "FR:27152:ZE:1178210:ATOUMOD040", "stop_name": "Rue de la Libération", "route_ids": ["ATOUMOD040:Line:1003282:LOC"]}}, {"type": "Feature", "geometry": {"type": "Point", "coordinates": [0.93787, 48.962352]}, "properties": {"stop_id": "FR:27165:ZE:1116953:ATOUMOD040", "stop_name": "Gare Sncf", "route_ids": ["ATOUMOD040:Line:1003292:LOC"]}}, {"type": "Feature", "geometry": {"type": "Point", "coordinates": [0.94247, 48.960432]}, "properties": {"stop_id": "FR:27165:ZE:1116973:ATOUMOD040", "stop_name": "Rue St Etienne", "route_ids": ["ATOUMOD040:Line:1003292:LOC"]}}, {"type": "Feature", "geometry": {"type": "Point", "coordinates": [0.96671, 48.84049]}, "properties": {"stop_id": "FR:27198:ZE:1116989:ATOUMOD040", "stop_name": "CONDE - Le Bois Fayot", "route_ids": ["ATOUMOD040:Line:1003291:LOC"]}}, {"type": "Feature", "geometry": {"type": "Point", "coordinates": [0.94939, 48.84124]}, "properties": {"stop_id": "FR:27198:ZE:1116991:ATOUMOD040", "stop_name": "CONDE - Le Chesnay", "route_ids": ["ATOUMOD040:Line:1003291:LOC"]}}, {"type": "Feature", "geometry": {"type": "Point", "coordinates": [0.964391, 48.832153]}, "properties": {"stop_id": "FR:27198:ZE:1116995:ATOUMOD040", "stop_name": "CONDE - Mairie", "route_ids": ["ATOUMOD040:Line:1003291:LOC"]}}, {"type": "Feature", "geometry": {"type": "Point", "coordinates": [0.37718, 49.247699]}, "properties": {"stop_id": "FR:27170:ZE:1117029:ATOUMOD040", "stop_name": "Place de Gaulle", "route_ids": ["ATOUMOD040:Line:1003302:LOC"]}}, {"type": "Feature", "geometry": {"type": "Point", "coordinates": [1.143109, 48.882179]}, "properties": {"stop_id": "FR:27032:ZE:1117053:ATOUMOD040", "stop_name": "CORNEUIL - Ecole / Anc. Mairie", "route_ids": ["ATOUMOD040:Line:1003291:LOC"]}}, {"type": "Feature", "geometry": {"type": "Point", "coordinates": [0.587674, 49.342824]}, "properties": {"stop_id": "FR:27174:ZE:1117055:ATOUMOD040", "stop_name": "Robert Planquette", "route_ids": ["ATOUMOD040:Line:1003293:LOC", "ATOUMOD040:Line:1006959:LOC"]}}, {"type": "Feature", "geometry": {"type": "Point", "coordinates": [0.587663, 49.342937]}, "properties": {"stop_id": "FR:27174:ZE:1180576:ATOUMOD040", "stop_name": "Robert Planquette", "route_ids": ["ATOUMOD040:Line:1006959:LOC"]}}, {"type": "Feature", "geometry": {"type": "Point", "coordinates": [0.577822, 49.130816]}, "properties": {"stop_id": "FR:27179:ZE:1117091:ATOUMOD040", "stop_name": "RD834 / Mesnil", "route_ids": ["ATOUMOD040:Line:1003295:LOC"]}}, {"type": "Feature", "geometry": {"type": "Point", "coordinates": [1.362862, 49.185445]}, "properties": {"stop_id": "FR:27180:ZE:1117093:ATOUMOD040", "stop_name": "Coiffeur", "route_ids": ["ATOUMOD040:Line:1003280:LOC", "ATOUMOD040:Line:1003281:LOC", "ATOUMOD040:Line:1003283:LOC"]}}, {"type": "Feature", "geometry": {"type": "Point", "coordinates": [1.357528, 49.182807]}, "properties": {"stop_id": "FR:27180:ZE:1117095:ATOUMOD040", "stop_name": "Mairie", "route_ids": ["ATOUMOD040:Line:1003280:LOC", "ATOUMOD040:Line:1003281:LOC", "ATOUMOD040:Line:1003283:LOC"]}}, {"type": "Feature", "geometry": {"type": "Point", "coordinates": [1.07513, 49.207853]}, "properties": {"stop_id": "FR:27184:ZE:1117131:ATOUMOD040", "stop_name": "Mairie", "route_ids": ["ATOUMOD040:Line:1003277:LOC"]}}, {"type": "Feature", "geometry": {"type": "Point", "coordinates": [1.098465, 49.305804]}, "properties": {"stop_id": "FR:27188:ZE:1117141:ATOUMOD040", "stop_name": "Église", "route_ids": ["ATOUMOD040:Line:1003294:LOC"]}}, {"type": "Feature", "geometry": {"type": "Point", "coordinates": [1.244691, 49.110411]}, "properties": {"stop_id": "FR:27191:ZE:1117171:ATOUMOD040", "stop_name": "CROIX ST LEUFROY - Rue Chemin vert - Déchetterie", "route_ids": ["ATOUMOD040:Line:1003280:LOC"]}}, {"type": "Feature", "geometry": {"type": "Point", "coordinates": [1.376608, 48.848222]}, "properties": {"stop_id": "FR:27193:ZE:1117179:ATOUMOD040", "stop_name": "Lavoir", "route_ids": ["ATOUMOD040:Line:1003303:LOC"]}}, {"type": "Feature", "geometry": {"type": "Point", "coordinates": [1.383749, 48.851396]}, "properties": {"stop_id": "FR:27193:ZE:1117181:ATOUMOD040", "stop_name": "Tennis", "route_ids": ["ATOUMOD040:Line:1003303:LOC"]}}, {"type": "Feature", "geometry": {"type": "Point", "coordinates": [1.174602, 49.299249]}, "properties": {"stop_id": "FR:27196:ZE:1117187:ATOUMOD040", "stop_name": "Escarpolette", "route_ids": ["ATOUMOD040:Line:1003294:LOC"]}}, {"type": "Feature", "geometry": {"type": "Point", "coordinates": [1.164634, 49.301526]}, "properties": {"stop_id": "FR:27196:ZE:1117189:ATOUMOD040", "stop_name": "Charmes", "route_ids": ["ATOUMOD040:Line:1003294:LOC"]}}, {"type": "Feature", "geometry": {"type": "Point", "coordinates": [1.662504, 49.164594]}, "properties": {"stop_id": "FR:27213:ZE:1117197:ATOUMOD040", "stop_name": "AVENY - Château", "route_ids": ["ATOUMOD040:Line:1003282:LOC"]}}, {"type": "Feature", "geometry": {"type": "Point", "coordinates": [1.662616, 49.164552]}, "properties": {"stop_id": "FR:27213:ZE:1178190:ATOUMOD040", "stop_name": "AVENY - Château", "route_ids": ["ATOUMOD040:Line:1003282:LOC"]}}, {"type": "Feature", "geometry": {"type": "Point", "coordinates": [1.076524, 48.869395]}, "properties": {"stop_id": "FR:27198:ZE:1117205:ATOUMOD040", "stop_name": "DAMVILLE - Ecole primaire", "route_ids": ["ATOUMOD040:Line:1006979:LOC", "ATOUMOD040:Line:1003291:LOC"]}}, {"type": "Feature", "geometry": {"type": "Point", "coordinates": [1.69668, 49.252162]}, "properties": {"stop_id": "FR:27199:ZE:1117225:ATOUMOD040", "stop_name": "Rue Gladiateur", "route_ids": ["ATOUMOD040:Line:1003284:LOC"]}}, {"type": "Feature", "geometry": {"type": "Point", "coordinates": [1.420037, 49.06034]}, "properties": {"stop_id": "FR:27203:ZE:1117237:ATOUMOD040", "stop_name": "Brecourt RD181", "route_ids": ["ATOUMOD040:Line:1003284:LOC"]}}, {"type": "Feature", "geometry": {"type": "Point", "coordinates": [1.267457, 49.100144]}, "properties": {"stop_id": "FR:27191:ZE:1117295:ATOUMOD040", "stop_name": "ECARDENVILLE-SUR-EURE - Eglise", "route_ids": ["ATOUMOD040:Line:1003280:LOC"]}}, {"type": "Feature", "geometry": {"type": "Point", "coordinates": [1.264184, 49.1013]}, "properties": {"stop_id": "FR:27191:ZE:1117297:ATOUMOD040", "stop_name": "ECARDENVILLE-SUR-EURE - Mairie", "route_ids": ["ATOUMOD040:Line:1003280:LOC"]}}, {"type": "Feature", "geometry": {"type": "Point", "coordinates": [0.882146, 49.134622]}, "properties": {"stop_id": "FR:27224:ZE:1117421:ATOUMOD040", "stop_name": "Le Brabant", "route_ids": ["ATOUMOD040:Line:1003279:LOC"]}}, {"type": "Feature", "geometry": {"type": "Point", "coordinates": [1.611824, 49.30574]}, "properties": {"stop_id": "FR:27226:ZE:1117443:ATOUMOD040", "stop_name": "Hôtel de ville", "route_ids": ["ATOUMOD040:Line:1003280:LOC", "ATOUMOD040:Line:1003282:LOC", "ATOUMOD040:Line:1003297:LOC"]}}, {"type": "Feature", "geometry": {"type": "Point", "coordinates": [1.611834, 49.305785]}, "properties": {"stop_id": "FR:27226:ZE:1178193:ATOUMOD040", "stop_name": "Hôtel de ville", "route_ids": ["ATOUMOD040:Line:1003297:LOC"]}}, {"type": "Feature", "geometry": {"type": "Point", "coordinates": [1.624189, 49.304258]}, "properties": {"stop_id": "FR:27226:ZE:1117445:ATOUMOD040", "stop_name": "Cimetiere", "route_ids": ["ATOUMOD040:Line:1003280:LOC", "ATOUMOD040:Line:1003282:LOC", "ATOUMOD040:Line:1003297:LOC"]}}, {"type": "Feature", "geometry": {"type": "Point", "coordinates": [1.623743, 49.304379]}, "properties": {"stop_id": "FR:27226:ZE:1178194:ATOUMOD040", "stop_name": "Cimetiere", "route_ids": ["ATOUMOD040:Line:1003282:LOC", "ATOUMOD040:Line:1003297:LOC"]}}, {"type": "Feature", "geometry": {"type": "Point", "coordinates": [1.126128, 49.018273]}, "properties": {"stop_id": "FR:27229:ZE:1117485:ATOUMOD040", "stop_name": "College Immaculée", "route_ids": ["ATOUMOD040:Line:1003292:LOC"]}}, {"type": "Feature", "geometry": {"type": "Point", "coordinates": [1.125074, 49.018098]}, "properties": {"stop_id": "FR:27229:ZE:1179435:ATOUMOD040", "stop_name": "College Immaculée", "route_ids": ["ATOUMOD040:Line:1003292:LOC"]}}, {"type": "Feature", "geometry": {"type": "Point", "coordinates": [1.151077, 49.018932]}, "properties": {"stop_id": "FR:27229:ZE:1117503:ATOUMOD040", "stop_name": "Gare Routiere", "route_ids": ["ATOUMOD040:Line:1006979:LOC", "ATOUMOD040:Line:1003280:LOC", "ATOUMOD040:Line:1003284:LOC", "ATOUMOD040:Line:1003291:LOC", "ATOUMOD040:Line:1003292:LOC", "ATOUMOD040:Line:1003293:LOC", "ATOUMOD040:Line:1003294:LOC", "ATOUMOD040:Line:1003289:LOC"]}}, {"type": "Feature", "geometry": {"type": "Point", "coordinates": [1.169896, 49.017268]}, "properties": {"stop_id": "FR:27229:ZE:1117513:ATOUMOD040", "stop_name": "Lycée Augustin Hébert", "route_ids": ["ATOUMOD040:Line:1003291:LOC", "ATOUMOD040:Line:1003294:LOC", "ATOUMOD040:Line:1003284:LOC"]}}, {"type": "Feature", "geometry": {"type": "Point", "coordinates": [1.150601, 49.007336]}, "properties": {"stop_id": "FR:27229:ZE:1117515:ATOUMOD040", "stop_name": "Lycée Horticole", "route_ids": ["ATOUMOD040:Line:1003289:LOC", "ATOUMOD040:Line:1003284:LOC"]}}, {"type": "Feature", "geometry": {"type": "Point", "coordinates": [1.15153, 49.00807]}, "properties": {"stop_id": "FR:27229:ZE:1177977:ATOUMOD040", "stop_name": "Lycée Horticole", "route_ids": ["ATOUMOD040:Line:1003284:LOC"]}}, {"type": "Feature", "geometry": {"type": "Point", "coordinates": [1.140592, 49.007751]}, "properties": {"stop_id": "FR:27229:ZE:1117517:ATOUMOD040", "stop_name": "Lycée Léopold Sédar Senghor", "route_ids": ["ATOUMOD040:Line:1003284:LOC", "ATOUMOD040:Line:1003289:LOC", "ATOUMOD040:Line:1003294:LOC"]}}, {"type": "Feature", "geometry": {"type": "Point", "coordinates": [1.164021, 49.022418]}, "properties": {"stop_id": "FR:27229:ZE:1117519:ATOUMOD040", "stop_name": "Lycée Modeste Leroy", "route_ids": ["ATOUMOD040:Line:1003284:LOC", "ATOUMOD040:Line:1003291:LOC", "ATOUMOD040:Line:1003294:LOC"]}}, {"type": "Feature", "geometry": {"type": "Point", "coordinates": [1.134332, 49.023557]}, "properties": {"stop_id": "FR:27229:ZE:1117527:ATOUMOD040", "stop_name": "Maréchal Foch", "route_ids": ["ATOUMOD040:Line:1003293:LOC"]}}, {"type": "Feature", "geometry": {"type": "Point", "coordinates": [1.152515, 49.029775]}, "properties": {"stop_id": "FR:27229:ZE:1117529:ATOUMOD040", "stop_name": "Place Dupont de l'Eure", "route_ids": ["ATOUMOD040:Line:1003284:LOC", "ATOUMOD040:Line:1003291:LOC", "ATOUMOD040:Line:1003294:LOC", "ATOUMOD040:Line:1003280:LOC"]}}, {"type": "Feature", "geometry": {"type": "Point", "coordinates": [1.153665, 49.018618]}, "properties": {"stop_id": "FR:27229:ZE:1117531:ATOUMOD040", "stop_name": "Pôle scolaire", "route_ids": ["ATOUMOD040:Line:1003284:LOC", "ATOUMOD040:Line:1003289:LOC", "ATOUMOD040:Line:1003291:LOC"]}}, {"type": "Feature", "geometry": {"type": "Point", "coordinates": [1.14238, 49.026296]}, "properties": {"stop_id": "FR:27229:ZE:1117533:ATOUMOD040", "stop_name": "Préfecture", "route_ids": ["ATOUMOD040:Line:1003291:LOC"]}}, {"type": "Feature", "geometry": {"type": "Point", "coordinates": [1.428962, 48.868528]}, "properties": {"stop_id": "FR:27230:ZE:1117537:ATOUMOD040", "stop_name": "College C. Monet", "route_ids": ["ATOUMOD040:Line:1003303:LOC"]}}, {"type": "Feature", "geometry": {"type": "Point", "coordinates": [1.402409, 48.862083]}, "properties": {"stop_id": "FR:27230:ZE:1117543:ATOUMOD040", "stop_name": "RD143 x RD68", "route_ids": ["ATOUMOD040:Line:1003303:LOC"]}}, {"type": "Feature", "geometry": {"type": "Point", "coordinates": [1.41526, 48.864679]}, "properties": {"stop_id": "FR:27230:ZE:1117545:ATOUMOD040", "stop_name": "Croix Pageot", "route_ids": ["ATOUMOD040:Line:1003303:LOC"]}}, {"type": "Feature", "geometry": {"type": "Point", "coordinates": [1.195917, 49.030932]}, "properties": {"stop_id": "FR:27234:ZE:1117569:ATOUMOD040", "stop_name": "Mairie", "route_ids": ["ATOUMOD040:Line:1003280:LOC"]}}, {"type": "Feature", "geometry": {"type": "Point", "coordinates": [0.815667, 48.949886]}, "properties": {"stop_id": "FR:27242:ZE:1117641:ATOUMOD040", "stop_name": "Église", "route_ids": ["ATOUMOD040:Line:1003292:LOC"]}}, {"type": "Feature", "geometry": {"type": "Point", "coordinates": [0.809201, 48.94205]}, "properties": {"stop_id": "FR:27242:ZE:1117659:ATOUMOD040", "stop_name": "Maçonnerie", "route_ids": ["ATOUMOD040:Line:1003292:LOC"]}}, {"type": "Feature", "geometry": {"type": "Point", "coordinates": [0.802676, 48.931417]}, "properties": {"stop_id": "FR:27242:ZE:1117665:ATOUMOD040", "stop_name": "Ste Anne", "route_ids": ["ATOUMOD040:Line:1003292:LOC"]}}, {"type": "Feature", "geometry": {"type": "Point", "coordinates": [0.308044, 49.393]}, "properties": {"stop_id": "FR:27243:ZE:1117675:ATOUMOD040", "stop_name": "Mairie / Salle des fetes", "route_ids": ["ATOUMOD040:Line:1003293:LOC"]}}, {"type": "Feature", "geometry": {"type": "Point", "coordinates": [1.357216, 49.360331]}, "properties": {"stop_id": "FR:27246:ZE:1117699:ATOUMOD040", "stop_name": "RD6014/Hôtel Vexin", "route_ids": ["ATOUMOD040:Line:1003298:LOC", "ATOUMOD040:Line:1003297:LOC"]}}, {"type": "Feature", "geometry": {"type": "Point", "coordinates": [1.357349, 49.360294]}, "properties": {"stop_id": "FR:27246:ZE:1178131:ATOUMOD040", "stop_name": "RD6014/Hôtel Vexin", "route_ids": ["ATOUMOD040:Line:1003297:LOC", "ATOUMOD040:Line:1003298:LOC"]}}, {"type": "Feature", "geometry": {"type": "Point", "coordinates": [0.844921, 48.79411]}, "properties": {"stop_id": "FR:27679:ZE:1117799:ATOUMOD040", "stop_name": "FRANCHEVILLE - Stade", "route_ids": ["ATOUMOD040:Line:1003291:LOC"]}}, {"type": "Feature", "geometry": {"type": "Point", "coordinates": [0.856311, 48.801226]}, "properties": {"stop_id": "FR:27679:ZE:1117819:ATOUMOD040", "stop_name": "FRANCHEVILLE - L'Orme", "route_ids": ["ATOUMOD040:Line:1003291:LOC"]}}, {"type": "Feature", "geometry": {"type": "Point", "coordinates": [0.850027, 48.788353]}, "properties": {"stop_id": "FR:27679:ZE:1117825:ATOUMOD040", "stop_name": "FRANCHEVILLE - Place", "route_ids": ["ATOUMOD040:Line:1003291:LOC"]}}, {"type": "Feature", "geometry": {"type": "Point", "coordinates": [0.86729, 48.8077]}, "properties": {"stop_id": "FR:27679:ZE:1117827:ATOUMOD040", "stop_name": "FRANCHEVILLE - Pont Thibout", "route_ids": ["ATOUMOD040:Line:1003291:LOC"]}}, {"type": "Feature", "geometry": {"type": "Point", "coordinates": [0.981591, 48.966716]}, "properties": {"stop_id": "FR:27447:ZE:1117851:ATOUMOD040", "stop_name": "FRESNE - Brosse - RD830", "route_ids": ["ATOUMOD040:Line:1003292:LOC"]}}, {"type": "Feature", "geometry": {"type": "Point", "coordinates": [1.375917, 49.151202]}, "properties": {"stop_id": "FR:27517:ZE:1117897:ATOUMOD040", "stop_name": "Côte des Sables", "route_ids": ["ATOUMOD040:Line:1003276:LOC"]}}, {"type": "Feature", "geometry": {"type": "Point", "coordinates": [1.346595, 49.167528]}, "properties": {"stop_id": "FR:27022:ZE:1117903:ATOUMOD040", "stop_name": "Lycée A. Malraux", "route_ids": ["ATOUMOD040:Line:1003281:LOC"]}}, {"type": "Feature", "geometry": {"type": "Point", "coordinates": [1.334327, 49.160375]}, "properties": {"stop_id": "FR:27275:ZE:1117905:ATOUMOD040", "stop_name": "Mairie", "route_ids": ["ATOUMOD040:Line:1003276:LOC", "ATOUMOD040:Line:1003280:LOC", "ATOUMOD040:Line:1003281:LOC"]}}, {"type": "Feature", "geometry": {"type": "Point", "coordinates": [1.444136, 48.917331]}, "properties": {"stop_id": "FR:27278:ZE:1117919:ATOUMOD040", "stop_name": "Bellevue", "route_ids": ["ATOUMOD040:Line:1003303:LOC"]}}, {"type": "Feature", "geometry": {"type": "Point", "coordinates": [1.430374, 48.915124]}, "properties": {"stop_id": "FR:27278:ZE:1117923:ATOUMOD040", "stop_name": "Rue des Bleuets", "route_ids": ["ATOUMOD040:Line:1003303:LOC"]}}, {"type": "Feature", "geometry": {"type": "Point", "coordinates": [1.438045, 48.910104]}, "properties": {"stop_id": "FR:27278:ZE:1117925:ATOUMOD040", "stop_name": "Mairie", "route_ids": ["ATOUMOD040:Line:1003303:LOC"]}}, {"type": "Feature", "geometry": {"type": "Point", "coordinates": [1.444717, 48.912783]}, "properties": {"stop_id": "FR:27278:ZE:1117927:ATOUMOD040", "stop_name": "Monument", "route_ids": ["ATOUMOD040:Line:1003303:LOC"]}}, {"type": "Feature", "geometry": {"type": "Point", "coordinates": [1.605206, 49.093012]}, "properties": {"stop_id": "FR:27279:ZE:1117953:ATOUMOD040", "stop_name": "Salle des Fetes", "route_ids": ["ATOUMOD040:Line:1003282:LOC"]}}, {"type": "Feature", "geometry": {"type": "Point", "coordinates": [1.604956, 49.092987]}, "properties": {"stop_id": "FR:27279:ZE:1178206:ATOUMOD040", "stop_name": "Salle des Fetes", "route_ids": ["ATOUMOD040:Line:1003282:LOC"]}}, {"type": "Feature", "geometry": {"type": "Point", "coordinates": [1.085853, 49.052282]}, "properties": {"stop_id": "FR:27282:ZE:1117971:ATOUMOD040", "stop_name": "Église", "route_ids": ["ATOUMOD040:Line:1003293:LOC"]}}, {"type": "Feature", "geometry": {"type": "Point", "coordinates": [1.087858, 49.045209]}, "properties": {"stop_id": "FR:27282:ZE:1117977:ATOUMOD040", "stop_name": "Pont Sncf", "route_ids": ["ATOUMOD040:Line:1003293:LOC"]}}, {"type": "Feature", "geometry": {"type": "Point", "coordinates": [1.784709, 49.285006]}, "properties": {"stop_id": "FR:27284:ZE:1117987:ATOUMOD040", "stop_name": "Gare Sncf", "route_ids": ["ATOUMOD040:Line:1006919:LOC", "ATOUMOD040:Line:1003280:LOC", "ATOUMOD040:Line:1003282:LOC", "ATOUMOD040:Line:1003284:LOC", "ATOUMOD040:Line:1003297:LOC"]}}, {"type": "Feature", "geometry": {"type": "Point", "coordinates": [1.772612, 49.280093]}, "properties": {"stop_id": "FR:27284:ZE:1117995:ATOUMOD040", "stop_name": "Place Blanmont", "route_ids": ["ATOUMOD040:Line:1003280:LOC", "ATOUMOD040:Line:1003282:LOC", "ATOUMOD040:Line:1003284:LOC", "ATOUMOD040:Line:1003297:LOC"]}}, {"type": "Feature", "geometry": {"type": "Point", "coordinates": [1.772653, 49.279888]}, "properties": {"stop_id": "FR:27284:ZE:1178184:ATOUMOD040", "stop_name": "Place Blanmont", "route_ids": ["ATOUMOD040:Line:1003297:LOC", "ATOUMOD040:Line:1003282:LOC"]}}, {"type": "Feature", "geometry": {"type": "Point", "coordinates": [1.020445, 48.983827]}, "properties": {"stop_id": "FR:27287:ZE:1118041:ATOUMOD040", "stop_name": "Mairie", "route_ids": ["ATOUMOD040:Line:1003292:LOC"]}}, {"type": "Feature", "geometry": {"type": "Point", "coordinates": [0.676504, 49.277335]}, "properties": {"stop_id": "FR:27288:ZE:1118057:ATOUMOD040", "stop_name": "La Forge", "route_ids": ["ATOUMOD040:Line:1003293:LOC"]}}, {"type": "Feature", "geometry": {"type": "Point", "coordinates": [0.689596, 49.257343]}, "properties": {"stop_id": "FR:27288:ZE:1118059:ATOUMOD040", "stop_name": "Les Mangeants", "route_ids": ["ATOUMOD040:Line:1003293:LOC"]}}, {"type": "Feature", "geometry": {"type": "Point", "coordinates": [0.680385, 49.269461]}, "properties": {"stop_id": "FR:27288:ZE:1118061:ATOUMOD040", "stop_name": "Mairie", "route_ids": ["ATOUMOD040:Line:1003293:LOC"]}}, {"type": "Feature", "geometry": {"type": "Point", "coordinates": [1.002277, 48.849777]}, "properties": {"stop_id": "FR:27198:ZE:1118105:ATOUMOD040", "stop_name": "GOUVILLE - Les Mares Hues", "route_ids": ["ATOUMOD040:Line:1003291:LOC"]}}, {"type": "Feature", "geometry": {"type": "Point", "coordinates": [1.009643, 48.851041]}, "properties": {"stop_id": "FR:27198:ZE:1118111:ATOUMOD040", "stop_name": "GOUVILLE - Les Chatelets", "route_ids": ["ATOUMOD040:Line:1003291:LOC"]}}, {"type": "Feature", "geometry": {"type": "Point", "coordinates": [0.99305, 48.849678]}, "properties": {"stop_id": "FR:27198:ZE:1118115:ATOUMOD040", "stop_name": "GOUVILLE - RD833 Lavoir", "route_ids": ["ATOUMOD040:Line:1003291:LOC"]}}, {"type": "Feature", "geometry": {"type": "Point", "coordinates": [1.365119, 49.345588]}, "properties": {"stop_id": "FR:27294:ZE:1118121:ATOUMOD040", "stop_name": "GRAINVILLE - Grand Mare", "route_ids": ["ATOUMOD040:Line:1003298:LOC", "ATOUMOD040:Line:1003297:LOC"]}}, {"type": "Feature", "geometry": {"type": "Point", "coordinates": [1.366313, 49.345014]}, "properties": {"stop_id": "FR:27294:ZE:1178130:ATOUMOD040", "stop_name": "GRAINVILLE - Grand Mare", "route_ids": ["ATOUMOD040:Line:1003297:LOC", "ATOUMOD040:Line:1003298:LOC"]}}, {"type": "Feature", "geometry": {"type": "Point", "coordinates": [1.680248, 49.220269]}, "properties": {"stop_id": "FR:27304:ZE:1118207:ATOUMOD040", "stop_name": "Centre", "route_ids": ["ATOUMOD040:Line:1003282:LOC"]}}, {"type": "Feature", "geometry": {"type": "Point", "coordinates": [1.680171, 49.220309]}, "properties": {"stop_id": "FR:27304:ZE:1178203:ATOUMOD040", "stop_name": "Centre", "route_ids": ["ATOUMOD040:Line:1003282:LOC"]}}, {"type": "Feature", "geometry": {"type": "Point", "coordinates": [0.886408, 48.816847]}, "properties": {"stop_id": "FR:27112:ZE:1118211:ATOUMOD040", "stop_name": "LA GUEROULDE - Ecole", "route_ids": ["ATOUMOD040:Line:1003291:LOC"]}}, {"type": "Feature", "geometry": {"type": "Point", "coordinates": [0.885925, 48.817061]}, "properties": {"stop_id": "FR:27112:ZE:1178786:ATOUMOD040", "stop_name": "LA GUEROULDE - Ecole", "route_ids": ["ATOUMOD040:Line:1003291:LOC"]}}, {"type": "Feature", "geometry": {"type": "Point", "coordinates": [1.476233, 49.214189]}, "properties": {"stop_id": "FR:27307:ZE:1118245:ATOUMOD040", "stop_name": "École", "route_ids": ["ATOUMOD040:Line:1003281:LOC"]}}, {"type": "Feature", "geometry": {"type": "Point", "coordinates": [1.477369, 49.205471]}, "properties": {"stop_id": "FR:27307:ZE:1118249:ATOUMOD040", "stop_name": "La Bucaille", "route_ids": ["ATOUMOD040:Line:1003281:LOC"]}}, {"type": "Feature", "geometry": {"type": "Point", "coordinates": [0.785787, 49.166756]}, "properties": {"stop_id": "FR:27311:ZE:1118275:ATOUMOD040", "stop_name": "Église", "route_ids": ["ATOUMOD040:Line:1003293:LOC"]}}, {"type": "Feature", "geometry": {"type": "Point", "coordinates": [0.726566, 49.404654]}, "properties": {"stop_id": "FR:27319:ZE:1118337:ATOUMOD040", "stop_name": "Grand rue", "route_ids": ["ATOUMOD040:Line:1003301:LOC"]}}, {"type": "Feature", "geometry": {"type": "Point", "coordinates": [1.074365, 49.224309]}, "properties": {"stop_id": "FR:27322:ZE:1118349:ATOUMOD040", "stop_name": "Les Puchaux", "route_ids": ["ATOUMOD040:Line:1003277:LOC"]}}, {"type": "Feature", "geometry": {"type": "Point", "coordinates": [1.065714, 49.223333]}, "properties": {"stop_id": "FR:27322:ZE:1118351:ATOUMOD040", "stop_name": "Mairie", "route_ids": ["ATOUMOD040:Line:1003277:LOC"]}}, {"type": "Feature", "geometry": {"type": "Point", "coordinates": [1.065839, 49.22342]}, "properties": {"stop_id": "FR:27322:ZE:1180563:ATOUMOD040", "stop_name": "Mairie", "route_ids": ["ATOUMOD040:Line:1003277:LOC"]}}, {"type": "Feature", "geometry": {"type": "Point", "coordinates": [1.056341, 49.221265]}, "properties": {"stop_id": "FR:27322:ZE:1118353:ATOUMOD040", "stop_name": "Carbonnier", "route_ids": ["ATOUMOD040:Line:1003277:LOC"]}}, {"type": "Feature", "geometry": {"type": "Point", "coordinates": [1.463172, 49.195016]}, "properties": {"stop_id": "FR:27329:ZE:1118387:ATOUMOD040", "stop_name": "Salle des Fetes", "route_ids": ["ATOUMOD040:Line:1003281:LOC"]}}, {"type": "Feature", "geometry": {"type": "Point", "coordinates": [1.393905, 49.432879]}, "properties": {"stop_id": "FR:27338:ZE:1118439:ATOUMOD040", "stop_name": "Bout de bas", "route_ids": ["ATOUMOD040:Line:1003296:LOC"]}}, {"type": "Feature", "geometry": {"type": "Point", "coordinates": [1.397072, 49.420419]}, "properties": {"stop_id": "FR:27338:ZE:1118441:ATOUMOD040", "stop_name": "Sainte Honorine - Château d'eau", "route_ids": ["ATOUMOD040:Line:1003296:LOC"]}}, {"type": "Feature", "geometry": {"type": "Point", "coordinates": [1.395393, 49.4294]}, "properties": {"stop_id": "FR:27338:ZE:1118447:ATOUMOD040", "stop_name": "Mairie", "route_ids": ["ATOUMOD040:Line:1003296:LOC"]}}, {"type": "Feature", "geometry": {"type": "Point", "coordinates": [1.397555, 49.424406]}, "properties": {"stop_id": "FR:27338:ZE:1118449:ATOUMOD040", "stop_name": "Monument", "route_ids": ["ATOUMOD040:Line:1003296:LOC"]}}, {"type": "Feature", "geometry": {"type": "Point", "coordinates": [1.397075, 49.424147]}, "properties": {"stop_id": "FR:27338:ZE:1179634:ATOUMOD040", "stop_name": "Monument", "route_ids": ["ATOUMOD040:Line:1003296:LOC"]}}, {"type": "Feature", "geometry": {"type": "Point", "coordinates": [1.39856, 49.416943]}, "properties": {"stop_id": "FR:27338:ZE:1118451:ATOUMOD040", "stop_name": "Sainte-Honorine", "route_ids": ["ATOUMOD040:Line:1003296:LOC"]}}, {"type": "Feature", "geometry": {"type": "Point", "coordinates": [1.398529, 49.417111]}, "properties": {"stop_id": "FR:27338:ZE:1179633:ATOUMOD040", "stop_name": "Sainte-Honorine", "route_ids": ["ATOUMOD040:Line:1003296:LOC"]}}, {"type": "Feature", "geometry": {"type": "Point", "coordinates": [1.398193, 49.417507]}, "properties": {"stop_id": "FR:27338:ZE:1180229:ATOUMOD040", "stop_name": "Sainte-Honorine", "route_ids": ["ATOUMOD040:Line:1003296:LOC"]}}, {"type": "Feature", "geometry": {"type": "Point", "coordinates": [0.800871, 49.38308]}, "properties": {"stop_id": "FR:27340:ZE:1118485:ATOUMOD040", "stop_name": "Froc Pinel", "route_ids": ["ATOUMOD040:Line:1003275:LOC", "ATOUMOD040:Line:1003301:LOC"]}}, {"type": "Feature", "geometry": {"type": "Point", "coordinates": [0.823535, 49.388072]}, "properties": {"stop_id": "FR:27340:ZE:1118493:ATOUMOD040", "stop_name": "L'Ouraille", "route_ids": ["ATOUMOD040:Line:1003301:LOC"]}}, {"type": "Feature", "geometry": {"type": "Point", "coordinates": [0.816806, 49.372945]}, "properties": {"stop_id": "FR:27340:ZE:1118495:ATOUMOD040", "stop_name": "Mairie", "route_ids": ["ATOUMOD040:Line:1003301:LOC"]}}, {"type": "Feature", "geometry": {"type": "Point", "coordinates": [1.109516, 49.126498]}, "properties": {"stop_id": "FR:27342:ZE:1118515:ATOUMOD040", "stop_name": "Mairie", "route_ids": ["ATOUMOD040:Line:1003294:LOC"]}}, {"type": "Feature", "geometry": {"type": "Point", "coordinates": [1.20762, 49.038224]}, "properties": {"stop_id": "FR:27347:ZE:1118545:ATOUMOD040", "stop_name": "Église", "route_ids": ["ATOUMOD040:Line:1003280:LOC"]}}, {"type": "Feature", "geometry": {"type": "Point", "coordinates": [1.158709, 49.317226]}, "properties": {"stop_id": "FR:27348:ZE:1118553:ATOUMOD040", "stop_name": "Gare Sncf de Pont-de-l'Arche", "route_ids": ["ATOUMOD040:Line:1003294:LOC", "ATOUMOD040:Line:1003299:LOC"]}}, {"type": "Feature", "geometry": {"type": "Point", "coordinates": [1.458723, 48.882324]}, "properties": {"stop_id": "FR:27355:ZE:1118599:ATOUMOD040", "stop_name": "RD143 Eglise", "route_ids": ["ATOUMOD040:Line:1003303:LOC"]}}, {"type": "Feature", "geometry": {"type": "Point", "coordinates": [1.460206, 48.889616]}, "properties": {"stop_id": "FR:27355:ZE:1118601:ATOUMOD040", "stop_name": "Les Gasseux", "route_ids": ["ATOUMOD040:Line:1003303:LOC"]}}, {"type": "Feature", "geometry": {"type": "Point", "coordinates": [1.459781, 48.887686]}, "properties": {"stop_id": "FR:27355:ZE:1118607:ATOUMOD040", "stop_name": "Maison Retraite", "route_ids": ["ATOUMOD040:Line:1003303:LOC"]}}, {"type": "Feature", "geometry": {"type": "Point", "coordinates": [1.204607, 49.28412]}, "properties": {"stop_id": "FR:27365:ZE:1118649:ATOUMOD040", "stop_name": "Voltaire", "route_ids": ["ATOUMOD040:Line:1003294:LOC"]}}, {"type": "Feature", "geometry": {"type": "Point", "coordinates": [0.498308, 49.229315]}, "properties": {"stop_id": "FR:27367:ZE:1118669:ATOUMOD040", "stop_name": "Poste", "route_ids": ["ATOUMOD040:Line:1003295:LOC"]}}, {"type": "Feature", "geometry": {"type": "Point", "coordinates": [1.164636, 49.210131]}, "properties": {"stop_id": "FR:27375:ZE:1118747:ATOUMOD040", "stop_name": "Place du Champs de Ville", "route_ids": ["ATOUMOD040:Line:1003277:LOC", "ATOUMOD040:Line:1003279:LOC"]}}, {"type": "Feature", "geometry": {"type": "Point", "coordinates": [1.16651, 49.210011]}, "properties": {"stop_id": "FR:27375:ZE:1118751:ATOUMOD040", "stop_name": "Châtel", "route_ids": ["ATOUMOD040:Line:1003276:LOC", "ATOUMOD040:Line:1003277:LOC", "ATOUMOD040:Line:1003294:LOC"]}}, {"type": "Feature", "geometry": {"type": "Point", "coordinates": [1.164726, 49.213037]}, "properties": {"stop_id": "FR:27375:ZE:1118753:ATOUMOD040", "stop_name": "College F. Buisson", "route_ids": ["ATOUMOD040:Line:1003277:LOC"]}}, {"type": "Feature", "geometry": {"type": "Point", "coordinates": [1.16466, 49.213005]}, "properties": {"stop_id": "FR:27375:ZE:1179465:ATOUMOD040", "stop_name": "College F. Buisson", "route_ids": ["ATOUMOD040:Line:1003277:LOC"]}}, {"type": "Feature", "geometry": {"type": "Point", "coordinates": [1.176664, 49.216047]}, "properties": {"stop_id": "FR:27375:ZE:1118775:ATOUMOD040", "stop_name": "Lycée Jean-Baptiste Décretot", "route_ids": ["ATOUMOD040:Line:1003277:LOC"]}}, {"type": "Feature", "geometry": {"type": "Point", "coordinates": [1.155809, 49.209088]}, "properties": {"stop_id": "FR:27375:ZE:1118777:ATOUMOD040", "stop_name": "Lycée Les Fontenelles", "route_ids": ["ATOUMOD040:Line:1003277:LOC", "ATOUMOD040:Line:1003294:LOC"]}}, {"type": "Feature", "geometry": {"type": "Point", "coordinates": [1.167509, 49.223649]}, "properties": {"stop_id": "FR:27375:ZE:1118779:ATOUMOD040", "stop_name": "Rue De Lattre de Tassigny", "route_ids": ["ATOUMOD040:Line:1003279:LOC"]}}, {"type": "Feature", "geometry": {"type": "Point", "coordinates": [1.17171, 49.215695]}, "properties": {"stop_id": "FR:27375:ZE:1118781:ATOUMOD040", "stop_name": "Porte de l'Eau", "route_ids": ["ATOUMOD040:Line:1006979:LOC", "ATOUMOD040:Line:1003294:LOC"]}}, {"type": "Feature", "geometry": {"type": "Point", "coordinates": [1.172021, 49.215763]}, "properties": {"stop_id": "FR:27375:ZE:1178259:ATOUMOD040", "stop_name": "Porte de l'Eau", "route_ids": ["ATOUMOD040:Line:1006979:LOC"]}}, {"type": "Feature", "geometry": {"type": "Point", "coordinates": [1.172942, 49.215616]}, "properties": {"stop_id": "FR:27375:ZE:1179295:ATOUMOD040", "stop_name": "Porte de l'Eau (Report Anciens Combattants)", "route_ids": ["ATOUMOD040:Line:1003276:LOC", "ATOUMOD040:Line:1003294:LOC"]}}, {"type": "Feature", "geometry": {"type": "Point", "coordinates": [1.173826, 49.216053]}, "properties": {"stop_id": "FR:27375:ZE:1179296:ATOUMOD040", "stop_name": "Porte de l'Eau (Report Anciens Combattants)", "route_ids": ["ATOUMOD040:Line:1003294:LOC", "ATOUMOD040:Line:1003276:LOC"]}}, {"type": "Feature", "geometry": {"type": "Point", "coordinates": [1.167563, 49.215063]}, "properties": {"stop_id": "FR:27375:ZE:1118787:ATOUMOD040", "stop_name": "Boulevard Joffre", "route_ids": ["ATOUMOD040:Line:1003277:LOC", "ATOUMOD040:Line:1003279:LOC", "ATOUMOD040:Line:1003294:LOC"]}}, {"type": "Feature", "geometry": {"type": "Point", "coordinates": [1.474521, 49.3994]}, "properties": {"stop_id": "FR:27377:ZE:1118791:ATOUMOD040", "stop_name": "École", "route_ids": ["ATOUMOD040:Line:1003296:LOC"]}}, {"type": "Feature", "geometry": {"type": "Point", "coordinates": [1.44372, 49.403587]}, "properties": {"stop_id": "FR:27377:ZE:1118799:ATOUMOD040", "stop_name": "Les Taisnieres", "route_ids": ["ATOUMOD040:Line:1003296:LOC"]}}, {"type": "Feature", "geometry": {"type": "Point", "coordinates": [1.477289, 49.401361]}, "properties": {"stop_id": "FR:27377:ZE:1118805:ATOUMOD040", "stop_name": "La rigole", "route_ids": ["ATOUMOD040:Line:1003296:LOC"]}}, {"type": "Feature", "geometry": {"type": "Point", "coordinates": [0.322407, 49.368126]}, "properties": {"stop_id": "FR:27384:ZE:1118851:ATOUMOD040", "stop_name": "Les Câtelets", "route_ids": ["ATOUMOD040:Line:1003293:LOC"]}}, {"type": "Feature", "geometry": {"type": "Point", "coordinates": [0.315587, 49.37488]}, "properties": {"stop_id": "FR:27384:ZE:1118857:ATOUMOD040", "stop_name": "Ancien Café / La Croix Gonier", "route_ids": ["ATOUMOD040:Line:1003293:LOC"]}}, {"type": "Feature", "geometry": {"type": "Point", "coordinates": [1.200952, 49.312754]}, "properties": {"stop_id": "FR:27386:ZE:1118869:ATOUMOD040", "stop_name": "Mairie", "route_ids": ["ATOUMOD040:Line:1003299:LOC"]}}, {"type": "Feature", "geometry": {"type": "Point", "coordinates": [0.967745, 49.14863]}, "properties": {"stop_id": "FR:27389:ZE:1180845:ATOUMOD040", "stop_name": "Dumontier Abri", "route_ids": ["ATOUMOD040:Line:1003279:LOC"]}}, {"type": "Feature", "geometry": {"type": "Point", "coordinates": [1.186109, 48.821104]}, "properties": {"stop_id": "FR:27390:ZE:1118923:ATOUMOD040", "stop_name": "Tivoly", "route_ids": ["ATOUMOD040:Line:1003289:LOC"]}}, {"type": "Feature", "geometry": {"type": "Point", "coordinates": [1.186159, 48.821368]}, "properties": {"stop_id": "FR:27390:ZE:1178245:ATOUMOD040", "stop_name": "Tivoly", "route_ids": ["ATOUMOD040:Line:1003289:LOC"]}}, {"type": "Feature", "geometry": {"type": "Point", "coordinates": [1.334944, 48.827209]}, "properties": {"stop_id": "FR:27391:ZE:1118929:ATOUMOD040", "stop_name": "Côteau de Chaumont", "route_ids": ["ATOUMOD040:Line:1003303:LOC"]}}, {"type": "Feature", "geometry": {"type": "Point", "coordinates": [1.346111, 48.825503]}, "properties": {"stop_id": "FR:27391:ZE:1118933:ATOUMOD040", "stop_name": "Église", "route_ids": ["ATOUMOD040:Line:1003303:LOC"]}}, {"type": "Feature", "geometry": {"type": "Point", "coordinates": [1.065527, 49.290342]}, "properties": {"stop_id": "FR:27394:ZE:1118945:ATOUMOD040", "stop_name": "Lotissement Saint Nicolas", "route_ids": ["ATOUMOD040:Line:1003277:LOC"]}}, {"type": "Feature", "geometry": {"type": "Point", "coordinates": [1.366917, 49.033282]}, "properties": {"stop_id": "FR:27397:ZE:1118979:ATOUMOD040", "stop_name": "Place", "route_ids": ["ATOUMOD040:Line:1003284:LOC"]}}, {"type": "Feature", "geometry": {"type": "Point", "coordinates": [1.302462, 48.772454]}, "properties": {"stop_id": "FR:27406:ZE:1119027:ATOUMOD040", "stop_name": "Château Place", "route_ids": ["ATOUMOD040:Line:1003289:LOC"]}}, {"type": "Feature", "geometry": {"type": "Point", "coordinates": [1.496583, 49.185049]}, "properties": {"stop_id": "FR:27408:ZE:1119047:ATOUMOD040", "stop_name": "Nézé", "route_ids": ["ATOUMOD040:Line:1003281:LOC", "ATOUMOD040:Line:1003284:LOC"]}}, {"type": "Feature", "geometry": {"type": "Point", "coordinates": [1.50415, 49.171261]}, "properties": {"stop_id": "FR:27408:ZE:1119049:ATOUMOD040", "stop_name": "Église", "route_ids": ["ATOUMOD040:Line:1003284:LOC"]}}, {"type": "Feature", "geometry": {"type": "Point", "coordinates": [1.515963, 49.171459]}, "properties": {"stop_id": "FR:27408:ZE:1119053:ATOUMOD040", "stop_name": "Surcy l'Huis", "route_ids": ["ATOUMOD040:Line:1003284:LOC"]}}, {"type": "Feature", "geometry": {"type": "Point", "coordinates": [1.086503, 49.236137]}, "properties": {"stop_id": "FR:27412:ZE:1119069:ATOUMOD040", "stop_name": "MONTAURE - Carrefour", "route_ids": ["ATOUMOD040:Line:1003277:LOC"]}}, {"type": "Feature", "geometry": {"type": "Point", "coordinates": [1.086471, 49.235808]}, "properties": {"stop_id": "FR:27412:ZE:1180568:ATOUMOD040", "stop_name": "MONTAURE - Carrefour", "route_ids": ["ATOUMOD040:Line:1003277:LOC"]}}, {"type": "Feature", "geometry": {"type": "Point", "coordinates": [1.086479, 49.23585]}, "properties": {"stop_id": "FR:27412:ZE:1180567:ATOUMOD040", "stop_name": "MONTAURE - Carrefour", "route_ids": ["ATOUMOD040:Line:1003277:LOC"]}}, {"type": "Feature", "geometry": {"type": "Point", "coordinates": [1.11268, 49.234989]}, "properties": {"stop_id": "FR:27412:ZE:1119071:ATOUMOD040", "stop_name": "MONTAURE - Les Fosses", "route_ids": ["ATOUMOD040:Line:1003277:LOC"]}}, {"type": "Feature", "geometry": {"type": "Point", "coordinates": [1.722515, 49.27366]}, "properties": {"stop_id": "FR:27426:ZE:1119213:ATOUMOD040", "stop_name": "Église", "route_ids": ["ATOUMOD040:Line:1003282:LOC", "ATOUMOD040:Line:1003284:LOC"]}}, {"type": "Feature", "geometry": {"type": "Point", "coordinates": [1.72297, 49.273719]}, "properties": {"stop_id": "FR:27426:ZE:1178201:ATOUMOD040", "stop_name": "Église", "route_ids": ["ATOUMOD040:Line:1003282:LOC", "ATOUMOD040:Line:1003284:LOC"]}}, {"type": "Feature", "geometry": {"type": "Point", "coordinates": [1.734608, 49.283355]}, "properties": {"stop_id": "FR:27426:ZE:1119215:ATOUMOD040", "stop_name": "Les Bosquets", "route_ids": ["ATOUMOD040:Line:1003280:LOC", "ATOUMOD040:Line:1003282:LOC", "ATOUMOD040:Line:1003297:LOC"]}}, {"type": "Feature", "geometry": {"type": "Point", "coordinates": [1.736623, 49.282975]}, "properties": {"stop_id": "FR:27426:ZE:1178200:ATOUMOD040", "stop_name": "Les Bosquets", "route_ids": ["ATOUMOD040:Line:1003282:LOC", "ATOUMOD040:Line:1003297:LOC"]}}, {"type": "Feature", "geometry": {"type": "Point", "coordinates": [0.73854, 48.86253]}, "properties": {"stop_id": "FR:27427:ZE:1119231:ATOUMOD040", "stop_name": "RD830 Guerin", "route_ids": ["ATOUMOD040:Line:1003292:LOC"]}}, {"type": "Feature", "geometry": {"type": "Point", "coordinates": [0.91004, 49.150472]}, "properties": {"stop_id": "FR:27428:ZE:1119241:ATOUMOD040", "stop_name": "Office tourisme", "route_ids": ["ATOUMOD040:Line:1003279:LOC", "ATOUMOD040:Line:1003293:LOC"]}}, {"type": "Feature", "geometry": {"type": "Point", "coordinates": [0.899988, 49.148142]}, "properties": {"stop_id": "FR:27428:ZE:1119245:ATOUMOD040", "stop_name": "Vieux Château", "route_ids": ["ATOUMOD040:Line:1003293:LOC"]}}, {"type": "Feature", "geometry": {"type": "Point", "coordinates": [0.749063, 48.907663]}, "properties": {"stop_id": "FR:27431:ZE:1119267:ATOUMOD040", "stop_name": "Plc de l'Eglise", "route_ids": ["ATOUMOD040:Line:1003292:LOC"]}}, {"type": "Feature", "geometry": {"type": "Point", "coordinates": [0.7493, 48.901783]}, "properties": {"stop_id": "FR:27685:ZE:1119273:ATOUMOD040", "stop_name": "RD830 x Amitié", "route_ids": ["ATOUMOD040:Line:1003292:LOC"]}}, {"type": "Feature", "geometry": {"type": "Point", "coordinates": [0.51632, 49.266824]}, "properties": {"stop_id": "FR:27435:ZE:1119291:ATOUMOD040", "stop_name": "Mairie", "route_ids": ["ATOUMOD040:Line:1003295:LOC"]}}, {"type": "Feature", "geometry": {"type": "Point", "coordinates": [1.195723, 48.773067]}, "properties": {"stop_id": "FR:27438:ZE:1119317:ATOUMOD040", "stop_name": "Rue de la Gare", "route_ids": ["ATOUMOD040:Line:1003289:LOC"]}}, {"type": "Feature", "geometry": {"type": "Point", "coordinates": [1.195832, 48.77309]}, "properties": {"stop_id": "FR:27438:ZE:1178246:ATOUMOD040", "stop_name": "Rue de la Gare", "route_ids": ["ATOUMOD040:Line:1003289:LOC"]}}, {"type": "Feature", "geometry": {"type": "Point", "coordinates": [1.219503, 48.763964]}, "properties": {"stop_id": "FR:27438:ZE:1119323:ATOUMOD040", "stop_name": "Espérance", "route_ids": ["ATOUMOD040:Line:1003289:LOC"]}}, {"type": "Feature", "geometry": {"type": "Point", "coordinates": [1.219397, 48.764068]}, "properties": {"stop_id": "FR:27438:ZE:1178247:ATOUMOD040", "stop_name": "Espérance", "route_ids": ["ATOUMOD040:Line:1003289:LOC"]}}, {"type": "Feature", "geometry": {"type": "Point", "coordinates": [1.172656, 49.065473]}, "properties": {"stop_id": "FR:27439:ZE:1119331:ATOUMOD040", "stop_name": "Caër", "route_ids": ["ATOUMOD040:Line:1003294:LOC"]}}, {"type": "Feature", "geometry": {"type": "Point", "coordinates": [1.431228, 49.144785]}, "properties": {"stop_id": "FR:27440:ZE:1119339:ATOUMOD040", "stop_name": "Route Vernon", "route_ids": ["ATOUMOD040:Line:1003281:LOC"]}}, {"type": "Feature", "geometry": {"type": "Point", "coordinates": [1.673702, 49.250997]}, "properties": {"stop_id": "FR:27445:ZE:1119357:ATOUMOD040", "stop_name": "RD181", "route_ids": ["ATOUMOD040:Line:1003284:LOC"]}}, {"type": "Feature", "geometry": {"type": "Point", "coordinates": [1.386483, 49.015073]}, "properties": {"stop_id": "FR:27448:ZE:1119403:ATOUMOD040", "stop_name": "PACY-SUR-EURE - Gare routiere", "route_ids": ["ATOUMOD040:Line:1003284:LOC"]}}, {"type": "Feature", "geometry": {"type": "Point", "coordinates": [1.502531, 49.149927]}, "properties": {"stop_id": "FR:27213:ZE:1119437:ATOUMOD040", "stop_name": "PANILLEUSE - 10 Bis rue du Bosc", "route_ids": ["ATOUMOD040:Line:1003284:LOC"]}}, {"type": "Feature", "geometry": {"type": "Point", "coordinates": [1.372893, 49.414646]}, "properties": {"stop_id": "FR:27453:ZE:1119453:ATOUMOD040", "stop_name": "École / Eglise", "route_ids": ["ATOUMOD040:Line:1003296:LOC"]}}, {"type": "Feature", "geometry": {"type": "Point", "coordinates": [1.365742, 49.4268]}, "properties": {"stop_id": "FR:27454:ZE:1119467:ATOUMOD040", "stop_name": "Les Hauts boisés", "route_ids": ["ATOUMOD040:Line:1003296:LOC"]}}, {"type": "Feature", "geometry": {"type": "Point", "coordinates": [1.228712, 49.320743]}, "properties": {"stop_id": "FR:27458:ZE:1119491:ATOUMOD040", "stop_name": "La Poste", "route_ids": ["ATOUMOD040:Line:1003299:LOC"]}}, {"type": "Feature", "geometry": {"type": "Point", "coordinates": [1.221703, 49.318254]}, "properties": {"stop_id": "FR:27458:ZE:1119497:ATOUMOD040", "stop_name": "Charles de Gaulle", "route_ids": ["ATOUMOD040:Line:1003299:LOC"]}}, {"type": "Feature", "geometry": {"type": "Point", "coordinates": [1.121951, 48.952898]}, "properties": {"stop_id": "FR:27464:ZE:1119521:ATOUMOD040", "stop_name": "PLES GROHAN (LE) - Garel Sdf", "route_ids": ["ATOUMOD040:Line:1003291:LOC"]}}, {"type": "Feature", "geometry": {"type": "Point", "coordinates": [0.498779, 49.354422]}, "properties": {"stop_id": "FR:27467:ZE:1119577:ATOUMOD040", "stop_name": "Les Etangs", "route_ids": ["ATOUMOD040:Line:1003293:LOC"]}}, {"type": "Feature", "geometry": {"type": "Point", "coordinates": [0.509727, 49.353861]}, "properties": {"stop_id": "FR:27467:ZE:1119579:ATOUMOD040", "stop_name": "PONT-AUDEMER - Gare Routiere", "route_ids": ["ATOUMOD040:Line:1006959:LOC", "ATOUMOD040:Line:1003293:LOC", "ATOUMOD040:Line:1003295:LOC", "ATOUMOD040:Line:1003302:LOC", "ATOUMOD040:Line:1003305:LOC"]}}, {"type": "Feature", "geometry": {"type": "Point", "coordinates": [0.521329, 49.353261]}, "properties": {"stop_id": "FR:27467:ZE:1119583:ATOUMOD040", "stop_name": "Lycée professionnel Risle Seine", "route_ids": ["ATOUMOD040:Line:1003301:LOC"]}}, {"type": "Feature", "geometry": {"type": "Point", "coordinates": [0.521977, 49.350833]}, "properties": {"stop_id": "FR:27467:ZE:1119585:ATOUMOD040", "stop_name": "Lycée J. Prévert", "route_ids": ["ATOUMOD040:Line:1003293:LOC", "ATOUMOD040:Line:1003295:LOC", "ATOUMOD040:Line:1003301:LOC"]}}, {"type": "Feature", "geometry": {"type": "Point", "coordinates": [0.698761, 49.244699]}, "properties": {"stop_id": "FR:27468:ZE:1119591:ATOUMOD040", "stop_name": "Église", "route_ids": ["ATOUMOD040:Line:1003293:LOC"]}}, {"type": "Feature", "geometry": {"type": "Point", "coordinates": [1.160109, 49.301349]}, "properties": {"stop_id": "FR:27469:ZE:1119595:ATOUMOD040", "stop_name": "College H. Langlois", "route_ids": ["ATOUMOD040:Line:1003294:LOC"]}}, {"type": "Feature", "geometry": {"type": "Point", "coordinates": [1.146199, 49.305209]}, "properties": {"stop_id": "FR:27469:ZE:1119601:ATOUMOD040", "stop_name": "Gendarmerie", "route_ids": ["ATOUMOD040:Line:1003294:LOC"]}}, {"type": "Feature", "geometry": {"type": "Point", "coordinates": [1.412155, 49.165486]}, "properties": {"stop_id": "FR:27473:ZE:1119621:ATOUMOD040", "stop_name": "Ancienne mare", "route_ids": ["ATOUMOD040:Line:1003281:LOC"]}}, {"type": "Feature", "geometry": {"type": "Point", "coordinates": [1.417299, 49.16212]}, "properties": {"stop_id": "FR:27473:ZE:1119623:ATOUMOD040", "stop_name": "La Ferme", "route_ids": ["ATOUMOD040:Line:1003281:LOC"]}}, {"type": "Feature", "geometry": {"type": "Point", "coordinates": [1.40684, 49.169035]}, "properties": {"stop_id": "FR:27473:ZE:1119625:ATOUMOD040", "stop_name": "Mairie", "route_ids": ["ATOUMOD040:Line:1003281:LOC"]}}, {"type": "Feature", "geometry": {"type": "Point", "coordinates": [0.477, 49.3237]}, "properties": {"stop_id": "FR:27476:ZE:1119643:ATOUMOD040", "stop_name": "Place", "route_ids": ["ATOUMOD040:Line:1003302:LOC"]}}, {"type": "Feature", "geometry": {"type": "Point", "coordinates": [1.445027, 49.132627]}, "properties": {"stop_id": "FR:27477:ZE:1119653:ATOUMOD040", "stop_name": "Bourg", "route_ids": ["ATOUMOD040:Line:1003281:LOC"]}}, {"type": "Feature", "geometry": {"type": "Point", "coordinates": [0.877053, 48.731515]}, "properties": {"stop_id": "FR:27481:ZE:1119667:ATOUMOD040", "stop_name": "Mairie", "route_ids": ["ATOUMOD040:Line:1003304:LOC"]}}, {"type": "Feature", "geometry": {"type": "Point", "coordinates": [1.081558, 49.185174]}, "properties": {"stop_id": "FR:27483:ZE:1119689:ATOUMOD040", "stop_name": "Place", "route_ids": ["ATOUMOD040:Line:1003279:LOC"]}}, {"type": "Feature", "geometry": {"type": "Point", "coordinates": [1.009624, 49.107132]}, "properties": {"stop_id": "FR:27486:ZE:1119701:ATOUMOD040", "stop_name": "Église", "route_ids": ["ATOUMOD040:Line:1003293:LOC"]}}, {"type": "Feature", "geometry": {"type": "Point", "coordinates": [1.214151, 49.056417]}, "properties": {"stop_id": "FR:27489:ZE:1119717:ATOUMOD040", "stop_name": "Le Buisson Isabelle", "route_ids": ["ATOUMOD040:Line:1003280:LOC"]}}, {"type": "Feature", "geometry": {"type": "Point", "coordinates": [1.229074, 49.073993]}, "properties": {"stop_id": "FR:27489:ZE:1119721:ATOUMOD040", "stop_name": "RD316", "route_ids": ["ATOUMOD040:Line:1003280:LOC"]}}, {"type": "Feature", "geometry": {"type": "Point", "coordinates": [1.24961, 49.32737]}, "properties": {"stop_id": "FR:27493:ZE:1119761:ATOUMOD040", "stop_name": "Feux Av. Gare", "route_ids": ["ATOUMOD040:Line:1003299:LOC"]}}, {"type": "Feature", "geometry": {"type": "Point", "coordinates": [0.721196, 49.363693]}, "properties": {"stop_id": "FR:27497:ZE:1119783:ATOUMOD040", "stop_name": "Le Tremblay", "route_ids": ["ATOUMOD040:Line:1006959:LOC", "ATOUMOD040:Line:1003301:LOC"]}}, {"type": "Feature", "geometry": {"type": "Point", "coordinates": [0.834151, 49.14747]}, "properties": {"stop_id": "FR:27498:ZE:1119787:ATOUMOD040", "stop_name": "RD137", "route_ids": ["ATOUMOD040:Line:1003293:LOC"]}}, {"type": "Feature", "geometry": {"type": "Point", "coordinates": [1.361373, 49.011555]}, "properties": {"stop_id": "FR:27448:ZE:1119879:ATOUMOD040", "stop_name": "SAINT AQUILIN DE PACY - Ledoux", "route_ids": ["ATOUMOD040:Line:1003284:LOC"]}}, {"type": "Feature", "geometry": {"type": "Point", "coordinates": [1.361361, 49.011532]}, "properties": {"stop_id": "FR:27448:ZE:1180785:ATOUMOD040", "stop_name": "SAINT-AQUILIN-DE-PACY - Ledoux", "route_ids": ["ATOUMOD040:Line:1003284:LOC"]}}, {"type": "Feature", "geometry": {"type": "Point", "coordinates": [1.374924, 49.011645]}, "properties": {"stop_id": "FR:27448:ZE:1119881:ATOUMOD040", "stop_name": "SAINT AQUILIN DE PACY - Mairie", "route_ids": ["ATOUMOD040:Line:1003284:LOC"]}}, {"type": "Feature", "geometry": {"type": "Point", "coordinates": [1.374923, 49.011625]}, "properties": {"stop_id": "FR:27448:ZE:1180786:ATOUMOD040", "stop_name": "SAINT-AQUILIN-DE-PACY - Mairie", "route_ids": ["ATOUMOD040:Line:1003284:LOC"]}}, {"type": "Feature", "geometry": {"type": "Point", "coordinates": [0.995843, 49.144775]}, "properties": {"stop_id": "FR:27511:ZE:1119885:ATOUMOD040", "stop_name": "École", "route_ids": ["ATOUMOD040:Line:1003279:LOC"]}}, {"type": "Feature", "geometry": {"type": "Point", "coordinates": [1.585781, 49.083344]}, "properties": {"stop_id": "FR:27540:ZE:1120093:ATOUMOD040", "stop_name": "D5 Route de la Chapelle", "route_ids": ["ATOUMOD040:Line:1003282:LOC"]}}, {"type": "Feature", "geometry": {"type": "Point", "coordinates": [1.585602, 49.083379]}, "properties": {"stop_id": "FR:27540:ZE:1178207:ATOUMOD040", "stop_name": "D5 Route de la Chapelle", "route_ids": ["ATOUMOD040:Line:1003282:LOC"]}}, {"type": "Feature", "geometry": {"type": "Point", "coordinates": [1.138252, 49.090358]}, "properties": {"stop_id": "FR:27546:ZE:1120123:ATOUMOD040", "stop_name": "Rue de l'Iton", "route_ids": ["ATOUMOD040:Line:1003294:LOC"]}}, {"type": "Feature", "geometry": {"type": "Point", "coordinates": [1.263563, 48.764883]}, "properties": {"stop_id": "FR:27548:ZE:1120127:ATOUMOD040", "stop_name": "Ecole", "route_ids": ["ATOUMOD040:Line:1003289:LOC"]}}, {"type": "Feature", "geometry": {"type": "Point", "coordinates": [1.263713, 48.765034]}, "properties": {"stop_id": "FR:27548:ZE:1178428:ATOUMOD040", "stop_name": "Ecole", "route_ids": ["ATOUMOD040:Line:1003289:LOC"]}}, {"type": "Feature", "geometry": {"type": "Point", "coordinates": [0.492045, 49.353304]}, "properties": {"stop_id": "FR:27467:ZE:1120143:ATOUMOD040", "stop_name": "ST-GERMAIN-VILLAGE - Petits Coteaux", "route_ids": ["ATOUMOD040:Line:1003293:LOC"]}}, {"type": "Feature", "geometry": {"type": "Point", "coordinates": [1.291746, 49.139866]}, "properties": {"stop_id": "FR:27553:ZE:1120171:ATOUMOD040", "stop_name": "Bois Abbé", "route_ids": ["ATOUMOD040:Line:1003280:LOC"]}}, {"type": "Feature", "geometry": {"type": "Point", "coordinates": [1.440474, 49.108601]}, "properties": {"stop_id": "FR:27554:ZE:1120179:ATOUMOD040", "stop_name": "SAINTJUST - Mairie", "route_ids": ["ATOUMOD040:Line:1003281:LOC"]}}, {"type": "Feature", "geometry": {"type": "Point", "coordinates": [0.409486, 49.364951]}, "properties": {"stop_id": "FR:27561:ZE:1120215:ATOUMOD040", "stop_name": "Bourg / L'Escale", "route_ids": ["ATOUMOD040:Line:1003293:LOC", "ATOUMOD040:Line:1003305:LOC"]}}, {"type": "Feature", "geometry": {"type": "Point", "coordinates": [0.910451, 49.35355]}, "properties": {"stop_id": "FR:27580:ZE:1120381:ATOUMOD040", "stop_name": "La Chouque", "route_ids": ["ATOUMOD040:Line:1006959:LOC", "ATOUMOD040:Line:1003275:LOC", "ATOUMOD040:Line:1003301:LOC"]}}, {"type": "Feature", "geometry": {"type": "Point", "coordinates": [0.91043, 49.353644]}, "properties": {"stop_id": "FR:27133:ZE:1178208:ATOUMOD040", "stop_name": "La Chouque", "route_ids": ["ATOUMOD040:Line:1006959:LOC"]}}, {"type": "Feature", "geometry": {"type": "Point", "coordinates": [0.930512, 49.343527]}, "properties": {"stop_id": "FR:76391:ZE:1120389:ATOUMOD040", "stop_name": "Maison Brulée", "route_ids": ["ATOUMOD040:Line:1003275:LOC"]}}, {"type": "Feature", "geometry": {"type": "Point", "coordinates": [0.951325, 49.294423]}, "properties": {"stop_id": "FR:27582:ZE:1120429:ATOUMOD040", "stop_name": "RD313 Mairie", "route_ids": ["ATOUMOD040:Line:1003278:LOC"]}}, {"type": "Feature", "geometry": {"type": "Point", "coordinates": [1.415882, 49.141737]}, "properties": {"stop_id": "FR:27554:ZE:1120479:ATOUMOD040", "stop_name": "SPA - Le Goulet", "route_ids": ["ATOUMOD040:Line:1003276:LOC", "ATOUMOD040:Line:1003281:LOC"]}}, {"type": "Feature", "geometry": {"type": "Point", "coordinates": [1.437095, 49.119467]}, "properties": {"stop_id": "FR:27554:ZE:1120481:ATOUMOD040", "stop_name": "SPA - Mairie", "route_ids": ["ATOUMOD040:Line:1003281:LOC"]}}, {"type": "Feature", "geometry": {"type": "Point", "coordinates": [1.427751, 49.132404]}, "properties": {"stop_id": "FR:27554:ZE:1120483:ATOUMOD040", "stop_name": "SPA - RD 6015 x Rue aux Vaches", "route_ids": ["ATOUMOD040:Line:1003276:LOC"]}}, {"type": "Feature", "geometry": {"type": "Point", "coordinates": [1.435312, 49.126018]}, "properties": {"stop_id": "FR:27554:ZE:1120485:ATOUMOD040", "stop_name": "SPA - Passage a niveau", "route_ids": ["ATOUMOD040:Line:1003276:LOC"]}}, {"type": "Feature", "geometry": {"type": "Point", "coordinates": [1.396964, 49.146481]}, "properties": {"stop_id": "FR:27599:ZE:1120579:ATOUMOD040", "stop_name": "RD6015 Mairie", "route_ids": ["ATOUMOD040:Line:1003276:LOC"]}}, {"type": "Feature", "geometry": {"type": "Point", "coordinates": [0.523759, 49.282768]}, "properties": {"stop_id": "FR:27603:ZE:1120591:ATOUMOD040", "stop_name": "RD810 x RD625", "route_ids": ["ATOUMOD040:Line:1003295:LOC"]}}, {"type": "Feature", "geometry": {"type": "Point", "coordinates": [1.255648, 49.076405]}, "properties": {"stop_id": "FR:27611:ZE:1120633:ATOUMOD040", "stop_name": "Mesnil Anseaulme", "route_ids": ["ATOUMOD040:Line:1003280:LOC"]}}, {"type": "Feature", "geometry": {"type": "Point", "coordinates": [1.512855, 49.317075]}, "properties": {"stop_id": "FR:27617:ZE:1120657:ATOUMOD040", "stop_name": "Mairie", "route_ids": ["ATOUMOD040:Line:1003280:LOC", "ATOUMOD040:Line:1003297:LOC"]}}, {"type": "Feature", "geometry": {"type": "Point", "coordinates": [1.512802, 49.317121]}, "properties": {"stop_id": "FR:27617:ZE:1178218:ATOUMOD040", "stop_name": "Mairie", "route_ids": ["ATOUMOD040:Line:1003297:LOC"]}}, {"type": "Feature", "geometry": {"type": "Point", "coordinates": [0.830576, 48.967339]}, "properties": {"stop_id": "FR:27618:ZE:1120675:ATOUMOD040", "stop_name": "Rte Fidelaire", "route_ids": ["ATOUMOD040:Line:1003292:LOC"]}}, {"type": "Feature", "geometry": {"type": "Point", "coordinates": [1.05557, 49.20624]}, "properties": {"stop_id": "FR:27623:ZE:1120721:ATOUMOD040", "stop_name": "La Mare", "route_ids": ["ATOUMOD040:Line:1003277:LOC"]}}, {"type": "Feature", "geometry": {"type": "Point", "coordinates": [1.111161, 49.194659]}, "properties": {"stop_id": "FR:27624:ZE:1120723:ATOUMOD040", "stop_name": "RD133 x Petel", "route_ids": ["ATOUMOD040:Line:1003279:LOC"]}}, {"type": "Feature", "geometry": {"type": "Point", "coordinates": [1.556116, 49.311261]}, "properties": {"stop_id": "FR:27632:ZE:1120773:ATOUMOD040", "stop_name": "École", "route_ids": ["ATOUMOD040:Line:1003280:LOC", "ATOUMOD040:Line:1003297:LOC"]}}, {"type": "Feature", "geometry": {"type": "Point", "coordinates": [1.556095, 49.311354]}, "properties": {"stop_id": "FR:27632:ZE:1178219:ATOUMOD040", "stop_name": "École", "route_ids": ["ATOUMOD040:Line:1003297:LOC"]}}, {"type": "Feature", "geometry": {"type": "Point", "coordinates": [1.189705, 48.902812]}, "properties": {"stop_id": "FR:27032:ZE:1120791:ATOUMOD040", "stop_name": "THOMER LA S. - Le Failly", "route_ids": ["ATOUMOD040:Line:1003291:LOC"]}}, {"type": "Feature", "geometry": {"type": "Point", "coordinates": [1.168883, 48.909138]}, "properties": {"stop_id": "FR:27032:ZE:1120795:ATOUMOD040", "stop_name": "THOMER LA S. - RD 6154 Parking", "route_ids": ["ATOUMOD040:Line:1003291:LOC", "ATOUMOD040:Line:1003289:LOC"]}}, {"type": "Feature", "geometry": {"type": "Point", "coordinates": [1.169049, 48.909138]}, "properties": {"stop_id": "FR:27032:ZE:1178244:ATOUMOD040", "stop_name": "THOMER LA S. - RD 6154 Parking", "route_ids": ["ATOUMOD040:Line:1003289:LOC"]}}, {"type": "Feature", "geometry": {"type": "Point", "coordinates": [1.520211, 49.14293]}, "properties": {"stop_id": "FR:27644:ZE:1120853:ATOUMOD040", "stop_name": "Les Ruelles", "route_ids": ["ATOUMOD040:Line:1003284:LOC"]}}, {"type": "Feature", "geometry": {"type": "Point", "coordinates": [1.111004, 49.259002]}, "properties": {"stop_id": "FR:27412:ZE:1120869:ATOUMOD040", "stop_name": "TOSTES - Centre", "route_ids": ["ATOUMOD040:Line:1003277:LOC"]}}, {"type": "Feature", "geometry": {"type": "Point", "coordinates": [1.545741, 49.185032]}, "properties": {"stop_id": "FR:27213:ZE:1120889:ATOUMOD040", "stop_name": "TOURNY - Place de l'église", "route_ids": ["ATOUMOD040:Line:1003281:LOC", "ATOUMOD040:Line:1003284:LOC"]}}, {"type": "Feature", "geometry": {"type": "Point", "coordinates": [0.504765, 49.331621]}, "properties": {"stop_id": "FR:27655:ZE:1120899:ATOUMOD040", "stop_name": "Rd139 x Route des Selles", "route_ids": ["ATOUMOD040:Line:1003302:LOC"]}}, {"type": "Feature", "geometry": {"type": "Point", "coordinates": [0.461844, 49.363901]}, "properties": {"stop_id": "FR:27656:ZE:1120911:ATOUMOD040", "stop_name": "Mairie", "route_ids": ["ATOUMOD040:Line:1003293:LOC"]}}, {"type": "Feature", "geometry": {"type": "Point", "coordinates": [0.757847, 49.301038]}, "properties": {"stop_id": "FR:27089:ZE:1120917:ATOUMOD040", "stop_name": "TOUVILLE SUR MONTFORT - Mairie", "route_ids": ["ATOUMOD040:Line:1003278:LOC"]}}, {"type": "Feature", "geometry": {"type": "Point", "coordinates": [0.875446, 49.358666]}, "properties": {"stop_id": "FR:27661:ZE:1120937:ATOUMOD040", "stop_name": "RD675", "route_ids": ["ATOUMOD040:Line:1006959:LOC", "ATOUMOD040:Line:1003275:LOC", "ATOUMOD040:Line:1003301:LOC"]}}, {"type": "Feature", "geometry": {"type": "Point", "coordinates": [0.87582, 49.358559]}, "properties": {"stop_id": "FR:27661:ZE:1178181:ATOUMOD040", "stop_name": "RD675", "route_ids": ["ATOUMOD040:Line:1006959:LOC"]}}, {"type": "Feature", "geometry": {"type": "Point", "coordinates": [1.451322, 49.426699]}, "properties": {"stop_id": "FR:27664:ZE:1120973:ATOUMOD040", "stop_name": "La Grand Fray - Salle des fetes", "route_ids": ["ATOUMOD040:Line:1003296:LOC"]}}, {"type": "Feature", "geometry": {"type": "Point", "coordinates": [1.478532, 49.425597]}, "properties": {"stop_id": "FR:27664:ZE:1120977:ATOUMOD040", "stop_name": "Mairie", "route_ids": ["ATOUMOD040:Line:1003296:LOC"]}}, {"type": "Feature", "geometry": {"type": "Point", "coordinates": [1.037159, 49.171293]}, "properties": {"stop_id": "FR:27677:ZE:1121053:ATOUMOD040", "stop_name": "RD133", "route_ids": ["ATOUMOD040:Line:1003279:LOC"]}}, {"type": "Feature", "geometry": {"type": "Point", "coordinates": [1.037048, 49.171413]}, "properties": {"stop_id": "FR:27677:ZE:1179469:ATOUMOD040", "stop_name": "RD133", "route_ids": ["ATOUMOD040:Line:1003279:LOC"]}}, {"type": "Feature", "geometry": {"type": "Point", "coordinates": [1.086294, 48.949592]}, "properties": {"stop_id": "FR:27678:ZE:1121065:ATOUMOD040", "stop_name": "Mairie", "route_ids": ["ATOUMOD040:Line:1003291:LOC"]}}, {"type": "Feature", "geometry": {"type": "Point", "coordinates": [1.075421, 48.944686]}, "properties": {"stop_id": "FR:27678:ZE:1121067:ATOUMOD040", "stop_name": "Haut Bois N°3 Bis", "route_ids": ["ATOUMOD040:Line:1003291:LOC"]}}, {"type": "Feature", "geometry": {"type": "Point", "coordinates": [1.082806, 48.956356]}, "properties": {"stop_id": "FR:27678:ZE:1121071:ATOUMOD040", "stop_name": "Le Hamel", "route_ids": ["ATOUMOD040:Line:1003291:LOC"]}}, {"type": "Feature", "geometry": {"type": "Point", "coordinates": [0.913515, 48.740476]}, "properties": {"stop_id": "FR:27679:ZE:1121099:ATOUMOD040", "stop_name": "VERNEUIL SUR AVRE - Lycée Porte de Normandie", "route_ids": ["ATOUMOD040:Line:1003304:LOC"]}}, {"type": "Feature", "geometry": {"type": "Point", "coordinates": [1.484913, 49.089966]}, "properties": {"stop_id": "FR:27681:ZE:1121111:ATOUMOD040", "stop_name": "République (Gare Routiere)", "route_ids": ["ATOUMOD040:Line:1003276:LOC", "ATOUMOD040:Line:1003281:LOC", "ATOUMOD040:Line:1003282:LOC", "ATOUMOD040:Line:1003284:LOC"]}}, {"type": "Feature", "geometry": {"type": "Point", "coordinates": [1.476522, 49.081274]}, "properties": {"stop_id": "FR:27681:ZE:1121119:ATOUMOD040", "stop_name": "Lycée Dumézil", "route_ids": ["ATOUMOD040:Line:1003282:LOC"]}}, {"type": "Feature", "geometry": {"type": "Point", "coordinates": [1.479016, 49.090997]}, "properties": {"stop_id": "FR:27681:ZE:1121125:ATOUMOD040", "stop_name": "Gare Sncf", "route_ids": ["ATOUMOD040:Line:1003282:LOC"]}}, {"type": "Feature", "geometry": {"type": "Point", "coordinates": [1.651222, 49.241893]}, "properties": {"stop_id": "FR:27682:ZE:1121127:ATOUMOD040", "stop_name": "Ecole - Parking Clg Lycée", "route_ids": ["ATOUMOD040:Line:1003284:LOC"]}}, {"type": "Feature", "geometry": {"type": "Point", "coordinates": [1.401584, 49.231554]}, "properties": {"stop_id": "FR:27683:ZE:1121129:ATOUMOD040", "stop_name": "Le Hamel", "route_ids": ["ATOUMOD040:Line:1003280:LOC", "ATOUMOD040:Line:1003281:LOC", "ATOUMOD040:Line:1003283:LOC"]}}, {"type": "Feature", "geometry": {"type": "Point", "coordinates": [1.400209, 49.226049]}, "properties": {"stop_id": "FR:27683:ZE:1121131:ATOUMOD040", "stop_name": "Mairie", "route_ids": ["ATOUMOD040:Line:1003280:LOC", "ATOUMOD040:Line:1003281:LOC", "ATOUMOD040:Line:1003283:LOC"]}}, {"type": "Feature", "geometry": {"type": "Point", "coordinates": [0.749906, 48.917694]}, "properties": {"stop_id": "FR:27685:ZE:1121147:ATOUMOD040", "stop_name": "École", "route_ids": ["ATOUMOD040:Line:1003292:LOC"]}}, {"type": "Feature", "geometry": {"type": "Point", "coordinates": [0.756844, 48.916336]}, "properties": {"stop_id": "FR:27685:ZE:1121157:ATOUMOD040", "stop_name": "Croix Pierre", "route_ids": ["ATOUMOD040:Line:1003292:LOC"]}}, {"type": "Feature", "geometry": {"type": "Point", "coordinates": [1.288375, 49.170453]}, "properties": {"stop_id": "FR:27022:ZE:1121171:ATOUMOD040", "stop_name": "VIEUX-VILLEZ - RD6015", "route_ids": ["ATOUMOD040:Line:1003276:LOC"]}}, {"type": "Feature", "geometry": {"type": "Point", "coordinates": [1.085461, 48.930058]}, "properties": {"stop_id": "FR:27693:ZE:1121197:ATOUMOD040", "stop_name": "Bochelle", "route_ids": ["ATOUMOD040:Line:1003291:LOC"]}}, {"type": "Feature", "geometry": {"type": "Point", "coordinates": [1.100871, 48.904657]}, "properties": {"stop_id": "FR:27693:ZE:1121199:ATOUMOD040", "stop_name": "Buis. C. - rte - Evreux", "route_ids": ["ATOUMOD040:Line:1003291:LOC"]}}, {"type": "Feature", "geometry": {"type": "Point", "coordinates": [1.09431, 48.90518]}, "properties": {"stop_id": "FR:27693:ZE:1121201:ATOUMOD040", "stop_name": "Buis. C. Mare Michaux", "route_ids": ["ATOUMOD040:Line:1003291:LOC"]}}, {"type": "Feature", "geometry": {"type": "Point", "coordinates": [1.090863, 48.88717]}, "properties": {"stop_id": "FR:27693:ZE:1121205:ATOUMOD040", "stop_name": "Coulonges", "route_ids": ["ATOUMOD040:Line:1003291:LOC"]}}, {"type": "Feature", "geometry": {"type": "Point", "coordinates": [0.769116, 49.281204]}, "properties": {"stop_id": "FR:27699:ZE:1121259:ATOUMOD040", "stop_name": "Mairie", "route_ids": ["ATOUMOD040:Line:1003278:LOC"]}}, {"type": "Feature", "geometry": {"type": "Point", "coordinates": [1.223982, 49.275192]}, "properties": {"stop_id": "FR:27701:ZE:1121265:ATOUMOD040", "stop_name": "Gare SNCF", "route_ids": ["ATOUMOD040:Line:1003279:LOC", "ATOUMOD040:Line:1003294:LOC"]}}, {"type": "Feature", "geometry": {"type": "Point", "coordinates": [1.202183, 49.268021]}, "properties": {"stop_id": "FR:27701:ZE:1121273:ATOUMOD040", "stop_name": "Lycée Marc Bloch", "route_ids": ["ATOUMOD040:Line:1003294:LOC"]}}, {"type": "Feature", "geometry": {"type": "Point", "coordinates": [1.212074, 49.270245]}, "properties": {"stop_id": "FR:27701:ZE:1121275:ATOUMOD040", "stop_name": "Relais bus", "route_ids": ["ATOUMOD040:Line:1003294:LOC"]}}, {"type": "Feature", "geometry": {"type": "Point", "coordinates": [1.439251, 48.85815]}, "properties": {"stop_id": "FR:28007:ZE:1121281:ATOUMOD040", "stop_name": "Château", "route_ids": ["ATOUMOD040:Line:1003303:LOC"]}}, {"type": "Feature", "geometry": {"type": "Point", "coordinates": [1.37186, 48.732165]}, "properties": {"stop_id": "FR:28134:ZE:1121289:ATOUMOD040", "stop_name": "Gare Routiere", "route_ids": ["ATOUMOD040:Line:1009929:LOC", "ATOUMOD040:Line:1003289:LOC"]}}, {"type": "Feature", "geometry": {"type": "Point", "coordinates": [1.228173, 48.762891]}, "properties": {"stop_id": "FR:27438:ZE:1121301:ATOUMOD040", "stop_name": "Agglo Océane", "route_ids": ["ATOUMOD040:Line:1003289:LOC"]}}, {"type": "Feature", "geometry": {"type": "Point", "coordinates": [1.227365, 48.763077]}, "properties": {"stop_id": "FR:28359:ZE:1178248:ATOUMOD040", "stop_name": "Agglo Océane", "route_ids": ["ATOUMOD040:Line:1003289:LOC"]}}, {"type": "Feature", "geometry": {"type": "Point", "coordinates": [0.728473, 48.754207]}, "properties": {"stop_id": "FR:61092:ZE:1121327:ATOUMOD040", "stop_name": "Place de l'Église", "route_ids": ["ATOUMOD040:Line:1003304:LOC"]}}, {"type": "Feature", "geometry": {"type": "Point", "coordinates": [0.630672, 48.76266]}, "properties": {"stop_id": "FR:61214:ZE:1121331:ATOUMOD040", "stop_name": "College Foch", "route_ids": ["ATOUMOD040:Line:1003304:LOC"]}}, {"type": "Feature", "geometry": {"type": "Point", "coordinates": [0.628867, 48.765736]}, "properties": {"stop_id": "FR:61214:ZE:1121333:ATOUMOD040", "stop_name": "Place du 19 mars", "route_ids": ["ATOUMOD040:Line:1003292:LOC"]}}, {"type": "Feature", "geometry": {"type": "Point", "coordinates": [0.674219, 48.792086]}, "properties": {"stop_id": "FR:61423:ZE:1121341:ATOUMOD040", "stop_name": "École", "route_ids": ["ATOUMOD040:Line:1003292:LOC"]}}, {"type": "Feature", "geometry": {"type": "Point", "coordinates": [1.126765, 49.421598]}, "properties": {"stop_id": "FR:76103:ZE:1121359:ATOUMOD040", "stop_name": "Mairie de Bonsecours", "route_ids": ["ATOUMOD040:Line:1003297:LOC"]}}, {"type": "Feature", "geometry": {"type": "Point", "coordinates": [1.018806, 49.284761]}, "properties": {"stop_id": "FR:76165:ZE:1121367:ATOUMOD040", "stop_name": "Église", "route_ids": ["ATOUMOD040:Line:1003277:LOC"]}}, {"type": "Feature", "geometry": {"type": "Point", "coordinates": [1.022139, 49.287168]}, "properties": {"stop_id": "FR:76165:ZE:1121371:ATOUMOD040", "stop_name": "Cedre", "route_ids": ["ATOUMOD040:Line:1003294:LOC"]}}, {"type": "Feature", "geometry": {"type": "Point", "coordinates": [1.013592, 49.290184]}, "properties": {"stop_id": "FR:76231:ZE:1121379:ATOUMOD040", "stop_name": "Champ de Foire", "route_ids": ["ATOUMOD040:Line:1003275:LOC", "ATOUMOD040:Line:1003277:LOC", "ATOUMOD040:Line:1003278:LOC", "ATOUMOD040:Line:1003294:LOC"]}}, {"type": "Feature", "geometry": {"type": "Point", "coordinates": [1.004227, 49.286669]}, "properties": {"stop_id": "FR:76231:ZE:1121389:ATOUMOD040", "stop_name": "Lycée Ferdinand Buisson", "route_ids": ["ATOUMOD040:Line:1003275:LOC", "ATOUMOD040:Line:1003277:LOC", "ATOUMOD040:Line:1003278:LOC"]}}, {"type": "Feature", "geometry": {"type": "Point", "coordinates": [1.141501, 49.407408]}, "properties": {"stop_id": "FR:76429:ZE:1121413:ATOUMOD040", "stop_name": "Lycée La Providence", "route_ids": ["ATOUMOD040:Line:1003297:LOC", "ATOUMOD040:Line:1003299:LOC"]}}, {"type": "Feature", "geometry": {"type": "Point", "coordinates": [1.142468, 49.409945]}, "properties": {"stop_id": "FR:76429:ZE:1121415:ATOUMOD040", "stop_name": "Rue de Belbeuf", "route_ids": ["ATOUMOD040:Line:1003297:LOC", "ATOUMOD040:Line:1003298:LOC", "ATOUMOD040:Line:1003299:LOC"]}}, {"type": "Feature", "geometry": {"type": "Point", "coordinates": [1.142609, 49.409964]}, "properties": {"stop_id": "FR:76429:ZE:1178134:ATOUMOD040", "stop_name": "Rue de Belbeuf", "route_ids": ["ATOUMOD040:Line:1003298:LOC"]}}, {"type": "Feature", "geometry": {"type": "Point", "coordinates": [1.064252, 49.387282]}, "properties": {"stop_id": "FR:76575:ZE:1121429:ATOUMOD040", "stop_name": "Lycée Le Corbusier (Madrillet)", "route_ids": ["ATOUMOD040:Line:1006979:LOC"]}}, {"type": "Feature", "geometry": {"type": "Point", "coordinates": [1.040013, 49.278986]}, "properties": {"stop_id": "FR:76640:ZE:1121433:ATOUMOD040", "stop_name": "College Jacques-Émile Blanche", "route_ids": ["ATOUMOD040:Line:1003277:LOC"]}}, {"type": "Feature", "geometry": {"type": "Point", "coordinates": [1.653719, 49.137728]}, "properties": {"stop_id": "FR:95101:ZE:1121459:ATOUMOD040", "stop_name": "Gare Sncf", "route_ids": ["ATOUMOD040:Line:1003282:LOC"]}}, {"type": "Feature", "geometry": {"type": "Point", "coordinates": [0.720073, 49.358512]}, "properties": {"stop_id": "FR:27497:ZE:1121655:ATOUMOD040", "stop_name": "École", "route_ids": ["ATOUMOD040:Line:1003301:LOC"]}}, {"type": "Feature", "geometry": {"type": "Point", "coordinates": [1.305945, 49.386769]}, "properties": {"stop_id": "FR:27104:ZE:1121683:ATOUMOD040", "stop_name": "Mairie", "route_ids": ["ATOUMOD040:Line:1003065:LOC", "ATOUMOD040:Line:1003298:LOC", "ATOUMOD040:Line:1003297:LOC"]}}, {"type": "Feature", "geometry": {"type": "Point", "coordinates": [1.307169, 49.386517]}, "properties": {"stop_id": "FR:27104:ZE:1178133:ATOUMOD040", "stop_name": "Mairie", "route_ids": ["ATOUMOD040:Line:1003297:LOC", "ATOUMOD040:Line:1003065:LOC", "ATOUMOD040:Line:1003298:LOC"]}}, {"type": "Feature", "geometry": {"type": "Point", "coordinates": [1.159902, 49.398016]}, "properties": {"stop_id": "FR:76069:ZE:1121735:ATOUMOD040", "stop_name": "Lycée Galilée", "route_ids": ["ATOUMOD040:Line:1003065:LOC"]}}, {"type": "Feature", "geometry": {"type": "Point", "coordinates": [1.161569, 49.396218]}, "properties": {"stop_id": "FR:76475:ZE:1178066:ATOUMOD040", "stop_name": "Lycée Galilée", "route_ids": ["ATOUMOD040:Line:1003297:LOC", "ATOUMOD040:Line:1003065:LOC"]}}, {"type": "Feature", "geometry": {"type": "Point", "coordinates": [1.160255, 49.398015]}, "properties": {"stop_id": "FR:76475:ZE:1178067:ATOUMOD040", "stop_name": "Lycée Galilée", "route_ids": ["ATOUMOD040:Line:1003065:LOC"]}}, {"type": "Feature", "geometry": {"type": "Point", "coordinates": [1.013397, 49.36396]}, "properties": {"stop_id": "FR:76319:ZE:1121737:ATOUMOD040", "stop_name": "Lycée Professionnel Fernand Léger", "route_ids": ["ATOUMOD040:Line:1006959:LOC"]}}, {"type": "Feature", "geometry": {"type": "Point", "coordinates": [1.013704, 49.365032]}, "properties": {"stop_id": "FR:76319:ZE:1180614:ATOUMOD040", "stop_name": "Lycée Professionnel Fernand Léger", "route_ids": ["ATOUMOD040:Line:1006959:LOC"]}}, {"type": "Feature", "geometry": {"type": "Point", "coordinates": [0.928942, 48.742375]}, "properties": {"stop_id": "FR:27679:ZE:1121879:ATOUMOD040", "stop_name": "VERNEUIL-SUR-AVRE - Gare Sncf", "route_ids": ["ATOUMOD040:Line:1006979:LOC", "ATOUMOD040:Line:1009929:LOC", "ATOUMOD040:Line:1003291:LOC", "ATOUMOD040:Line:1003304:LOC"]}}, {"type": "Feature", "geometry": {"type": "Point", "coordinates": [1.395999, 49.173903]}, "properties": {"stop_id": "FR:27473:ZE:1121993:ATOUMOD040", "stop_name": "Vieille Côte", "route_ids": ["ATOUMOD040:Line:1003281:LOC"]}}, {"type": "Feature", "geometry": {"type": "Point", "coordinates": [1.450318, 49.130218]}, "properties": {"stop_id": "FR:27477:ZE:1121997:ATOUMOD040", "stop_name": "Champs Robert", "route_ids": ["ATOUMOD040:Line:1003281:LOC"]}}, {"type": "Feature", "geometry": {"type": "Point", "coordinates": [1.454469, 49.126328]}, "properties": {"stop_id": "FR:27477:ZE:1121999:ATOUMOD040", "stop_name": "Le Chesney", "route_ids": ["ATOUMOD040:Line:1003281:LOC"]}}, {"type": "Feature", "geometry": {"type": "Point", "coordinates": [0.88418, 49.356611]}, "properties": {"stop_id": "FR:27580:ZE:1122029:ATOUMOD040", "stop_name": "Le Café", "route_ids": ["ATOUMOD040:Line:1003301:LOC"]}}, {"type": "Feature", "geometry": {"type": "Point", "coordinates": [1.425793, 48.858439]}, "properties": {"stop_id": "FR:28371:ZE:1122131:ATOUMOD040", "stop_name": "Zone Commerciale", "route_ids": ["ATOUMOD040:Line:1003303:LOC"]}}, {"type": "Feature", "geometry": {"type": "Point", "coordinates": [1.378591, 48.844144]}, "properties": {"stop_id": "FR:27193:ZE:1122149:ATOUMOD040", "stop_name": "Rue de la gare", "route_ids": ["ATOUMOD040:Line:1003303:LOC"]}}, {"type": "Feature", "geometry": {"type": "Point", "coordinates": [1.107559, 49.2087]}, "properties": {"stop_id": "FR:27624:ZE:1122179:ATOUMOD040", "stop_name": "La Vacherie", "route_ids": ["ATOUMOD040:Line:1003277:LOC"]}}, {"type": "Feature", "geometry": {"type": "Point", "coordinates": [1.082523, 49.253023]}, "properties": {"stop_id": "FR:27412:ZE:1122181:ATOUMOD040", "stop_name": "TOSTES - La Vallée", "route_ids": ["ATOUMOD040:Line:1003277:LOC"]}}, {"type": "Feature", "geometry": {"type": "Point", "coordinates": [1.088617, 49.224537]}, "properties": {"stop_id": "FR:27412:ZE:1122183:ATOUMOD040", "stop_name": "MONTAURE - Ecrosville", "route_ids": ["ATOUMOD040:Line:1003277:LOC"]}}, {"type": "Feature", "geometry": {"type": "Point", "coordinates": [1.003203, 49.289997]}, "properties": {"stop_id": "FR:76231:ZE:1122185:ATOUMOD040", "stop_name": "Le Coq", "route_ids": ["ATOUMOD040:Line:1003277:LOC"]}}, {"type": "Feature", "geometry": {"type": "Point", "coordinates": [1.170695, 49.399951]}, "properties": {"stop_id": "FR:76475:ZE:1122187:ATOUMOD040", "stop_name": "La Garenne (D6014)", "route_ids": ["ATOUMOD040:Line:1003297:LOC"]}}, {"type": "Feature", "geometry": {"type": "Point", "coordinates": [0.257047, 49.145685]}, "properties": {"stop_id": "FR:14366:ZE:1122191:ATOUMOD040", "stop_name": "Polyclinique", "route_ids": ["ATOUMOD040:Line:1003302:LOC"]}}, {"type": "Feature", "geometry": {"type": "Point", "coordinates": [0.283341, 49.16656]}, "properties": {"stop_id": "FR:14326:ZE:1122193:ATOUMOD040", "stop_name": "Église", "route_ids": ["ATOUMOD040:Line:1003302:LOC"]}}, {"type": "Feature", "geometry": {"type": "Point", "coordinates": [0.749209, 49.284714]}, "properties": {"stop_id": "FR:27558:ZE:1122217:ATOUMOD040", "stop_name": "Mairie", "route_ids": ["ATOUMOD040:Line:1003278:LOC"]}}, {"type": "Feature", "geometry": {"type": "Point", "coordinates": [0.807965, 49.289828]}, "properties": {"stop_id": "FR:27089:ZE:1122227:ATOUMOD040", "stop_name": "THEILLEMENT - Calvaire", "route_ids": ["ATOUMOD040:Line:1003278:LOC"]}}, {"type": "Feature", "geometry": {"type": "Point", "coordinates": [0.929574, 48.740282]}, "properties": {"stop_id": "FR:27679:ZE:1122243:ATOUMOD040", "stop_name": "VERNEUIL SUR AVRE - Salle des Fetes", "route_ids": ["ATOUMOD040:Line:1003291:LOC", "ATOUMOD040:Line:1003304:LOC"]}}, {"type": "Feature", "geometry": {"type": "Point", "coordinates": [0.73364, 49.379607]}, "properties": {"stop_id": "FR:27500:ZE:1122291:ATOUMOD040", "stop_name": "Rue du Stade", "route_ids": ["ATOUMOD040:Line:1003301:LOC"]}}, {"type": "Feature", "geometry": {"type": "Point", "coordinates": [0.667943, 48.7605]}, "properties": {"stop_id": "FR:61456:ZE:1122325:ATOUMOD040", "stop_name": "Anglure", "route_ids": ["ATOUMOD040:Line:1003304:LOC"]}}, {"type": "Feature", "geometry": {"type": "Point", "coordinates": [1.378956, 49.020951]}, "properties": {"stop_id": "FR:27448:ZE:1122333:ATOUMOD040", "stop_name": "PACY S/ EURE - Piscine", "route_ids": ["ATOUMOD040:Line:1003284:LOC"]}}, {"type": "Feature", "geometry": {"type": "Point", "coordinates": [1.167759, 49.015916]}, "properties": {"stop_id": "FR:27229:ZE:1122335:ATOUMOD040", "stop_name": "Prison", "route_ids": ["ATOUMOD040:Line:1003284:LOC"]}}, {"type": "Feature", "geometry": {"type": "Point", "coordinates": [1.305363, 49.008265]}, "properties": {"stop_id": "FR:27123:ZE:1122353:ATOUMOD040", "stop_name": "Centre", "route_ids": ["ATOUMOD040:Line:1003284:LOC"]}}, {"type": "Feature", "geometry": {"type": "Point", "coordinates": [1.410103, 49.284117]}, "properties": {"stop_id": "FR:27070:ZE:1122365:ATOUMOD040", "stop_name": "Calvaire", "route_ids": ["ATOUMOD040:Line:1003298:LOC"]}}, {"type": "Feature", "geometry": {"type": "Point", "coordinates": [1.410113, 49.283839]}, "properties": {"stop_id": "FR:27070:ZE:1178128:ATOUMOD040", "stop_name": "Calvaire", "route_ids": ["ATOUMOD040:Line:1003298:LOC"]}}, {"type": "Feature", "geometry": {"type": "Point", "coordinates": [0.70419, 49.241422]}, "properties": {"stop_id": "FR:27052:ZE:1122369:ATOUMOD040", "stop_name": "Camping", "route_ids": ["ATOUMOD040:Line:1003293:LOC"]}}, {"type": "Feature", "geometry": {"type": "Point", "coordinates": [0.665502, 49.293689]}, "properties": {"stop_id": "FR:27413:ZE:1122373:ATOUMOD040", "stop_name": "Place Annonciades", "route_ids": ["ATOUMOD040:Line:1003293:LOC"]}}, {"type": "Feature", "geometry": {"type": "Point", "coordinates": [1.089795, 48.919778]}, "properties": {"stop_id": "FR:27693:ZE:1122383:ATOUMOD040", "stop_name": "Mairie", "route_ids": ["ATOUMOD040:Line:1003291:LOC"]}}, {"type": "Feature", "geometry": {"type": "Point", "coordinates": [1.095752, 48.969596]}, "properties": {"stop_id": "FR:27044:ZE:1122387:ATOUMOD040", "stop_name": "Centre Ville", "route_ids": ["ATOUMOD040:Line:1003291:LOC"]}}, {"type": "Feature", "geometry": {"type": "Point", "coordinates": [1.087727, 48.973928]}, "properties": {"stop_id": "FR:27044:ZE:1122389:ATOUMOD040", "stop_name": "St Hubert", "route_ids": ["ATOUMOD040:Line:1003291:LOC"]}}, {"type": "Feature", "geometry": {"type": "Point", "coordinates": [1.374043, 48.846497]}, "properties": {"stop_id": "FR:27193:ZE:1122391:ATOUMOD040", "stop_name": "Mairie", "route_ids": ["ATOUMOD040:Line:1003303:LOC"]}}, {"type": "Feature", "geometry": {"type": "Point", "coordinates": [0.946993, 49.293422]}, "properties": {"stop_id": "FR:27582:ZE:1122401:ATOUMOD040", "stop_name": "RD38 École", "route_ids": ["ATOUMOD040:Line:1003278:LOC"]}}, {"type": "Feature", "geometry": {"type": "Point", "coordinates": [0.842309, 49.316674]}, "properties": {"stop_id": "FR:27105:ZE:1122403:ATOUMOD040", "stop_name": "THUIT HEBERT - RD313 x Barrabas", "route_ids": ["ATOUMOD040:Line:1003278:LOC"]}}, {"type": "Feature", "geometry": {"type": "Point", "coordinates": [0.823511, 49.296436]}, "properties": {"stop_id": "FR:27062:ZE:1122405:ATOUMOD040", "stop_name": "BERVILLE EN ROUMOIS - Mairie", "route_ids": ["ATOUMOD040:Line:1003278:LOC"]}}, {"type": "Feature", "geometry": {"type": "Point", "coordinates": [1.065743, 49.296565]}, "properties": {"stop_id": "FR:27394:ZE:1122411:ATOUMOD040", "stop_name": "Église", "route_ids": ["ATOUMOD040:Line:1003277:LOC", "ATOUMOD040:Line:1003294:LOC"]}}, {"type": "Feature", "geometry": {"type": "Point", "coordinates": [1.064414, 49.296082]}, "properties": {"stop_id": "FR:27394:ZE:1180564:ATOUMOD040", "stop_name": "Église", "route_ids": ["ATOUMOD040:Line:1003277:LOC"]}}, {"type": "Feature", "geometry": {"type": "Point", "coordinates": [0.770538, 49.397202]}, "properties": {"stop_id": "FR:27316:ZE:1122421:ATOUMOD040", "stop_name": "Église", "route_ids": ["ATOUMOD040:Line:1003275:LOC", "ATOUMOD040:Line:1003301:LOC"]}}, {"type": "Feature", "geometry": {"type": "Point", "coordinates": [0.732457, 49.377933]}, "properties": {"stop_id": "FR:27500:ZE:1122423:ATOUMOD040", "stop_name": "Place de la mairie", "route_ids": ["ATOUMOD040:Line:1006959:LOC", "ATOUMOD040:Line:1003275:LOC", "ATOUMOD040:Line:1003301:LOC"]}}, {"type": "Feature", "geometry": {"type": "Point", "coordinates": [0.73287, 49.378296]}, "properties": {"stop_id": "FR:27500:ZE:1180582:ATOUMOD040", "stop_name": "Place de la mairie", "route_ids": ["ATOUMOD040:Line:1006959:LOC"]}}, {"type": "Feature", "geometry": {"type": "Point", "coordinates": [0.812398, 49.354104]}, "properties": {"stop_id": "FR:27103:ZE:1122427:ATOUMOD040", "stop_name": "Pompiers", "route_ids": ["ATOUMOD040:Line:1006959:LOC", "ATOUMOD040:Line:1003275:LOC", "ATOUMOD040:Line:1003301:LOC"]}}, {"type": "Feature", "geometry": {"type": "Point", "coordinates": [0.812293, 49.354202]}, "properties": {"stop_id": "FR:27103:ZE:1178159:ATOUMOD040", "stop_name": "Pompiers", "route_ids": ["ATOUMOD040:Line:1006959:LOC"]}}, {"type": "Feature", "geometry": {"type": "Point", "coordinates": [1.696494, 49.293368]}, "properties": {"stop_id": "FR:27067:ZE:1122431:ATOUMOD040", "stop_name": "Place de la Libération", "route_ids": ["ATOUMOD040:Line:1003280:LOC", "ATOUMOD040:Line:1003282:LOC", "ATOUMOD040:Line:1003297:LOC"]}}, {"type": "Feature", "geometry": {"type": "Point", "coordinates": [1.433057, 49.310387]}, "properties": {"stop_id": "FR:27214:ZE:1122433:ATOUMOD040", "stop_name": "Mairie", "route_ids": ["ATOUMOD040:Line:1003297:LOC", "ATOUMOD040:Line:1003298:LOC"]}}, {"type": "Feature", "geometry": {"type": "Point", "coordinates": [1.199164, 49.389682]}, "properties": {"stop_id": "FR:76116:ZE:1122435:ATOUMOD040", "stop_name": "Gendarmerie", "route_ids": ["ATOUMOD040:Line:1003299:LOC", "ATOUMOD040:Line:1003297:LOC"]}}, {"type": "Feature", "geometry": {"type": "Point", "coordinates": [1.199246, 49.389771]}, "properties": {"stop_id": "FR:76116:ZE:1178223:ATOUMOD040", "stop_name": "Gendarmerie", "route_ids": ["ATOUMOD040:Line:1003297:LOC"]}}, {"type": "Feature", "geometry": {"type": "Point", "coordinates": [1.049452, 49.222256]}, "properties": {"stop_id": "FR:27700:ZE:1176471:ATOUMOD040", "stop_name": "RD81 x RD52", "route_ids": ["ATOUMOD040:Line:1003277:LOC"]}}, {"type": "Feature", "geometry": {"type": "Point", "coordinates": [1.693323, 49.254604]}, "properties": {"stop_id": "FR:27199:ZE:1122501:ATOUMOD040", "stop_name": "Haut de la côte", "route_ids": ["ATOUMOD040:Line:1003284:LOC"]}}, {"type": "Feature", "geometry": {"type": "Point", "coordinates": [1.638518, 49.11946]}, "properties": {"stop_id": "FR:27213:ZE:1122507:ATOUMOD040", "stop_name": "FOURGES - RD5 Res. Le Poteau", "route_ids": ["ATOUMOD040:Line:1003282:LOC"]}}, {"type": "Feature", "geometry": {"type": "Point", "coordinates": [1.260856, 49.333227]}, "properties": {"stop_id": "FR:27493:ZE:1122513:ATOUMOD040", "stop_name": "St Georges", "route_ids": ["ATOUMOD040:Line:1003299:LOC"]}}, {"type": "Feature", "geometry": {"type": "Point", "coordinates": [1.274204, 49.333985]}, "properties": {"stop_id": "FR:27470:ZE:1122515:ATOUMOD040", "stop_name": "Église", "route_ids": ["ATOUMOD040:Line:1003299:LOC"]}}, {"type": "Feature", "geometry": {"type": "Point", "coordinates": [1.142723, 48.930506]}, "properties": {"stop_id": "FR:27032:ZE:1122529:ATOUMOD040", "stop_name": "AVRILLY - Mairie", "route_ids": ["ATOUMOD040:Line:1003291:LOC"]}}, {"type": "Feature", "geometry": {"type": "Point", "coordinates": [1.126449, 48.954652]}, "properties": {"stop_id": "FR:27464:ZE:1122533:ATOUMOD040", "stop_name": "Boutons d'Or", "route_ids": ["ATOUMOD040:Line:1003291:LOC"]}}, {"type": "Feature", "geometry": {"type": "Point", "coordinates": [1.437642, 49.248679]}, "properties": {"stop_id": "FR:27016:ZE:1122535:ATOUMOD040", "stop_name": "Les Maraichers", "route_ids": ["ATOUMOD040:Line:1003283:LOC"]}}, {"type": "Feature", "geometry": {"type": "Point", "coordinates": [1.412006, 49.094164]}, "properties": {"stop_id": "FR:27562:ZE:1122549:ATOUMOD040", "stop_name": "SAINT MARCEL - Mont Vernon", "route_ids": ["ATOUMOD040:Line:1003281:LOC"]}}, {"type": "Feature", "geometry": {"type": "Point", "coordinates": [1.457904, 48.894807]}, "properties": {"stop_id": "FR:27278:ZE:1122561:ATOUMOD040", "stop_name": "Rond point", "route_ids": ["ATOUMOD040:Line:1003303:LOC"]}}, {"type": "Feature", "geometry": {"type": "Point", "coordinates": [1.441154, 48.909351]}, "properties": {"stop_id": "FR:27278:ZE:1122563:ATOUMOD040", "stop_name": "Place Bihorel", "route_ids": ["ATOUMOD040:Line:1003303:LOC"]}}, {"type": "Feature", "geometry": {"type": "Point", "coordinates": [1.0998, 49.302934]}, "properties": {"stop_id": "FR:27188:ZE:1122573:ATOUMOD040", "stop_name": "RD 321", "route_ids": ["ATOUMOD040:Line:1003294:LOC"]}}, {"type": "Feature", "geometry": {"type": "Point", "coordinates": [1.158343, 49.303714]}, "properties": {"stop_id": "FR:27469:ZE:1122575:ATOUMOD040", "stop_name": "Mairie", "route_ids": ["ATOUMOD040:Line:1003294:LOC"]}}, {"type": "Feature", "geometry": {"type": "Point", "coordinates": [1.205976, 49.285803]}, "properties": {"stop_id": "FR:27365:ZE:1122577:ATOUMOD040", "stop_name": "Mairie", "route_ids": ["ATOUMOD040:Line:1003294:LOC"]}}, {"type": "Feature", "geometry": {"type": "Point", "coordinates": [1.118421, 49.139704]}, "properties": {"stop_id": "FR:27339:ZE:1122581:ATOUMOD040", "stop_name": "Tabac", "route_ids": ["ATOUMOD040:Line:1003294:LOC"]}}, {"type": "Feature", "geometry": {"type": "Point", "coordinates": [1.116896, 49.097504]}, "properties": {"stop_id": "FR:27652:ZE:1122583:ATOUMOD040", "stop_name": "Mairie", "route_ids": ["ATOUMOD040:Line:1003294:LOC"]}}, {"type": "Feature", "geometry": {"type": "Point", "coordinates": [1.163341, 49.078571]}, "properties": {"stop_id": "FR:27439:ZE:1122585:ATOUMOD040", "stop_name": "Mairie", "route_ids": ["ATOUMOD040:Line:1003294:LOC"]}}, {"type": "Feature", "geometry": {"type": "Point", "coordinates": [1.163219, 49.048036]}, "properties": {"stop_id": "FR:27299:ZE:1122587:ATOUMOD040", "stop_name": "Mairie", "route_ids": ["ATOUMOD040:Line:1003294:LOC"]}}, {"type": "Feature", "geometry": {"type": "Point", "coordinates": [1.129087, 49.368583]}, "properties": {"stop_id": "FR:76069:ZE:1122589:ATOUMOD040", "stop_name": "Saint-Adrien", "route_ids": ["ATOUMOD040:Line:1003294:LOC"]}}, {"type": "Feature", "geometry": {"type": "Point", "coordinates": [1.13155, 49.35211]}, "properties": {"stop_id": "FR:76313:ZE:1122591:ATOUMOD040", "stop_name": "Port Saint-Ouen", "route_ids": ["ATOUMOD040:Line:1003294:LOC"]}}, {"type": "Feature", "geometry": {"type": "Point", "coordinates": [1.132489, 49.352267]}, "properties": {"stop_id": "FR:76039:ZE:1178122:ATOUMOD040", "stop_name": "Port Saint-Ouen", "route_ids": ["ATOUMOD040:Line:1003294:LOC"]}}, {"type": "Feature", "geometry": {"type": "Point", "coordinates": [1.133127, 49.340963]}, "properties": {"stop_id": "FR:76039:ZE:1122593:ATOUMOD040", "stop_name": "Mairie", "route_ids": ["ATOUMOD040:Line:1003294:LOC"]}}, {"type": "Feature", "geometry": {"type": "Point", "coordinates": [1.133324, 49.341019]}, "properties": {"stop_id": "FR:76039:ZE:1178123:ATOUMOD040", "stop_name": "Mairie", "route_ids": ["ATOUMOD040:Line:1003294:LOC"]}}, {"type": "Feature", "geometry": {"type": "Point", "coordinates": [1.146961, 49.321492]}, "properties": {"stop_id": "FR:27348:ZE:1122595:ATOUMOD040", "stop_name": "Rue du 8 mai", "route_ids": ["ATOUMOD040:Line:1003294:LOC"]}}, {"type": "Feature", "geometry": {"type": "Point", "coordinates": [1.152282, 49.318883]}, "properties": {"stop_id": "FR:27348:ZE:1122597:ATOUMOD040", "stop_name": "Rue de Lyons", "route_ids": ["ATOUMOD040:Line:1003294:LOC"]}}, {"type": "Feature", "geometry": {"type": "Point", "coordinates": [1.177339, 49.124341]}, "properties": {"stop_id": "FR:27335:ZE:1122599:ATOUMOD040", "stop_name": "RD155", "route_ids": ["ATOUMOD040:Line:1003294:LOC"]}}, {"type": "Feature", "geometry": {"type": "Point", "coordinates": [1.206157, 49.302429]}, "properties": {"stop_id": "FR:27365:ZE:1122601:ATOUMOD040", "stop_name": "Base nautique", "route_ids": ["ATOUMOD040:Line:1003294:LOC"]}}, {"type": "Feature", "geometry": {"type": "Point", "coordinates": [0.880356, 48.966876]}, "properties": {"stop_id": "FR:27568:ZE:1122609:ATOUMOD040", "stop_name": "RD140 Bourg", "route_ids": ["ATOUMOD040:Line:1003292:LOC"]}}, {"type": "Feature", "geometry": {"type": "Point", "coordinates": [0.934012, 48.956344]}, "properties": {"stop_id": "FR:27165:ZE:1122611:ATOUMOD040", "stop_name": "Av Beregovoy", "route_ids": ["ATOUMOD040:Line:1003292:LOC"]}}, {"type": "Feature", "geometry": {"type": "Point", "coordinates": [0.966025, 48.963535]}, "properties": {"stop_id": "FR:27447:ZE:1122613:ATOUMOD040", "stop_name": "FRESNE - Quenet", "route_ids": ["ATOUMOD040:Line:1003292:LOC"]}}, {"type": "Feature", "geometry": {"type": "Point", "coordinates": [1.13616, 49.021257]}, "properties": {"stop_id": "FR:27229:ZE:1122617:ATOUMOD040", "stop_name": "Avenue Aristide Briand", "route_ids": ["ATOUMOD040:Line:1003292:LOC"]}}, {"type": "Feature", "geometry": {"type": "Point", "coordinates": [1.114653, 49.017479]}, "properties": {"stop_id": "FR:27229:ZE:1122619:ATOUMOD040", "stop_name": "Hôpital de Navarre", "route_ids": ["ATOUMOD040:Line:1003292:LOC"]}}, {"type": "Feature", "geometry": {"type": "Point", "coordinates": [1.485946, 49.294509]}, "properties": {"stop_id": "FR:27070:ZE:1122621:ATOUMOD040", "stop_name": "BOISEMONT - Café", "route_ids": ["ATOUMOD040:Line:1003280:LOC"]}}, {"type": "Feature", "geometry": {"type": "Point", "coordinates": [1.397667, 49.22225]}, "properties": {"stop_id": "FR:27683:ZE:1122623:ATOUMOD040", "stop_name": "Greve a Guet", "route_ids": ["ATOUMOD040:Line:1003280:LOC", "ATOUMOD040:Line:1003281:LOC", "ATOUMOD040:Line:1003283:LOC"]}}, {"type": "Feature", "geometry": {"type": "Point", "coordinates": [1.38447, 49.206789]}, "properties": {"stop_id": "FR:27097:ZE:1122625:ATOUMOD040", "stop_name": "Rond point", "route_ids": ["ATOUMOD040:Line:1003280:LOC", "ATOUMOD040:Line:1003281:LOC", "ATOUMOD040:Line:1003283:LOC"]}}, {"type": "Feature", "geometry": {"type": "Point", "coordinates": [1.350911, 49.172594]}, "properties": {"stop_id": "FR:27022:ZE:1122627:ATOUMOD040", "stop_name": "AUBEVOYE - Avenue de Europe", "route_ids": ["ATOUMOD040:Line:1003281:LOC", "ATOUMOD040:Line:1003280:LOC"]}}, {"type": "Feature", "geometry": {"type": "Point", "coordinates": [1.351053, 49.172463]}, "properties": {"stop_id": "FR:27022:ZE:1179461:ATOUMOD040", "stop_name": "AUBEVOYE - Avenue de Europe", "route_ids": ["ATOUMOD040:Line:1003280:LOC", "ATOUMOD040:Line:1003281:LOC"]}}, {"type": "Feature", "geometry": {"type": "Point", "coordinates": [1.278911, 49.096396]}, "properties": {"stop_id": "FR:27025:ZE:1122631:ATOUMOD040", "stop_name": "Y. Montand", "route_ids": ["ATOUMOD040:Line:1003280:LOC"]}}, {"type": "Feature", "geometry": {"type": "Point", "coordinates": [1.266901, 49.087712]}, "properties": {"stop_id": "FR:27611:ZE:1122633:ATOUMOD040", "stop_name": "Bas de la côte", "route_ids": ["ATOUMOD040:Line:1003280:LOC"]}}, {"type": "Feature", "geometry": {"type": "Point", "coordinates": [1.175461, 49.025039]}, "properties": {"stop_id": "FR:27229:ZE:1122635:ATOUMOD040", "stop_name": "NETREVILLE - Maronniers", "route_ids": ["ATOUMOD040:Line:1003280:LOC"]}}, {"type": "Feature", "geometry": {"type": "Point", "coordinates": [1.332874, 49.159811]}, "properties": {"stop_id": "FR:27275:ZE:1122637:ATOUMOD040", "stop_name": "Les mesanges", "route_ids": ["ATOUMOD040:Line:1003280:LOC", "ATOUMOD040:Line:1003276:LOC"]}}, {"type": "Feature", "geometry": {"type": "Point", "coordinates": [1.343907, 49.158388]}, "properties": {"stop_id": "FR:27275:ZE:1122639:ATOUMOD040", "stop_name": "Maréchal Leclerc", "route_ids": ["ATOUMOD040:Line:1003276:LOC", "ATOUMOD040:Line:1003280:LOC", "ATOUMOD040:Line:1003281:LOC"]}}, {"type": "Feature", "geometry": {"type": "Point", "coordinates": [1.441218, 49.120771]}, "properties": {"stop_id": "FR:27554:ZE:1122641:ATOUMOD040", "stop_name": "SPA - Cimetiere", "route_ids": ["ATOUMOD040:Line:1003281:LOC"]}}, {"type": "Feature", "geometry": {"type": "Point", "coordinates": [1.44829, 49.097342]}, "properties": {"stop_id": "FR:27562:ZE:1122643:ATOUMOD040", "stop_name": "SAINT MARCEL - Quesvrue", "route_ids": ["ATOUMOD040:Line:1003281:LOC"]}}, {"type": "Feature", "geometry": {"type": "Point", "coordinates": [1.3834, 49.096502]}, "properties": {"stop_id": "FR:27554:ZE:1122645:ATOUMOD040", "stop_name": "LCR - Lotissement", "route_ids": ["ATOUMOD040:Line:1003281:LOC"]}}, {"type": "Feature", "geometry": {"type": "Point", "coordinates": [1.480508, 49.087106]}, "properties": {"stop_id": "FR:27681:ZE:1122647:ATOUMOD040", "stop_name": "Ardeche", "route_ids": ["ATOUMOD040:Line:1003281:LOC"]}}, {"type": "Feature", "geometry": {"type": "Point", "coordinates": [1.175195, 49.210253]}, "properties": {"stop_id": "FR:27375:ZE:1122677:ATOUMOD040", "stop_name": "Hopital", "route_ids": ["ATOUMOD040:Line:1003276:LOC"]}}, {"type": "Feature", "geometry": {"type": "Point", "coordinates": [1.183442, 49.20763]}, "properties": {"stop_id": "FR:27375:ZE:1122679:ATOUMOD040", "stop_name": "Rue de Paris", "route_ids": ["ATOUMOD040:Line:1003276:LOC"]}}, {"type": "Feature", "geometry": {"type": "Point", "coordinates": [1.238318, 49.19258]}, "properties": {"stop_id": "FR:27332:ZE:1122681:ATOUMOD040", "stop_name": "RD6015", "route_ids": ["ATOUMOD040:Line:1003276:LOC"]}}, {"type": "Feature", "geometry": {"type": "Point", "coordinates": [1.458713, 49.10489]}, "properties": {"stop_id": "FR:27562:ZE:1122683:ATOUMOD040", "stop_name": "SAINT MARCEL - Foyer Sonacotra", "route_ids": ["ATOUMOD040:Line:1003276:LOC"]}}, {"type": "Feature", "geometry": {"type": "Point", "coordinates": [1.458749, 49.104945]}, "properties": {"stop_id": "FR:27562:ZE:1180561:ATOUMOD040", "stop_name": "Foyer Sonacotra", "route_ids": ["ATOUMOD040:Line:1003276:LOC"]}}, {"type": "Feature", "geometry": {"type": "Point", "coordinates": [1.282002, 49.012949]}, "properties": {"stop_id": "FR:27410:ZE:1122687:ATOUMOD040", "stop_name": "CIT RN13", "route_ids": ["ATOUMOD040:Line:1003284:LOC"]}}, {"type": "Feature", "geometry": {"type": "Point", "coordinates": [1.281621, 49.012835]}, "properties": {"stop_id": "FR:27410:ZE:1180781:ATOUMOD040", "stop_name": "CIT RN13", "route_ids": ["ATOUMOD040:Line:1003284:LOC"]}}, {"type": "Feature", "geometry": {"type": "Point", "coordinates": [1.479259, 49.090554]}, "properties": {"stop_id": "FR:27681:ZE:1122691:ATOUMOD040", "stop_name": "SNCF Montigny", "route_ids": ["ATOUMOD040:Line:1003276:LOC", "ATOUMOD040:Line:1003284:LOC"]}}, {"type": "Feature", "geometry": {"type": "Point", "coordinates": [1.479306, 49.090439]}, "properties": {"stop_id": "FR:27681:ZE:1180783:ATOUMOD040", "stop_name": "SNCF Montigny", "route_ids": ["ATOUMOD040:Line:1003284:LOC"]}}, {"type": "Feature", "geometry": {"type": "Point", "coordinates": [1.466375, 49.088169]}, "properties": {"stop_id": "FR:27681:ZE:1122693:ATOUMOD040", "stop_name": "Bizy", "route_ids": ["ATOUMOD040:Line:1003284:LOC"]}}, {"type": "Feature", "geometry": {"type": "Point", "coordinates": [1.516788, 49.132125]}, "properties": {"stop_id": "FR:27644:ZE:1122697:ATOUMOD040", "stop_name": "CAT", "route_ids": ["ATOUMOD040:Line:1003284:LOC"]}}, {"type": "Feature", "geometry": {"type": "Point", "coordinates": [1.517314, 49.132528]}, "properties": {"stop_id": "FR:27644:ZE:1180787:ATOUMOD040", "stop_name": "CAT", "route_ids": ["ATOUMOD040:Line:1003284:LOC"]}}, {"type": "Feature", "geometry": {"type": "Point", "coordinates": [1.514601, 49.166523]}, "properties": {"stop_id": "FR:27408:ZE:1122701:ATOUMOD040", "stop_name": "Surcy Poteau", "route_ids": ["ATOUMOD040:Line:1003284:LOC"]}}, {"type": "Feature", "geometry": {"type": "Point", "coordinates": [1.589896, 49.20778]}, "properties": {"stop_id": "FR:27213:ZE:1122705:ATOUMOD040", "stop_name": "FONTENAY-EN-VEXIN - RD181", "route_ids": ["ATOUMOD040:Line:1003284:LOC"]}}, {"type": "Feature", "geometry": {"type": "Point", "coordinates": [1.589695, 49.207798]}, "properties": {"stop_id": "FR:27213:ZE:1179470:ATOUMOD040", "stop_name": "FONTENAY-EN-VEXIN - RD181", "route_ids": ["ATOUMOD040:Line:1003284:LOC"]}}, {"type": "Feature", "geometry": {"type": "Point", "coordinates": [1.594125, 49.216801]}, "properties": {"stop_id": "FR:27213:ZE:1122707:ATOUMOD040", "stop_name": "CAHAIGNES - RD181", "route_ids": ["ATOUMOD040:Line:1003284:LOC"]}}, {"type": "Feature", "geometry": {"type": "Point", "coordinates": [1.594952, 49.21789]}, "properties": {"stop_id": "FR:27213:ZE:1180788:ATOUMOD040", "stop_name": "CAHAIGNES - RD181", "route_ids": ["ATOUMOD040:Line:1003284:LOC"]}}, {"type": "Feature", "geometry": {"type": "Point", "coordinates": [1.609368, 49.236235]}, "properties": {"stop_id": "FR:27633:ZE:1122709:ATOUMOD040", "stop_name": "Garage", "route_ids": ["ATOUMOD040:Line:1003284:LOC"]}}, {"type": "Feature", "geometry": {"type": "Point", "coordinates": [1.697315, 49.251537]}, "properties": {"stop_id": "FR:27199:ZE:1122711:ATOUMOD040", "stop_name": "16 rue St Jean", "route_ids": ["ATOUMOD040:Line:1003282:LOC"]}}, {"type": "Feature", "geometry": {"type": "Point", "coordinates": [1.697366, 49.251546]}, "properties": {"stop_id": "FR:27199:ZE:1178202:ATOUMOD040", "stop_name": "16 rue St Jean", "route_ids": ["ATOUMOD040:Line:1003282:LOC"]}}, {"type": "Feature", "geometry": {"type": "Point", "coordinates": [0.748153, 49.380184]}, "properties": {"stop_id": "FR:27316:ZE:1122739:ATOUMOD040", "stop_name": "Mare Mande", "route_ids": ["ATOUMOD040:Line:1003301:LOC"]}}, {"type": "Feature", "geometry": {"type": "Point", "coordinates": [0.754852, 49.386861]}, "properties": {"stop_id": "FR:27316:ZE:1122741:ATOUMOD040", "stop_name": "Calvaire", "route_ids": ["ATOUMOD040:Line:1003301:LOC"]}}, {"type": "Feature", "geometry": {"type": "Point", "coordinates": [0.796746, 49.403461]}, "properties": {"stop_id": "FR:27363:ZE:1122747:ATOUMOD040", "stop_name": "Route d'Hauville", "route_ids": ["ATOUMOD040:Line:1003275:LOC", "ATOUMOD040:Line:1003301:LOC"]}}, {"type": "Feature", "geometry": {"type": "Point", "coordinates": [0.804513, 49.35443]}, "properties": {"stop_id": "FR:27103:ZE:1122749:ATOUMOD040", "stop_name": "La Bouillerie", "route_ids": ["ATOUMOD040:Line:1003301:LOC"]}}, {"type": "Feature", "geometry": {"type": "Point", "coordinates": [0.82609, 49.356765]}, "properties": {"stop_id": "FR:27103:ZE:1122751:ATOUMOD040", "stop_name": "Maizeret", "route_ids": ["ATOUMOD040:Line:1003275:LOC", "ATOUMOD040:Line:1003301:LOC"]}}, {"type": "Feature", "geometry": {"type": "Point", "coordinates": [0.887767, 49.356581]}, "properties": {"stop_id": "FR:27580:ZE:1122753:ATOUMOD040", "stop_name": "Pharmacie", "route_ids": ["ATOUMOD040:Line:1006959:LOC", "ATOUMOD040:Line:1003301:LOC"]}}, {"type": "Feature", "geometry": {"type": "Point", "coordinates": [0.816562, 49.352046]}, "properties": {"stop_id": "FR:27103:ZE:1122755:ATOUMOD040", "stop_name": "Place des medecins", "route_ids": ["ATOUMOD040:Line:1003301:LOC"]}}, {"type": "Feature", "geometry": {"type": "Point", "coordinates": [0.602853, 49.333669]}, "properties": {"stop_id": "FR:27174:ZE:1122765:ATOUMOD040", "stop_name": "La Cardourie", "route_ids": ["ATOUMOD040:Line:1003293:LOC"]}}, {"type": "Feature", "geometry": {"type": "Point", "coordinates": [1.349004, 49.029817]}, "properties": {"stop_id": "FR:27190:ZE:1122781:ATOUMOD040", "stop_name": "Église", "route_ids": ["ATOUMOD040:Line:1003284:LOC"]}}, {"type": "Feature", "geometry": {"type": "Point", "coordinates": [0.849256, 49.35973]}, "properties": {"stop_id": "FR:27091:ZE:1122841:ATOUMOD040", "stop_name": "RD675", "route_ids": ["ATOUMOD040:Line:1006959:LOC", "ATOUMOD040:Line:1003275:LOC", "ATOUMOD040:Line:1003301:LOC"]}}, {"type": "Feature", "geometry": {"type": "Point", "coordinates": [0.849229, 49.359801]}, "properties": {"stop_id": "FR:27091:ZE:1178125:ATOUMOD040", "stop_name": "RD675", "route_ids": ["ATOUMOD040:Line:1006959:LOC"]}}, {"type": "Feature", "geometry": {"type": "Point", "coordinates": [0.922937, 48.962149]}, "properties": {"stop_id": "FR:27165:ZE:1122951:ATOUMOD040", "stop_name": "Le Vx Conches", "route_ids": ["ATOUMOD040:Line:1003292:LOC"]}}, {"type": "Feature", "geometry": {"type": "Point", "coordinates": [1.003825, 49.291324]}, "properties": {"stop_id": "FR:76231:ZE:1122995:ATOUMOD040", "stop_name": "Église Saint-Jean", "route_ids": ["ATOUMOD040:Line:1003294:LOC"]}}, {"type": "Feature", "geometry": {"type": "Point", "coordinates": [1.004237, 49.291322]}, "properties": {"stop_id": "FR:76231:ZE:1178065:ATOUMOD040", "stop_name": "Église Saint-Jean", "route_ids": ["ATOUMOD040:Line:1003294:LOC"]}}, {"type": "Feature", "geometry": {"type": "Point", "coordinates": [1.069425, 49.230319]}, "properties": {"stop_id": "FR:27322:ZE:1122997:ATOUMOD040", "stop_name": "Petit Pont", "route_ids": ["ATOUMOD040:Line:1003277:LOC"]}}, {"type": "Feature", "geometry": {"type": "Point", "coordinates": [0.531832, 49.348958]}, "properties": {"stop_id": "FR:27467:ZE:1123003:ATOUMOD040", "stop_name": "Pompiers", "route_ids": ["ATOUMOD040:Line:1006959:LOC", "ATOUMOD040:Line:1003293:LOC"]}}, {"type": "Feature", "geometry": {"type": "Point", "coordinates": [0.533353, 49.348685]}, "properties": {"stop_id": "FR:27467:ZE:1180789:ATOUMOD040", "stop_name": "PONT-AUDEMER - Pompiers", "route_ids": ["ATOUMOD040:Line:1006959:LOC"]}}, {"type": "Feature", "geometry": {"type": "Point", "coordinates": [1.204966, 49.273124]}, "properties": {"stop_id": "FR:27701:ZE:1123005:ATOUMOD040", "stop_name": "CFA", "route_ids": ["ATOUMOD040:Line:1003279:LOC"]}}, {"type": "Feature", "geometry": {"type": "Point", "coordinates": [1.484127, 48.947232]}, "properties": {"stop_id": "FR:27696:ZE:1123007:ATOUMOD040", "stop_name": "Caserne des Pompiers", "route_ids": ["ATOUMOD040:Line:1003303:LOC"]}}, {"type": "Feature", "geometry": {"type": "Point", "coordinates": [1.369091, 49.180258]}, "properties": {"stop_id": "FR:27180:ZE:1123039:ATOUMOD040", "stop_name": "Les Cigales", "route_ids": ["ATOUMOD040:Line:1003281:LOC"]}}, {"type": "Feature", "geometry": {"type": "Point", "coordinates": [1.074613, 49.277309]}, "properties": {"stop_id": "FR:27394:ZE:1123055:ATOUMOD040", "stop_name": "Les Fiefs", "route_ids": ["ATOUMOD040:Line:1003277:LOC"]}}, {"type": "Feature", "geometry": {"type": "Point", "coordinates": [1.537284, 49.0743]}, "properties": {"stop_id": "FR:27285:ZE:1123065:ATOUMOD040", "stop_name": "Musardiere", "route_ids": ["ATOUMOD040:Line:1003282:LOC"]}}, {"type": "Feature", "geometry": {"type": "Point", "coordinates": [1.537201, 49.074438]}, "properties": {"stop_id": "FR:27285:ZE:1178209:ATOUMOD040", "stop_name": "Musardiere", "route_ids": ["ATOUMOD040:Line:1003282:LOC"]}}, {"type": "Feature", "geometry": {"type": "Point", "coordinates": [1.780118, 49.285328]}, "properties": {"stop_id": "FR:27284:ZE:1123151:ATOUMOD040", "stop_name": "Lycée L. Michel", "route_ids": ["ATOUMOD040:Line:1003282:LOC"]}}, {"type": "Feature", "geometry": {"type": "Point", "coordinates": [1.418353, 48.867079]}, "properties": {"stop_id": "FR:27230:ZE:1123259:ATOUMOD040", "stop_name": "Salle des Fetes", "route_ids": ["ATOUMOD040:Line:1003303:LOC"]}}, {"type": "Feature", "geometry": {"type": "Point", "coordinates": [1.241166, 48.762716]}, "properties": {"stop_id": "FR:28359:ZE:1123309:ATOUMOD040", "stop_name": "Centre", "route_ids": ["ATOUMOD040:Line:1003289:LOC"]}}, {"type": "Feature", "geometry": {"type": "Point", "coordinates": [1.429007, 49.248743]}, "properties": {"stop_id": "FR:27016:ZE:1123329:ATOUMOD040", "stop_name": "28-29 Rue Henry Rémy", "route_ids": ["ATOUMOD040:Line:1003280:LOC"]}}, {"type": "Feature", "geometry": {"type": "Point", "coordinates": [1.46369, 49.428341]}, "properties": {"stop_id": "FR:27664:ZE:1123369:ATOUMOD040", "stop_name": "La Grand Fray - Les Angles", "route_ids": ["ATOUMOD040:Line:1003296:LOC"]}}, {"type": "Feature", "geometry": {"type": "Point", "coordinates": [1.255389, 49.327632]}, "properties": {"stop_id": "FR:27493:ZE:1123371:ATOUMOD040", "stop_name": "La Potiere", "route_ids": ["ATOUMOD040:Line:1003299:LOC"]}}, {"type": "Feature", "geometry": {"type": "Point", "coordinates": [1.25829, 49.331254]}, "properties": {"stop_id": "FR:27493:ZE:1123373:ATOUMOD040", "stop_name": "Mairie", "route_ids": ["ATOUMOD040:Line:1003299:LOC"]}}, {"type": "Feature", "geometry": {"type": "Point", "coordinates": [1.086057, 49.430494]}, "properties": {"stop_id": "FR:76540:ZE:1123425:ATOUMOD040", "stop_name": "Saint-Sever", "route_ids": ["ATOUMOD040:Line:1006959:LOC"]}}, {"type": "Feature", "geometry": {"type": "Point", "coordinates": [1.08611, 49.430481]}, "properties": {"stop_id": "FR:76540:ZE:1178529:ATOUMOD040", "stop_name": "Saint-Sever", "route_ids": ["ATOUMOD040:Line:1006959:LOC"]}}, {"type": "Feature", "geometry": {"type": "Point", "coordinates": [1.15401, 49.01767]}, "properties": {"stop_id": "FR:27229:ZE:1123459:ATOUMOD040", "stop_name": "Lycée Aristide Briand", "route_ids": ["ATOUMOD040:Line:1003291:LOC"]}}, {"type": "Feature", "geometry": {"type": "Point", "coordinates": [1.146022, 49.408333]}, "properties": {"stop_id": "FR:76429:ZE:1123497:ATOUMOD040", "stop_name": "Rue Thiers (D6014)", "route_ids": ["ATOUMOD040:Line:1003297:LOC"]}}, {"type": "Feature", "geometry": {"type": "Point", "coordinates": [0.300411, 49.410631]}, "properties": {"stop_id": "FR:27243:ZE:1123615:ATOUMOD040", "stop_name": "Relais", "route_ids": ["ATOUMOD040:Line:1003305:LOC"]}}, {"type": "Feature", "geometry": {"type": "Point", "coordinates": [1.694705, 49.227856]}, "properties": {"stop_id": "FR:27304:ZE:1123629:ATOUMOD040", "stop_name": "Gisancourt Ctr Vx Manoir", "route_ids": ["ATOUMOD040:Line:1003282:LOC"]}}, {"type": "Feature", "geometry": {"type": "Point", "coordinates": [1.389625, 49.019972]}, "properties": {"stop_id": "FR:27448:ZE:1123659:ATOUMOD040", "stop_name": "Place De Gaulle", "route_ids": ["ATOUMOD040:Line:1003284:LOC"]}}, {"type": "Feature", "geometry": {"type": "Point", "coordinates": [1.389771, 49.019947]}, "properties": {"stop_id": "FR:27448:ZE:1180782:ATOUMOD040", "stop_name": "Place De Gaulle", "route_ids": ["ATOUMOD040:Line:1003284:LOC"]}}, {"type": "Feature", "geometry": {"type": "Point", "coordinates": [1.760568, 49.279427]}, "properties": {"stop_id": "FR:27284:ZE:1123663:ATOUMOD040", "stop_name": "Hôpital", "route_ids": ["ATOUMOD040:Line:1003280:LOC", "ATOUMOD040:Line:1003297:LOC"]}}, {"type": "Feature", "geometry": {"type": "Point", "coordinates": [1.759624, 49.279536]}, "properties": {"stop_id": "FR:27284:ZE:1178221:ATOUMOD040", "stop_name": "Hôpital", "route_ids": ["ATOUMOD040:Line:1003297:LOC", "ATOUMOD040:Line:1003280:LOC"]}}, {"type": "Feature", "geometry": {"type": "Point", "coordinates": [1.174834, 49.297835]}, "properties": {"stop_id": "FR:27196:ZE:1123669:ATOUMOD040", "stop_name": "Clinique", "route_ids": ["ATOUMOD040:Line:1003294:LOC"]}}, {"type": "Feature", "geometry": {"type": "Point", "coordinates": [1.372273, 49.426841]}, "properties": {"stop_id": "FR:27454:ZE:1179629:ATOUMOD040", "stop_name": "RD114 x RD1", "route_ids": ["ATOUMOD040:Line:1003296:LOC"]}}, {"type": "Feature", "geometry": {"type": "Point", "coordinates": [1.372438, 49.427058]}, "properties": {"stop_id": "FR:27454:ZE:1179630:ATOUMOD040", "stop_name": "RD114 x RD1", "route_ids": ["ATOUMOD040:Line:1003296:LOC"]}}, {"type": "Feature", "geometry": {"type": "Point", "coordinates": [0.742806, 49.216622]}, "properties": {"stop_id": "FR:27052:ZE:1123793:ATOUMOD040", "stop_name": "Saint-Martin-du-Parc - RD39", "route_ids": ["ATOUMOD040:Line:1003293:LOC"]}}, {"type": "Feature", "geometry": {"type": "Point", "coordinates": [1.479067, 49.290173]}, "properties": {"stop_id": "FR:27070:ZE:1123805:ATOUMOD040", "stop_name": "BOISEMENT - Rond Point", "route_ids": ["ATOUMOD040:Line:1003280:LOC"]}}, {"type": "Feature", "geometry": {"type": "Point", "coordinates": [1.478908, 49.289828]}, "properties": {"stop_id": "FR:27070:ZE:1180574:ATOUMOD040", "stop_name": "BOISEMONT - Rond Point", "route_ids": ["ATOUMOD040:Line:1003280:LOC"]}}, {"type": "Feature", "geometry": {"type": "Point", "coordinates": [1.202129, 49.292938]}, "properties": {"stop_id": "FR:27365:ZE:1123811:ATOUMOD040", "stop_name": "Jacques Delaunay", "route_ids": ["ATOUMOD040:Line:1003294:LOC"]}}, {"type": "Feature", "geometry": {"type": "Point", "coordinates": [1.114112, 49.113577]}, "properties": {"stop_id": "FR:27118:ZE:1123821:ATOUMOD040", "stop_name": "Les Collets", "route_ids": ["ATOUMOD040:Line:1003294:LOC"]}}, {"type": "Feature", "geometry": {"type": "Point", "coordinates": [0.917763, 48.738173]}, "properties": {"stop_id": "FR:27679:ZE:1123855:ATOUMOD040", "stop_name": "VERNEUIL SUR AVRE - Demolins", "route_ids": ["ATOUMOD040:Line:1003291:LOC"]}}, {"type": "Feature", "geometry": {"type": "Point", "coordinates": [1.159047, 49.079655]}, "properties": {"stop_id": "FR:27439:ZE:1123859:ATOUMOD040", "stop_name": "Route de la Vallée", "route_ids": ["ATOUMOD040:Line:1003294:LOC"]}}, {"type": "Feature", "geometry": {"type": "Point", "coordinates": [1.166764, 49.075023]}, "properties": {"stop_id": "FR:27439:ZE:1123861:ATOUMOD040", "stop_name": "Les Rainettes", "route_ids": ["ATOUMOD040:Line:1003294:LOC"]}}, {"type": "Feature", "geometry": {"type": "Point", "coordinates": [1.172968, 49.177789]}, "properties": {"stop_id": "FR:27003:ZE:1123865:ATOUMOD040", "stop_name": "Lot. Les Sablons", "route_ids": ["ATOUMOD040:Line:1003294:LOC"]}}, {"type": "Feature", "geometry": {"type": "Point", "coordinates": [1.177836, 49.168411]}, "properties": {"stop_id": "FR:27003:ZE:1123867:ATOUMOD040", "stop_name": "Lot les Vignettes", "route_ids": ["ATOUMOD040:Line:1003294:LOC"]}}, {"type": "Feature", "geometry": {"type": "Point", "coordinates": [1.301327, 49.147362]}, "properties": {"stop_id": "FR:27275:ZE:1123879:ATOUMOD040", "stop_name": "Les Douaires", "route_ids": ["ATOUMOD040:Line:1003280:LOC"]}}, {"type": "Feature", "geometry": {"type": "Point", "coordinates": [1.336344, 48.825252]}, "properties": {"stop_id": "FR:27391:ZE:1123881:ATOUMOD040", "stop_name": "Rte de Nonancourt", "route_ids": ["ATOUMOD040:Line:1003303:LOC"]}}, {"type": "Feature", "geometry": {"type": "Point", "coordinates": [1.187881, 49.015404]}, "properties": {"stop_id": "FR:27684:ZE:1123887:ATOUMOD040", "stop_name": "LE VIEIL EVREUX - Long Buisson", "route_ids": ["ATOUMOD040:Line:1003284:LOC"]}}, {"type": "Feature", "geometry": {"type": "Point", "coordinates": [1.188099, 49.01522]}, "properties": {"stop_id": "FR:27684:ZE:1180784:ATOUMOD040", "stop_name": "Long Buisson", "route_ids": ["ATOUMOD040:Line:1003284:LOC"]}}, {"type": "Feature", "geometry": {"type": "Point", "coordinates": [0.787416, 49.402127]}, "properties": {"stop_id": "FR:27316:ZE:1123899:ATOUMOD040", "stop_name": "Rue des Bons", "route_ids": ["ATOUMOD040:Line:1003301:LOC"]}}, {"type": "Feature", "geometry": {"type": "Point", "coordinates": [0.78159, 49.400515]}, "properties": {"stop_id": "FR:27316:ZE:1123901:ATOUMOD040", "stop_name": "La Vallade", "route_ids": ["ATOUMOD040:Line:1003301:LOC"]}}, {"type": "Feature", "geometry": {"type": "Point", "coordinates": [0.744415, 49.374626]}, "properties": {"stop_id": "FR:27497:ZE:1123903:ATOUMOD040", "stop_name": "RD144 Garage", "route_ids": ["ATOUMOD040:Line:1003301:LOC"]}}, {"type": "Feature", "geometry": {"type": "Point", "coordinates": [0.700557, 49.358455]}, "properties": {"stop_id": "FR:27228:ZE:1123905:ATOUMOD040", "stop_name": "La Chapelle Brestot", "route_ids": ["ATOUMOD040:Line:1006959:LOC", "ATOUMOD040:Line:1003301:LOC"]}}, {"type": "Feature", "geometry": {"type": "Point", "coordinates": [0.70013, 49.358575]}, "properties": {"stop_id": "FR:27228:ZE:1180578:ATOUMOD040", "stop_name": "La Chapelle Brestot", "route_ids": ["ATOUMOD040:Line:1006959:LOC"]}}, {"type": "Feature", "geometry": {"type": "Point", "coordinates": [1.171204, 49.237089]}, "properties": {"stop_id": "FR:27701:ZE:1123913:ATOUMOD040", "stop_name": "Aventis", "route_ids": ["ATOUMOD040:Line:1003279:LOC"]}}, {"type": "Feature", "geometry": {"type": "Point", "coordinates": [0.71583, 48.81922]}, "properties": {"stop_id": "FR:27502:ZE:1123915:ATOUMOD040", "stop_name": "Rond Point des clous", "route_ids": ["ATOUMOD040:Line:1003292:LOC"]}}, {"type": "Feature", "geometry": {"type": "Point", "coordinates": [0.958914, 49.123721]}, "properties": {"stop_id": "FR:27511:ZE:1123917:ATOUMOD040", "stop_name": "RD 39", "route_ids": ["ATOUMOD040:Line:1003293:LOC"]}}, {"type": "Feature", "geometry": {"type": "Point", "coordinates": [1.274004, 49.386919]}, "properties": {"stop_id": "FR:76434:ZE:1123919:ATOUMOD040", "stop_name": "Route de Paris", "route_ids": ["ATOUMOD040:Line:1003297:LOC"]}}, {"type": "Feature", "geometry": {"type": "Point", "coordinates": [1.019229, 48.852685]}, "properties": {"stop_id": "FR:27198:ZE:1123941:ATOUMOD040", "stop_name": "GOUVILLE - Megremesnil", "route_ids": ["ATOUMOD040:Line:1003291:LOC"]}}, {"type": "Feature", "geometry": {"type": "Point", "coordinates": [0.304908, 49.185826]}, "properties": {"stop_id": "FR:14326:ZE:1123975:ATOUMOD040", "stop_name": "Cerza", "route_ids": ["ATOUMOD040:Line:1003302:LOC"]}}, {"type": "Feature", "geometry": {"type": "Point", "coordinates": [1.106696, 49.305587]}, "properties": {"stop_id": "FR:27188:ZE:1123977:ATOUMOD040", "stop_name": "Village", "route_ids": ["ATOUMOD040:Line:1003294:LOC"]}}, {"type": "Feature", "geometry": {"type": "Point", "coordinates": [1.114621, 49.105648]}, "properties": {"stop_id": "FR:27118:ZE:1123979:ATOUMOD040", "stop_name": "Église", "route_ids": ["ATOUMOD040:Line:1003294:LOC"]}}, {"type": "Feature", "geometry": {"type": "Point", "coordinates": [1.111616, 49.129612]}, "properties": {"stop_id": "FR:27342:ZE:1123981:ATOUMOD040", "stop_name": "Rte de la Vacherie", "route_ids": ["ATOUMOD040:Line:1003294:LOC"]}}, {"type": "Feature", "geometry": {"type": "Point", "coordinates": [1.14163, 49.144159]}, "properties": {"stop_id": "FR:27339:ZE:1123983:ATOUMOD040", "stop_name": "Usine", "route_ids": ["ATOUMOD040:Line:1003294:LOC"]}}, {"type": "Feature", "geometry": {"type": "Point", "coordinates": [0.380428, 49.237656]}, "properties": {"stop_id": "FR:27591:ZE:1124009:ATOUMOD040", "stop_name": "RD810 Eglise", "route_ids": ["ATOUMOD040:Line:1003302:LOC"]}}, {"type": "Feature", "geometry": {"type": "Point", "coordinates": [0.7031, 48.814909]}, "properties": {"stop_id": "FR:27502:ZE:1124011:ATOUMOD040", "stop_name": "Gendarmerie", "route_ids": ["ATOUMOD040:Line:1003292:LOC"]}}, {"type": "Feature", "geometry": {"type": "Point", "coordinates": [0.707796, 48.821913]}, "properties": {"stop_id": "FR:27502:ZE:1124013:ATOUMOD040", "stop_name": "Desloges", "route_ids": ["ATOUMOD040:Line:1003292:LOC"]}}, {"type": "Feature", "geometry": {"type": "Point", "coordinates": [1.053282, 49.211317]}, "properties": {"stop_id": "FR:27623:ZE:1124037:ATOUMOD040", "stop_name": "Rue des Champs", "route_ids": ["ATOUMOD040:Line:1003277:LOC"]}}, {"type": "Feature", "geometry": {"type": "Point", "coordinates": [1.131756, 49.304217]}, "properties": {"stop_id": "FR:27188:ZE:1124049:ATOUMOD040", "stop_name": "Bonport", "route_ids": ["ATOUMOD040:Line:1003294:LOC"]}}, {"type": "Feature", "geometry": {"type": "Point", "coordinates": [1.667697, 49.207695]}, "properties": {"stop_id": "FR:27152:ZE:1124067:ATOUMOD040", "stop_name": "Les Bordeaux de St Clair - Ecole", "route_ids": ["ATOUMOD040:Line:1003282:LOC"]}}, {"type": "Feature", "geometry": {"type": "Point", "coordinates": [1.667635, 49.207708]}, "properties": {"stop_id": "FR:27152:ZE:1178211:ATOUMOD040", "stop_name": "Les Bordeaux de St Clair - Ecole", "route_ids": ["ATOUMOD040:Line:1003282:LOC"]}}, {"type": "Feature", "geometry": {"type": "Point", "coordinates": [0.757531, 49.370552]}, "properties": {"stop_id": "FR:27497:ZE:1124077:ATOUMOD040", "stop_name": "La Mare Loisel", "route_ids": ["ATOUMOD040:Line:1003301:LOC"]}}, {"type": "Feature", "geometry": {"type": "Point", "coordinates": [1.080072, 48.935269]}, "properties": {"stop_id": "FR:27678:ZE:1124103:ATOUMOD040", "stop_name": "Haut Bois La Loge", "route_ids": ["ATOUMOD040:Line:1003291:LOC"]}}, {"type": "Feature", "geometry": {"type": "Point", "coordinates": [0.988485, 48.849368]}, "properties": {"stop_id": "FR:27198:ZE:1124105:ATOUMOD040", "stop_name": "GOUVILLE - Les Ruches", "route_ids": ["ATOUMOD040:Line:1003291:LOC"]}}, {"type": "Feature", "geometry": {"type": "Point", "coordinates": [1.077379, 48.951717]}, "properties": {"stop_id": "FR:27678:ZE:1124109:ATOUMOD040", "stop_name": "Le Haut Bois - Moutiers", "route_ids": ["ATOUMOD040:Line:1003291:LOC"]}}, {"type": "Feature", "geometry": {"type": "Point", "coordinates": [1.256787, 49.182814]}, "properties": {"stop_id": "FR:27249:ZE:1124111:ATOUMOD040", "stop_name": "RD6015", "route_ids": ["ATOUMOD040:Line:1003276:LOC"]}}, {"type": "Feature", "geometry": {"type": "Point", "coordinates": [1.141245, 49.213931]}, "properties": {"stop_id": "FR:27375:ZE:1124113:ATOUMOD040", "stop_name": "La Mare St Lubin", "route_ids": ["ATOUMOD040:Line:1003277:LOC"]}}, {"type": "Feature", "geometry": {"type": "Point", "coordinates": [0.442516, 49.281293]}, "properties": {"stop_id": "FR:27218:ZE:1124317:ATOUMOD040", "stop_name": "Rte de Pont Audemer", "route_ids": ["ATOUMOD040:Line:1003302:LOC"]}}, {"type": "Feature", "geometry": {"type": "Point", "coordinates": [0.818549, 49.27171]}, "properties": {"stop_id": "FR:27531:ZE:1124331:ATOUMOD040", "stop_name": "St-Denis-des-Monts (RD 438)", "route_ids": ["ATOUMOD040:Line:1003278:LOC"]}}, {"type": "Feature", "geometry": {"type": "Point", "coordinates": [1.396777, 49.32869]}, "properties": {"stop_id": "FR:27294:ZE:1178129:ATOUMOD040", "stop_name": "GAILLARDBOIS - Brémule (RD6014)", "route_ids": ["ATOUMOD040:Line:1003298:LOC"]}}, {"type": "Feature", "geometry": {"type": "Point", "coordinates": [1.396485, 49.328741]}, "properties": {"stop_id": "FR:27294:ZE:1181212:ATOUMOD040", "stop_name": "GAILLARBOIS - Brémule (RD6014)", "route_ids": ["ATOUMOD040:Line:1003298:LOC"]}}, {"type": "Feature", "geometry": {"type": "Point", "coordinates": [-0.518391, 48.868764]}, "properties": {"stop_id": "FR:14572:ZE:1171159:ATOUMOD040", "stop_name": "Mairie", "route_ids": ["ATOUMOD040:Line:1004456:LOC"]}}, {"type": "Feature", "geometry": {"type": "Point", "coordinates": [0.712869, 49.195774]}, "properties": {"stop_id": "FR:27116:ZE:1178043:ATOUMOD040", "stop_name": "Gare Sncf (rue Tragin)", "route_ids": ["ATOUMOD040:Line:1003293:LOC"]}}, {"type": "Feature", "geometry": {"type": "Point", "coordinates": [-0.660266, 49.081342]}, "properties": {"stop_id": "FR:14752:ZE:1143402:ATOUMOD040", "stop_name": "College Simone Veil", "route_ids": ["ATOUMOD040:Line:1004455:LOC"]}}, {"type": "Feature", "geometry": {"type": "Point", "coordinates": [-0.212255, 48.918858]}, "properties": {"stop_id": "FR:14025:ZE:1151235:ATOUMOD040", "stop_name": "Aubigny", "route_ids": ["ATOUMOD040:Line:1004457:LOC"]}}, {"type": "Feature", "geometry": {"type": "Point", "coordinates": [-0.212407, 48.919016]}, "properties": {"stop_id": "FR:14025:ZE:1151236:ATOUMOD040", "stop_name": "Aubigny", "route_ids": ["ATOUMOD040:Line:1004457:LOC"]}}, {"type": "Feature", "geometry": {"type": "Point", "coordinates": [-0.142863, 49.097008]}, "properties": {"stop_id": "FR:14005:ZE:1151243:ATOUMOD040", "stop_name": "AIRAN - Le Ruel", "route_ids": ["ATOUMOD040:Line:1004473:LOC"]}}, {"type": "Feature", "geometry": {"type": "Point", "coordinates": [-0.143824, 49.097418]}, "properties": {"stop_id": "FR:14005:ZE:1151244:ATOUMOD040", "stop_name": "AIRAN - Le Ruel", "route_ids": ["ATOUMOD040:Line:1004473:LOC"]}}, {"type": "Feature", "geometry": {"type": "Point", "coordinates": [-0.151904, 49.101189]}, "properties": {"stop_id": "FR:14005:ZE:1151245:ATOUMOD040", "stop_name": "AIRAN - Mairie", "route_ids": ["ATOUMOD040:Line:1004473:LOC"]}}, {"type": "Feature", "geometry": {"type": "Point", "coordinates": [-0.150657, 49.100678]}, "properties": {"stop_id": "FR:14005:ZE:1151246:ATOUMOD040", "stop_name": "AIRAN - Mairie", "route_ids": ["ATOUMOD040:Line:1004473:LOC"]}}, {"type": "Feature", "geometry": {"type": "Point", "coordinates": [-0.439393, 49.08581]}, "properties": {"stop_id": "FR:14006:ZE:1151247:ATOUMOD040", "stop_name": "Eglise", "route_ids": ["ATOUMOD040:Line:1004446:LOC"]}}, {"type": "Feature", "geometry": {"type": "Point", "coordinates": [-0.439315, 49.085604]}, "properties": {"stop_id": "FR:14006:ZE:1151248:ATOUMOD040", "stop_name": "Eglise", "route_ids": ["ATOUMOD040:Line:1004446:LOC"]}}, {"type": "Feature", "geometry": {"type": "Point", "coordinates": [-0.4257, 49.08567]}, "properties": {"stop_id": "FR:14006:ZE:1151249:ATOUMOD040", "stop_name": "Pont du Coudray", "route_ids": ["ATOUMOD040:Line:1004446:LOC"]}}, {"type": "Feature", "geometry": {"type": "Point", "coordinates": [-0.42566, 49.08567]}, "properties": {"stop_id": "FR:14006:ZE:1151250:ATOUMOD040", "stop_name": "Pont du Coudray", "route_ids": ["ATOUMOD040:Line:1004446:LOC"]}}, {"type": "Feature", "geometry": {"type": "Point", "coordinates": [-0.23362, 49.24732]}, "properties": {"stop_id": "FR:14009:ZE:1151251:ATOUMOD040", "stop_name": "Le plain", "route_ids": ["ATOUMOD040:Line:1004451:LOC"]}}, {"type": "Feature", "geometry": {"type": "Point", "coordinates": [-0.2335, 49.24709]}, "properties": {"stop_id": "FR:14009:ZE:1151252:ATOUMOD040", "stop_name": "Le plain", "route_ids": ["ATOUMOD040:Line:1004451:LOC"]}}, {"type": "Feature", "geometry": {"type": "Point", "coordinates": [-0.23396, 49.24414]}, "properties": {"stop_id": "FR:14009:ZE:1151253:ATOUMOD040", "stop_name": "Les moutiers", "route_ids": ["ATOUMOD040:Line:1004451:LOC"]}}, {"type": "Feature", "geometry": {"type": "Point", "coordinates": [-0.23394, 49.24399]}, "properties": {"stop_id": "FR:14009:ZE:1151254:ATOUMOD040", "stop_name": "Les moutiers", "route_ids": ["ATOUMOD040:Line:1004451:LOC"]}}, {"type": "Feature", "geometry": {"type": "Point", "coordinates": [-0.23105, 49.25191]}, "properties": {"stop_id": "FR:14009:ZE:1151255:ATOUMOD040", "stop_name": "Le hameau Oger", "route_ids": ["ATOUMOD040:Line:1004451:LOC"]}}, {"type": "Feature", "geometry": {"type": "Point", "coordinates": [-0.23096, 49.25199]}, "properties": {"stop_id": "FR:14009:ZE:1151256:ATOUMOD040", "stop_name": "Le hameau Oger", "route_ids": ["ATOUMOD040:Line:1004451:LOC"]}}, {"type": "Feature", "geometry": {"type": "Point", "coordinates": [-0.230901, 49.256001]}, "properties": {"stop_id": "FR:14009:ZE:1151257:ATOUMOD040", "stop_name": "La perruque", "route_ids": ["ATOUMOD040:Line:1004451:LOC"]}}, {"type": "Feature", "geometry": {"type": "Point", "coordinates": [-0.231057, 49.256723]}, "properties": {"stop_id": "FR:14009:ZE:1151258:ATOUMOD040", "stop_name": "La perruque", "route_ids": ["ATOUMOD040:Line:1004451:LOC"]}}, {"type": "Feature", "geometry": {"type": "Point", "coordinates": [-0.39527, 49.26473]}, "properties": {"stop_id": "FR:14014:ZE:1151259:ATOUMOD040", "stop_name": "Anguerny - Coursanne", "route_ids": ["ATOUMOD040:Line:1004441:LOC"]}}, {"type": "Feature", "geometry": {"type": "Point", "coordinates": [-0.39536, 49.26481]}, "properties": {"stop_id": "FR:14014:ZE:1151260:ATOUMOD040", "stop_name": "Anguerny - Coursanne", "route_ids": ["ATOUMOD040:Line:1004441:LOC"]}}, {"type": "Feature", "geometry": {"type": "Point", "coordinates": [-0.40285, 49.26633]}, "properties": {"stop_id": "FR:14014:ZE:1151261:ATOUMOD040", "stop_name": "Anguerny - Bout Maçon", "route_ids": ["ATOUMOD040:Line:1004441:LOC"]}}, {"type": "Feature", "geometry": {"type": "Point", "coordinates": [-0.40457, 49.26585]}, "properties": {"stop_id": "FR:14014:ZE:1151262:ATOUMOD040", "stop_name": "Anguerny - Bout Maçon", "route_ids": ["ATOUMOD040:Line:1004441:LOC"]}}, {"type": "Feature", "geometry": {"type": "Point", "coordinates": [-0.39558, 49.24967]}, "properties": {"stop_id": "FR:14015:ZE:1151263:ATOUMOD040", "stop_name": "La Perelle", "route_ids": ["ATOUMOD040:Line:1004441:LOC"]}}, {"type": "Feature", "geometry": {"type": "Point", "coordinates": [-0.39556, 49.24969]}, "properties": {"stop_id": "FR:14015:ZE:1151264:ATOUMOD040", "stop_name": "La Perelle", "route_ids": ["ATOUMOD040:Line:1004441:LOC"]}}, {"type": "Feature", "geometry": {"type": "Point", "coordinates": [-0.389455, 49.250347]}, "properties": {"stop_id": "FR:14015:ZE:1151265:ATOUMOD040", "stop_name": "Saint Pierre", "route_ids": ["ATOUMOD040:Line:1004441:LOC"]}}, {"type": "Feature", "geometry": {"type": "Point", "coordinates": [-0.389585, 49.250238]}, "properties": {"stop_id": "FR:14015:ZE:1151266:ATOUMOD040", "stop_name": "Saint Pierre", "route_ids": ["ATOUMOD040:Line:1004441:LOC"]}}, {"type": "Feature", "geometry": {"type": "Point", "coordinates": [-0.383509, 49.251297]}, "properties": {"stop_id": "FR:14407:ZE:1151267:ATOUMOD040", "stop_name": "Equipement", "route_ids": ["ATOUMOD040:Line:1004441:LOC"]}}, {"type": "Feature", "geometry": {"type": "Point", "coordinates": [0.0544, 49.25507]}, "properties": {"stop_id": "FR:14016:ZE:1151274:ATOUMOD040", "stop_name": "Les quatre routes", "route_ids": ["ATOUMOD040:Line:1004458:LOC"]}}, {"type": "Feature", "geometry": {"type": "Point", "coordinates": [0.05493, 49.25496]}, "properties": {"stop_id": "FR:14016:ZE:1151275:ATOUMOD040", "stop_name": "Les quatre routes", "route_ids": ["ATOUMOD040:Line:1004458:LOC"]}}, {"type": "Feature", "geometry": {"type": "Point", "coordinates": [-0.165681, 49.125863]}, "properties": {"stop_id": "FR:14020:ZE:1151278:ATOUMOD040", "stop_name": "Albert Frilley", "route_ids": ["ATOUMOD040:Line:1004450:LOC", "ATOUMOD040:Line:1004473:LOC"]}}, {"type": "Feature", "geometry": {"type": "Point", "coordinates": [-0.165404, 49.125702]}, "properties": {"stop_id": "FR:14020:ZE:1151279:ATOUMOD040", "stop_name": "Albert Frilley", "route_ids": ["ATOUMOD040:Line:1004450:LOC", "ATOUMOD040:Line:1004473:LOC"]}}, {"type": "Feature", "geometry": {"type": "Point", "coordinates": [-0.17078, 49.12458]}, "properties": {"stop_id": "FR:14020:ZE:1151280:ATOUMOD040", "stop_name": "Cimetiere", "route_ids": ["ATOUMOD040:Line:1004450:LOC", "ATOUMOD040:Line:1004473:LOC"]}}, {"type": "Feature", "geometry": {"type": "Point", "coordinates": [-0.170695, 49.124608]}, "properties": {"stop_id": "FR:14020:ZE:1151281:ATOUMOD040", "stop_name": "Cimetiere", "route_ids": ["ATOUMOD040:Line:1004450:LOC", "ATOUMOD040:Line:1004473:LOC"]}}, {"type": "Feature", "geometry": {"type": "Point", "coordinates": [-0.16662, 49.12034]}, "properties": {"stop_id": "FR:14020:ZE:1151282:ATOUMOD040", "stop_name": "Centre aquatique", "route_ids": ["ATOUMOD040:Line:1004450:LOC", "ATOUMOD040:Line:1004473:LOC"]}}, {"type": "Feature", "geometry": {"type": "Point", "coordinates": [-0.16643, 49.12027]}, "properties": {"stop_id": "FR:14020:ZE:1151283:ATOUMOD040", "stop_name": "Centre aquatique", "route_ids": ["ATOUMOD040:Line:1004450:LOC", "ATOUMOD040:Line:1004473:LOC"]}}, {"type": "Feature", "geometry": {"type": "Point", "coordinates": [-0.17484, 49.12006]}, "properties": {"stop_id": "FR:14020:ZE:1151284:ATOUMOD040", "stop_name": "Centre commercial", "route_ids": ["ATOUMOD040:Line:1004450:LOC", "ATOUMOD040:Line:1004473:LOC"]}}, {"type": "Feature", "geometry": {"type": "Point", "coordinates": [-0.17462, 49.12032]}, "properties": {"stop_id": "FR:14020:ZE:1151285:ATOUMOD040", "stop_name": "Centre commercial", "route_ids": ["ATOUMOD040:Line:1004450:LOC", "ATOUMOD040:Line:1004473:LOC"]}}, {"type": "Feature", "geometry": {"type": "Point", "coordinates": [-0.62455, 49.33789]}, "properties": {"stop_id": "FR:14021:ZE:1151288:ATOUMOD040", "stop_name": "Avenue de verdun", "route_ids": ["ATOUMOD040:Line:1004465:LOC", "ATOUMOD040:Line:1010148:LOC"]}}, {"type": "Feature", "geometry": {"type": "Point", "coordinates": [-0.62424, 49.33777]}, "properties": {"stop_id": "FR:14021:ZE:1151289:ATOUMOD040", "stop_name": "Avenue de verdun", "route_ids": ["ATOUMOD040:Line:1010148:LOC", "ATOUMOD040:Line:1004465:LOC"]}}, {"type": "Feature", "geometry": {"type": "Point", "coordinates": [-0.61367, 49.33889]}, "properties": {"stop_id": "FR:14021:ZE:1151290:ATOUMOD040", "stop_name": "Cinéma 360", "route_ids": ["ATOUMOD040:Line:1004465:LOC", "ATOUMOD040:Line:1010148:LOC"]}}, {"type": "Feature", "geometry": {"type": "Point", "coordinates": [-0.61347, 49.33883]}, "properties": {"stop_id": "FR:14021:ZE:1151291:ATOUMOD040", "stop_name": "Cinéma 360", "route_ids": ["ATOUMOD040:Line:1010148:LOC", "ATOUMOD040:Line:1004465:LOC"]}}, {"type": "Feature", "geometry": {"type": "Point", "coordinates": [-0.581268, 49.335254]}, "properties": {"stop_id": "FR:14022:ZE:1151296:ATOUMOD040", "stop_name": "Théodore Labbey", "route_ids": ["ATOUMOD040:Line:1004440:LOC", "ATOUMOD040:Line:1004465:LOC"]}}, {"type": "Feature", "geometry": {"type": "Point", "coordinates": [-0.581203, 49.3353]}, "properties": {"stop_id": "FR:14022:ZE:1151297:ATOUMOD040", "stop_name": "Théodore Labbey", "route_ids": ["ATOUMOD040:Line:1004440:LOC", "ATOUMOD040:Line:1004465:LOC"]}}, {"type": "Feature", "geometry": {"type": "Point", "coordinates": [-0.58577, 49.3397]}, "properties": {"stop_id": "FR:14022:ZE:1151298:ATOUMOD040", "stop_name": "Place A. Stanier", "route_ids": ["ATOUMOD040:Line:1004440:LOC", "ATOUMOD040:Line:1004465:LOC", "ATOUMOD040:Line:1010148:LOC"]}}, {"type": "Feature", "geometry": {"type": "Point", "coordinates": [-0.585302, 49.339711]}, "properties": {"stop_id": "FR:14022:ZE:1151299:ATOUMOD040", "stop_name": "Place A. Stanier", "route_ids": ["ATOUMOD040:Line:1004465:LOC", "ATOUMOD040:Line:1004440:LOC", "ATOUMOD040:Line:1010148:LOC"]}}, {"type": "Feature", "geometry": {"type": "Point", "coordinates": [-0.02787, 49.30678]}, "properties": {"stop_id": "FR:14024:ZE:1151302:ATOUMOD040", "stop_name": "Mairie", "route_ids": ["ATOUMOD040:Line:1004451:LOC"]}}, {"type": "Feature", "geometry": {"type": "Point", "coordinates": [-0.02808, 49.30662]}, "properties": {"stop_id": "FR:14024:ZE:1151303:ATOUMOD040", "stop_name": "Mairie", "route_ids": ["ATOUMOD040:Line:1004451:LOC"]}}, {"type": "Feature", "geometry": {"type": "Point", "coordinates": [-0.633448, 49.02226]}, "properties": {"stop_id": "FR:14027:ZE:1151313:ATOUMOD040", "stop_name": "AUNAY-SUR-ODON - Champ de Foire", "route_ids": ["ATOUMOD040:Line:1004445:LOC", "ATOUMOD040:Line:1004455:LOC"]}}, {"type": "Feature", "geometry": {"type": "Point", "coordinates": [-0.63558, 49.01848]}, "properties": {"stop_id": "FR:14027:ZE:1151315:ATOUMOD040", "stop_name": "AUNAY-SUR-ODON - Bellevue", "route_ids": ["ATOUMOD040:Line:1004455:LOC"]}}, {"type": "Feature", "geometry": {"type": "Point", "coordinates": [-0.63555, 49.01852]}, "properties": {"stop_id": "FR:14027:ZE:1151316:ATOUMOD040", "stop_name": "AUNAY-SUR-ODON - Bellevue", "route_ids": ["ATOUMOD040:Line:1004455:LOC"]}}, {"type": "Feature", "geometry": {"type": "Point", "coordinates": [-0.63292, 49.01746]}, "properties": {"stop_id": "FR:14027:ZE:1151317:ATOUMOD040", "stop_name": "AUNAY-SUR-ODON - Hôpital", "route_ids": ["ATOUMOD040:Line:1004445:LOC", "ATOUMOD040:Line:1004455:LOC"]}}, {"type": "Feature", "geometry": {"type": "Point", "coordinates": [-0.63289, 49.01756]}, "properties": {"stop_id": "FR:14027:ZE:1151318:ATOUMOD040", "stop_name": "AUNAY-SUR-ODON - Hôpital", "route_ids": ["ATOUMOD040:Line:1004445:LOC", "ATOUMOD040:Line:1004455:LOC"]}}, {"type": "Feature", "geometry": {"type": "Point", "coordinates": [-0.64651, 49.03718]}, "properties": {"stop_id": "FR:14379:ZE:1151319:ATOUMOD040", "stop_name": "Beauvais", "route_ids": ["ATOUMOD040:Line:1004455:LOC"]}}, {"type": "Feature", "geometry": {"type": "Point", "coordinates": [-0.64637, 49.03682]}, "properties": {"stop_id": "FR:14379:ZE:1151320:ATOUMOD040", "stop_name": "Beauvais", "route_ids": ["ATOUMOD040:Line:1004455:LOC"]}}, {"type": "Feature", "geometry": {"type": "Point", "coordinates": [-0.65728, 49.05149]}, "properties": {"stop_id": "FR:14379:ZE:1151321:ATOUMOD040", "stop_name": "Bélissent", "route_ids": ["ATOUMOD040:Line:1004455:LOC"]}}, {"type": "Feature", "geometry": {"type": "Point", "coordinates": [-0.65806, 49.05272]}, "properties": {"stop_id": "FR:14379:ZE:1151322:ATOUMOD040", "stop_name": "Bélissent", "route_ids": ["ATOUMOD040:Line:1004455:LOC"]}}, {"type": "Feature", "geometry": {"type": "Point", "coordinates": [-0.458974, 49.100151]}, "properties": {"stop_id": "FR:14034:ZE:1151335:ATOUMOD040", "stop_name": "Avenay", "route_ids": ["ATOUMOD040:Line:1004446:LOC"]}}, {"type": "Feature", "geometry": {"type": "Point", "coordinates": [-0.458922, 49.100361]}, "properties": {"stop_id": "FR:14034:ZE:1151336:ATOUMOD040", "stop_name": "Avenay", "route_ids": ["ATOUMOD040:Line:1004446:LOC"]}}, {"type": "Feature", "geometry": {"type": "Point", "coordinates": [-0.34997, 49.00988]}, "properties": {"stop_id": "FR:14039:ZE:1151337:ATOUMOD040", "stop_name": "Mairie", "route_ids": ["ATOUMOD040:Line:1004448:LOC"]}}, {"type": "Feature", "geometry": {"type": "Point", "coordinates": [-0.349989, 49.009927]}, "properties": {"stop_id": "FR:14039:ZE:1151338:ATOUMOD040", "stop_name": "Mairie", "route_ids": ["ATOUMOD040:Line:1004448:LOC"]}}, {"type": "Feature", "geometry": {"type": "Point", "coordinates": [-0.32414, 49.01229]}, "properties": {"stop_id": "FR:14039:ZE:1151339:ATOUMOD040", "stop_name": "Mesnil Touffray", "route_ids": ["ATOUMOD040:Line:1004448:LOC"]}}, {"type": "Feature", "geometry": {"type": "Point", "coordinates": [-0.32404, 49.0123]}, "properties": {"stop_id": "FR:14039:ZE:1151340:ATOUMOD040", "stop_name": "Mesnil Touffray", "route_ids": ["ATOUMOD040:Line:1004448:LOC"]}}, {"type": "Feature", "geometry": {"type": "Point", "coordinates": [-0.56969, 49.06397]}, "properties": {"stop_id": "FR:14037:ZE:1151347:ATOUMOD040", "stop_name": "BANNEVILLE-SUR-AJON - Mairie", "route_ids": ["ATOUMOD040:Line:1004445:LOC"]}}, {"type": "Feature", "geometry": {"type": "Point", "coordinates": [-0.56954, 49.06433]}, "properties": {"stop_id": "FR:14037:ZE:1151348:ATOUMOD040", "stop_name": "BANNEVILLE-SUR-AJON - Mairie", "route_ids": ["ATOUMOD040:Line:1004445:LOC"]}}, {"type": "Feature", "geometry": {"type": "Point", "coordinates": [-0.48431, 49.12778]}, "properties": {"stop_id": "FR:14042:ZE:1151349:ATOUMOD040", "stop_name": "Eglise", "route_ids": ["ATOUMOD040:Line:1004444:LOC"]}}, {"type": "Feature", "geometry": {"type": "Point", "coordinates": [-0.48382, 49.12807]}, "properties": {"stop_id": "FR:14042:ZE:1151350:ATOUMOD040", "stop_name": "Eglise", "route_ids": ["ATOUMOD040:Line:1004444:LOC"]}}, {"type": "Feature", "geometry": {"type": "Point", "coordinates": [-0.478707, 49.133139]}, "properties": {"stop_id": "FR:14042:ZE:1151351:ATOUMOD040", "stop_name": "Ecole", "route_ids": ["ATOUMOD040:Line:1004444:LOC"]}}, {"type": "Feature", "geometry": {"type": "Point", "coordinates": [-0.478605, 49.133125]}, "properties": {"stop_id": "FR:14042:ZE:1151352:ATOUMOD040", "stop_name": "Ecole", "route_ids": ["ATOUMOD040:Line:1004444:LOC"]}}, {"type": "Feature", "geometry": {"type": "Point", "coordinates": [-0.4709, 49.136]}, "properties": {"stop_id": "FR:14042:ZE:1151353:ATOUMOD040", "stop_name": "Hautes Sentes", "route_ids": ["ATOUMOD040:Line:1004444:LOC"]}}, {"type": "Feature", "geometry": {"type": "Point", "coordinates": [-0.47079, 49.13616]}, "properties": {"stop_id": "FR:14042:ZE:1151354:ATOUMOD040", "stop_name": "Hautes Sentes", "route_ids": ["ATOUMOD040:Line:1004444:LOC"]}}, {"type": "Feature", "geometry": {"type": "Point", "coordinates": [-0.42312, 49.2784]}, "properties": {"stop_id": "FR:14044:ZE:1151355:ATOUMOD040", "stop_name": "Mairie", "route_ids": ["ATOUMOD040:Line:1004441:LOC"]}}, {"type": "Feature", "geometry": {"type": "Point", "coordinates": [-0.42352, 49.27878]}, "properties": {"stop_id": "FR:14044:ZE:1151356:ATOUMOD040", "stop_name": "Mairie", "route_ids": ["ATOUMOD040:Line:1004441:LOC"]}}, {"type": "Feature", "geometry": {"type": "Point", "coordinates": [-0.427, 49.28177]}, "properties": {"stop_id": "FR:14044:ZE:1151359:ATOUMOD040", "stop_name": "Les Sorbiers", "route_ids": ["ATOUMOD040:Line:1004441:LOC"]}}, {"type": "Feature", "geometry": {"type": "Point", "coordinates": [-0.42731, 49.28214]}, "properties": {"stop_id": "FR:14044:ZE:1151360:ATOUMOD040", "stop_name": "Les Sorbiers", "route_ids": ["ATOUMOD040:Line:1004441:LOC"]}}, {"type": "Feature", "geometry": {"type": "Point", "coordinates": [-0.61341, 49.03541]}, "properties": {"stop_id": "FR:14027:ZE:1151361:ATOUMOD040", "stop_name": "BAUQUAY - Les Perquettes", "route_ids": ["ATOUMOD040:Line:1004445:LOC"]}}, {"type": "Feature", "geometry": {"type": "Point", "coordinates": [-0.61402, 49.03508]}, "properties": {"stop_id": "FR:14027:ZE:1151362:ATOUMOD040", "stop_name": "BAUQUAY - Les Perquettes", "route_ids": ["ATOUMOD040:Line:1004445:LOC"]}}, {"type": "Feature", "geometry": {"type": "Point", "coordinates": [-0.19252, 49.2337]}, "properties": {"stop_id": "FR:14046:ZE:1151363:ATOUMOD040", "stop_name": "Les Harnots", "route_ids": ["ATOUMOD040:Line:1004451:LOC"]}}, {"type": "Feature", "geometry": {"type": "Point", "coordinates": [-0.19251, 49.2339]}, "properties": {"stop_id": "FR:14046:ZE:1151364:ATOUMOD040", "stop_name": "Les Harnots", "route_ids": ["ATOUMOD040:Line:1004451:LOC"]}}, {"type": "Feature", "geometry": {"type": "Point", "coordinates": [-0.19055, 49.23037]}, "properties": {"stop_id": "FR:14046:ZE:1151365:ATOUMOD040", "stop_name": "Grand Plain", "route_ids": ["ATOUMOD040:Line:1004451:LOC"]}}, {"type": "Feature", "geometry": {"type": "Point", "coordinates": [-0.19033, 49.23078]}, "properties": {"stop_id": "FR:14046:ZE:1151366:ATOUMOD040", "stop_name": "Grand Plain", "route_ids": ["ATOUMOD040:Line:1004451:LOC"]}}, {"type": "Feature", "geometry": {"type": "Point", "coordinates": [-0.19582, 49.2294]}, "properties": {"stop_id": "FR:14046:ZE:1151367:ATOUMOD040", "stop_name": "Petit Plain", "route_ids": ["ATOUMOD040:Line:1004451:LOC"]}}, {"type": "Feature", "geometry": {"type": "Point", "coordinates": [-0.19555, 49.22951]}, "properties": {"stop_id": "FR:14046:ZE:1151368:ATOUMOD040", "stop_name": "Petit Plain", "route_ids": ["ATOUMOD040:Line:1004451:LOC"]}}, {"type": "Feature", "geometry": {"type": "Point", "coordinates": [-0.21378, 49.22776]}, "properties": {"stop_id": "FR:14046:ZE:1151369:ATOUMOD040", "stop_name": "Arbre Martin", "route_ids": ["ATOUMOD040:Line:1004451:LOC"]}}, {"type": "Feature", "geometry": {"type": "Point", "coordinates": [-0.21434, 49.22728]}, "properties": {"stop_id": "FR:14046:ZE:1151370:ATOUMOD040", "stop_name": "Arbre Martin", "route_ids": ["ATOUMOD040:Line:1004451:LOC"]}}, {"type": "Feature", "geometry": {"type": "Point", "coordinates": [-0.20213, 49.22872]}, "properties": {"stop_id": "FR:14046:ZE:1151371:ATOUMOD040", "stop_name": "Ritachere", "route_ids": ["ATOUMOD040:Line:1004451:LOC"]}}, {"type": "Feature", "geometry": {"type": "Point", "coordinates": [-0.20107, 49.22878]}, "properties": {"stop_id": "FR:14046:ZE:1151372:ATOUMOD040", "stop_name": "Ritachere", "route_ids": ["ATOUMOD040:Line:1004451:LOC"]}}, {"type": "Feature", "geometry": {"type": "Point", "coordinates": [-0.69742, 49.26984]}, "properties": {"stop_id": "FR:14047:ZE:1151373:ATOUMOD040", "stop_name": "Gare Sncf", "route_ids": ["ATOUMOD040:Line:1004454:LOC", "ATOUMOD040:Line:1004464:LOC", "ATOUMOD040:Line:1004465:LOC"]}}, {"type": "Feature", "geometry": {"type": "Point", "coordinates": [-0.707658, 49.280117]}, "properties": {"stop_id": "FR:14047:ZE:1151375:ATOUMOD040", "stop_name": "Saint-Patrice", "route_ids": ["ATOUMOD040:Line:1004454:LOC", "ATOUMOD040:Line:1004464:LOC", "ATOUMOD040:Line:1004465:LOC"]}}, {"type": "Feature", "geometry": {"type": "Point", "coordinates": [-0.711832, 49.275077]}, "properties": {"stop_id": "FR:14047:ZE:1151377:ATOUMOD040", "stop_name": "College Létot", "route_ids": ["ATOUMOD040:Line:1004464:LOC", "ATOUMOD040:Line:1004465:LOC"]}}, {"type": "Feature", "geometry": {"type": "Point", "coordinates": [-0.711626, 49.275065]}, "properties": {"stop_id": "FR:14047:ZE:1151378:ATOUMOD040", "stop_name": "College Létot", "route_ids": ["ATOUMOD040:Line:1004464:LOC", "ATOUMOD040:Line:1004465:LOC"]}}, {"type": "Feature", "geometry": {"type": "Point", "coordinates": [-0.710279, 49.285872]}, "properties": {"stop_id": "FR:14047:ZE:1151379:ATOUMOD040", "stop_name": "A de Caumont", "route_ids": ["ATOUMOD040:Line:1004464:LOC"]}}, {"type": "Feature", "geometry": {"type": "Point", "coordinates": [-0.687989, 49.272819]}, "properties": {"stop_id": "FR:14047:ZE:1151381:ATOUMOD040", "stop_name": "Saint-Exupere", "route_ids": ["ATOUMOD040:Line:1004454:LOC"]}}, {"type": "Feature", "geometry": {"type": "Point", "coordinates": [-0.687935, 49.272903]}, "properties": {"stop_id": "FR:14663:ZE:1151382:ATOUMOD040", "stop_name": "Saint-Exupere", "route_ids": ["ATOUMOD040:Line:1004454:LOC"]}}, {"type": "Feature", "geometry": {"type": "Point", "coordinates": [-0.70229, 49.2803]}, "properties": {"stop_id": "FR:14047:ZE:1151383:ATOUMOD040", "stop_name": "Vallée des Prés", "route_ids": ["ATOUMOD040:Line:1004464:LOC", "ATOUMOD040:Line:1004465:LOC"]}}, {"type": "Feature", "geometry": {"type": "Point", "coordinates": [-0.702188, 49.280301]}, "properties": {"stop_id": "FR:14047:ZE:1151384:ATOUMOD040", "stop_name": "Vallée des Prés", "route_ids": ["ATOUMOD040:Line:1004465:LOC"]}}, {"type": "Feature", "geometry": {"type": "Point", "coordinates": [-0.71837, 49.28774]}, "properties": {"stop_id": "FR:14047:ZE:1151385:ATOUMOD040", "stop_name": "Route de Port-en-Bessin", "route_ids": ["ATOUMOD040:Line:1004464:LOC"]}}, {"type": "Feature", "geometry": {"type": "Point", "coordinates": [-0.71873, 49.28819]}, "properties": {"stop_id": "FR:14047:ZE:1151386:ATOUMOD040", "stop_name": "Route de Port-en-Bessin", "route_ids": ["ATOUMOD040:Line:1004464:LOC"]}}, {"type": "Feature", "geometry": {"type": "Point", "coordinates": [-0.82385, 48.91492]}, "properties": {"stop_id": "FR:14061:ZE:1151395:ATOUMOD040", "stop_name": "BEAULIEU - La Monnerie", "route_ids": ["ATOUMOD040:Line:1004455:LOC"]}}, {"type": "Feature", "geometry": {"type": "Point", "coordinates": [-0.8236, 48.91498]}, "properties": {"stop_id": "FR:14061:ZE:1151396:ATOUMOD040", "stop_name": "BEAULIEU - La Monnerie", "route_ids": ["ATOUMOD040:Line:1004455:LOC"]}}, {"type": "Feature", "geometry": {"type": "Point", "coordinates": [-0.221004, 49.131013]}, "properties": {"stop_id": "FR:14057:ZE:1151399:ATOUMOD040", "stop_name": "La Perquette", "route_ids": ["ATOUMOD040:Line:1004450:LOC", "ATOUMOD040:Line:1004473:LOC"]}}, {"type": "Feature", "geometry": {"type": "Point", "coordinates": [-0.221044, 49.130944]}, "properties": {"stop_id": "FR:14057:ZE:1151400:ATOUMOD040", "stop_name": "La Perquette", "route_ids": ["ATOUMOD040:Line:1004450:LOC", "ATOUMOD040:Line:1004473:LOC"]}}, {"type": "Feature", "geometry": {"type": "Point", "coordinates": [-0.20733, 49.12493]}, "properties": {"stop_id": "FR:14057:ZE:1151401:ATOUMOD040", "stop_name": "Commerces", "route_ids": ["ATOUMOD040:Line:1004450:LOC", "ATOUMOD040:Line:1004473:LOC"]}}, {"type": "Feature", "geometry": {"type": "Point", "coordinates": [-0.21009, 49.12601]}, "properties": {"stop_id": "FR:14057:ZE:1151402:ATOUMOD040", "stop_name": "Commerces", "route_ids": ["ATOUMOD040:Line:1004450:LOC", "ATOUMOD040:Line:1004473:LOC"]}}, {"type": "Feature", "geometry": {"type": "Point", "coordinates": [-0.42477, 49.32967]}, "properties": {"stop_id": "FR:14066:ZE:1151419:ATOUMOD040", "stop_name": "Général Leclerc", "route_ids": ["ATOUMOD040:Line:1004440:LOC"]}}, {"type": "Feature", "geometry": {"type": "Point", "coordinates": [-0.42473, 49.32996]}, "properties": {"stop_id": "FR:14066:ZE:1151420:ATOUMOD040", "stop_name": "Général Leclerc", "route_ids": ["ATOUMOD040:Line:1004440:LOC"]}}, {"type": "Feature", "geometry": {"type": "Point", "coordinates": [-0.42149, 49.33475]}, "properties": {"stop_id": "FR:14066:ZE:1151421:ATOUMOD040", "stop_name": "Plage", "route_ids": ["ATOUMOD040:Line:1004440:LOC"]}}, {"type": "Feature", "geometry": {"type": "Point", "coordinates": [-0.42049, 49.33477]}, "properties": {"stop_id": "FR:14066:ZE:1151422:ATOUMOD040", "stop_name": "Plage", "route_ids": ["ATOUMOD040:Line:1004440:LOC"]}}, {"type": "Feature", "geometry": {"type": "Point", "coordinates": [-0.40504, 49.33137]}, "properties": {"stop_id": "FR:14066:ZE:1151423:ATOUMOD040", "stop_name": "Rive", "route_ids": ["ATOUMOD040:Line:1004440:LOC"]}}, {"type": "Feature", "geometry": {"type": "Point", "coordinates": [-0.40691, 49.33225]}, "properties": {"stop_id": "FR:14066:ZE:1151424:ATOUMOD040", "stop_name": "Rive", "route_ids": ["ATOUMOD040:Line:1004440:LOC"]}}, {"type": "Feature", "geometry": {"type": "Point", "coordinates": [-0.416136, 49.331564]}, "properties": {"stop_id": "FR:14066:ZE:1151425:ATOUMOD040", "stop_name": "Montgomery", "route_ids": ["ATOUMOD040:Line:1004440:LOC"]}}, {"type": "Feature", "geometry": {"type": "Point", "coordinates": [-0.416068, 49.331598]}, "properties": {"stop_id": "FR:14066:ZE:1151426:ATOUMOD040", "stop_name": "Montgomery", "route_ids": ["ATOUMOD040:Line:1004440:LOC"]}}, {"type": "Feature", "geometry": {"type": "Point", "coordinates": [-0.43309, 49.29149]}, "properties": {"stop_id": "FR:14062:ZE:1151437:ATOUMOD040", "stop_name": "Bény-sur-Mer", "route_ids": ["ATOUMOD040:Line:1004441:LOC"]}}, {"type": "Feature", "geometry": {"type": "Point", "coordinates": [-0.43301, 49.29166]}, "properties": {"stop_id": "FR:14062:ZE:1151438:ATOUMOD040", "stop_name": "Bény-sur-Mer", "route_ids": ["ATOUMOD040:Line:1004441:LOC"]}}, {"type": "Feature", "geometry": {"type": "Point", "coordinates": [-0.192627, 49.091246]}, "properties": {"stop_id": "FR:14005:ZE:1151449:ATOUMOD040", "stop_name": "BILLY - Mairie", "route_ids": ["ATOUMOD040:Line:1004473:LOC"]}}, {"type": "Feature", "geometry": {"type": "Point", "coordinates": [-0.192656, 49.090791]}, "properties": {"stop_id": "FR:14005:ZE:1151450:ATOUMOD040", "stop_name": "BILLY - Mairie", "route_ids": ["ATOUMOD040:Line:1004473:LOC"]}}, {"type": "Feature", "geometry": {"type": "Point", "coordinates": [-0.196945, 49.088942]}, "properties": {"stop_id": "FR:14005:ZE:1151451:ATOUMOD040", "stop_name": "BILLY - Salle des Fetes", "route_ids": ["ATOUMOD040:Line:1004473:LOC"]}}, {"type": "Feature", "geometry": {"type": "Point", "coordinates": [-0.197007, 49.088946]}, "properties": {"stop_id": "FR:14005:ZE:1151452:ATOUMOD040", "stop_name": "BILLY - Salle des Fetes", "route_ids": ["ATOUMOD040:Line:1004473:LOC"]}}, {"type": "Feature", "geometry": {"type": "Point", "coordinates": [-0.50985, 49.20969]}, "properties": {"stop_id": "FR:14098:ZE:1151467:ATOUMOD040", "stop_name": "BRETTEVILLE-L'ORGUEILLEUSE - Eglise", "route_ids": ["ATOUMOD040:Line:1004454:LOC"]}}, {"type": "Feature", "geometry": {"type": "Point", "coordinates": [-0.50991, 49.20979]}, "properties": {"stop_id": "FR:14098:ZE:1151468:ATOUMOD040", "stop_name": "BRETTEVILLE-L'ORGUEILLEUSE - Eglise", "route_ids": ["ATOUMOD040:Line:1004454:LOC"]}}, {"type": "Feature", "geometry": {"type": "Point", "coordinates": [-0.51568, 49.21155]}, "properties": {"stop_id": "FR:14098:ZE:1151469:ATOUMOD040", "stop_name": "BRETTEVILLE-L'ORGUEILLEUSE - Mairie", "route_ids": ["ATOUMOD040:Line:1004454:LOC"]}}, {"type": "Feature", "geometry": {"type": "Point", "coordinates": [-0.51599, 49.21167]}, "properties": {"stop_id": "FR:14098:ZE:1151470:ATOUMOD040", "stop_name": "BRETTEVILLE-L'ORGUEILLEUSE - Mairie", "route_ids": ["ATOUMOD040:Line:1004454:LOC"]}}, {"type": "Feature", "geometry": {"type": "Point", "coordinates": [-0.52218, 49.21324]}, "properties": {"stop_id": "FR:14098:ZE:1151471:ATOUMOD040", "stop_name": "BRETTEVILLE-L'ORGUEILLEUSE - Bessin", "route_ids": ["ATOUMOD040:Line:1004454:LOC"]}}, {"type": "Feature", "geometry": {"type": "Point", "coordinates": [-0.52161, 49.21349]}, "properties": {"stop_id": "FR:14098:ZE:1151472:ATOUMOD040", "stop_name": "BRETTEVILLE-L'ORGUEILLEUSE - Bessin", "route_ids": ["ATOUMOD040:Line:1004454:LOC"]}}, {"type": "Feature", "geometry": {"type": "Point", "coordinates": [-0.50681, 49.20864]}, "properties": {"stop_id": "FR:14098:ZE:1151473:ATOUMOD040", "stop_name": "BRETTEVILLE-L'ORGUEILLEUSE - Mare aux Clercs", "route_ids": ["ATOUMOD040:Line:1004454:LOC"]}}, {"type": "Feature", "geometry": {"type": "Point", "coordinates": [-0.50663, 49.2087]}, "properties": {"stop_id": "FR:14098:ZE:1151474:ATOUMOD040", "stop_name": "BRETTEVILLE-L'ORGUEILLEUSE - Mare aux Clercs", "route_ids": ["ATOUMOD040:Line:1004454:LOC"]}}, {"type": "Feature", "geometry": {"type": "Point", "coordinates": [0.0279, 49.33861]}, "properties": {"stop_id": "FR:14079:ZE:1151477:ATOUMOD040", "stop_name": "Plage", "route_ids": ["ATOUMOD040:Line:1004451:LOC"]}}, {"type": "Feature", "geometry": {"type": "Point", "coordinates": [0.03043, 49.33934]}, "properties": {"stop_id": "FR:14079:ZE:1151478:ATOUMOD040", "stop_name": "Plage", "route_ids": ["ATOUMOD040:Line:1004451:LOC"]}}, {"type": "Feature", "geometry": {"type": "Point", "coordinates": [0.03954, 49.34424]}, "properties": {"stop_id": "FR:14059:ZE:1151485:ATOUMOD040", "stop_name": "Eglise", "route_ids": ["ATOUMOD040:Line:1004451:LOC"]}}, {"type": "Feature", "geometry": {"type": "Point", "coordinates": [0.03962, 49.34417]}, "properties": {"stop_id": "FR:14059:ZE:1151486:ATOUMOD040", "stop_name": "Eglise", "route_ids": ["ATOUMOD040:Line:1004451:LOC"]}}, {"type": "Feature", "geometry": {"type": "Point", "coordinates": [0.05053, 49.34878]}, "properties": {"stop_id": "FR:14059:ZE:1151487:ATOUMOD040", "stop_name": "Garenne", "route_ids": ["ATOUMOD040:Line:1004451:LOC"]}}, {"type": "Feature", "geometry": {"type": "Point", "coordinates": [0.05081, 49.34876]}, "properties": {"stop_id": "FR:14059:ZE:1151488:ATOUMOD040", "stop_name": "Garenne", "route_ids": ["ATOUMOD040:Line:1004451:LOC"]}}, {"type": "Feature", "geometry": {"type": "Point", "coordinates": [-0.80988, 48.93014]}, "properties": {"stop_id": "FR:14061:ZE:1151491:ATOUMOD040", "stop_name": "LE BENY-BOCAGE - La Ferronniere", "route_ids": ["ATOUMOD040:Line:1004455:LOC"]}}, {"type": "Feature", "geometry": {"type": "Point", "coordinates": [-0.80937, 48.92946]}, "properties": {"stop_id": "FR:14061:ZE:1151492:ATOUMOD040", "stop_name": "LE BENY-BOCAGE - La Ferronniere", "route_ids": ["ATOUMOD040:Line:1004455:LOC"]}}, {"type": "Feature", "geometry": {"type": "Point", "coordinates": [-0.393919, 49.047783]}, "properties": {"stop_id": "FR:14090:ZE:1151499:ATOUMOD040", "stop_name": "Lavoir", "route_ids": ["ATOUMOD040:Line:1004456:LOC"]}}, {"type": "Feature", "geometry": {"type": "Point", "coordinates": [-0.394124, 49.047826]}, "properties": {"stop_id": "FR:14090:ZE:1151500:ATOUMOD040", "stop_name": "Lavoir", "route_ids": ["ATOUMOD040:Line:1004456:LOC"]}}, {"type": "Feature", "geometry": {"type": "Point", "coordinates": [-0.39276, 49.05661]}, "properties": {"stop_id": "FR:14090:ZE:1151501:ATOUMOD040", "stop_name": "Le Huttray", "route_ids": ["ATOUMOD040:Line:1004456:LOC"]}}, {"type": "Feature", "geometry": {"type": "Point", "coordinates": [-0.39277, 49.05669]}, "properties": {"stop_id": "FR:14090:ZE:1151502:ATOUMOD040", "stop_name": "Le Huttray", "route_ids": ["ATOUMOD040:Line:1004456:LOC"]}}, {"type": "Feature", "geometry": {"type": "Point", "coordinates": [-0.23161, 48.960601]}, "properties": {"stop_id": "FR:14088:ZE:1151507:ATOUMOD040", "stop_name": "Rue du 16 aout 44", "route_ids": ["ATOUMOD040:Line:1004457:LOC"]}}, {"type": "Feature", "geometry": {"type": "Point", "coordinates": [-0.23156, 48.96045]}, "properties": {"stop_id": "FR:14088:ZE:1151508:ATOUMOD040", "stop_name": "Rue du 16 aout 44", "route_ids": ["ATOUMOD040:Line:1004457:LOC"]}}, {"type": "Feature", "geometry": {"type": "Point", "coordinates": [-0.52558, 49.11228]}, "properties": {"stop_id": "FR:14089:ZE:1151521:ATOUMOD040", "stop_name": "Bougy", "route_ids": ["ATOUMOD040:Line:1004444:LOC"]}}, {"type": "Feature", "geometry": {"type": "Point", "coordinates": [-0.22626, 49.2404]}, "properties": {"stop_id": "FR:14106:ZE:1151535:ATOUMOD040", "stop_name": "Mairie", "route_ids": ["ATOUMOD040:Line:1004451:LOC"]}}, {"type": "Feature", "geometry": {"type": "Point", "coordinates": [-0.22618, 49.2405]}, "properties": {"stop_id": "FR:14106:ZE:1151536:ATOUMOD040", "stop_name": "Mairie", "route_ids": ["ATOUMOD040:Line:1004451:LOC"]}}, {"type": "Feature", "geometry": {"type": "Point", "coordinates": [-0.32562, 49.04472]}, "properties": {"stop_id": "FR:14100:ZE:1151541:ATOUMOD040", "stop_name": "Boulevard des Alliés", "route_ids": ["ATOUMOD040:Line:1004448:LOC"]}}, {"type": "Feature", "geometry": {"type": "Point", "coordinates": [-0.32544, 49.04512]}, "properties": {"stop_id": "FR:14100:ZE:1151542:ATOUMOD040", "stop_name": "Boulevard des Alliés", "route_ids": ["ATOUMOD040:Line:1004448:LOC"]}}, {"type": "Feature", "geometry": {"type": "Point", "coordinates": [-0.319241, 49.048434]}, "properties": {"stop_id": "FR:14100:ZE:1151543:ATOUMOD040", "stop_name": "Quilly", "route_ids": ["ATOUMOD040:Line:1004448:LOC"]}}, {"type": "Feature", "geometry": {"type": "Point", "coordinates": [-0.319798, 49.048156]}, "properties": {"stop_id": "FR:14100:ZE:1151544:ATOUMOD040", "stop_name": "Quilly", "route_ids": ["ATOUMOD040:Line:1004448:LOC"]}}, {"type": "Feature", "geometry": {"type": "Point", "coordinates": [-0.11313, 49.21193]}, "properties": {"stop_id": "FR:14045:ZE:1151545:ATOUMOD040", "stop_name": "La Chollerie", "route_ids": ["ATOUMOD040:Line:1004458:LOC"]}}, {"type": "Feature", "geometry": {"type": "Point", "coordinates": [-0.11178, 49.21244]}, "properties": {"stop_id": "FR:14045:ZE:1151546:ATOUMOD040", "stop_name": "La Chollerie", "route_ids": ["ATOUMOD040:Line:1004458:LOC"]}}, {"type": "Feature", "geometry": {"type": "Point", "coordinates": [-0.13047, 49.1998]}, "properties": {"stop_id": "FR:14045:ZE:1151547:ATOUMOD040", "stop_name": "Mairie", "route_ids": ["ATOUMOD040:Line:1004458:LOC"]}}, {"type": "Feature", "geometry": {"type": "Point", "coordinates": [-0.12985, 49.20007]}, "properties": {"stop_id": "FR:14045:ZE:1151548:ATOUMOD040", "stop_name": "Mairie", "route_ids": ["ATOUMOD040:Line:1004458:LOC"]}}, {"type": "Feature", "geometry": {"type": "Point", "coordinates": [-0.41286, 49.16674]}, "properties": {"stop_id": "FR:14101:ZE:1151549:ATOUMOD040", "stop_name": "Bretteville Église", "route_ids": ["ATOUMOD040:Line:1004444:LOC", "ATOUMOD040:Line:1004477:LOC"]}}, {"type": "Feature", "geometry": {"type": "Point", "coordinates": [-0.41395, 49.16642]}, "properties": {"stop_id": "FR:14101:ZE:1151550:ATOUMOD040", "stop_name": "Bretteville Église", "route_ids": ["ATOUMOD040:Line:1004444:LOC", "ATOUMOD040:Line:1004455:LOC", "ATOUMOD040:Line:1004477:LOC"]}}, {"type": "Feature", "geometry": {"type": "Point", "coordinates": [-0.42025, 49.16442]}, "properties": {"stop_id": "FR:14101:ZE:1151551:ATOUMOD040", "stop_name": "Bretagne", "route_ids": ["ATOUMOD040:Line:1004444:LOC", "ATOUMOD040:Line:1004455:LOC", "ATOUMOD040:Line:1004477:LOC"]}}, {"type": "Feature", "geometry": {"type": "Point", "coordinates": [-0.42037, 49.16451]}, "properties": {"stop_id": "FR:14101:ZE:1151552:ATOUMOD040", "stop_name": "Bretagne", "route_ids": ["ATOUMOD040:Line:1004444:LOC", "ATOUMOD040:Line:1004455:LOC", "ATOUMOD040:Line:1004477:LOC"]}}, {"type": "Feature", "geometry": {"type": "Point", "coordinates": [-0.40761, 49.16847]}, "properties": {"stop_id": "FR:14101:ZE:1151553:ATOUMOD040", "stop_name": "Terrasses", "route_ids": ["ATOUMOD040:Line:1004444:LOC", "ATOUMOD040:Line:1004455:LOC", "ATOUMOD040:Line:1004477:LOC"]}}, {"type": "Feature", "geometry": {"type": "Point", "coordinates": [-0.40723, 49.16866]}, "properties": {"stop_id": "FR:14101:ZE:1151554:ATOUMOD040", "stop_name": "Terrasses", "route_ids": ["ATOUMOD040:Line:1004444:LOC", "ATOUMOD040:Line:1004455:LOC", "ATOUMOD040:Line:1004477:LOC"]}}, {"type": "Feature", "geometry": {"type": "Point", "coordinates": [-0.42949, 49.16176]}, "properties": {"stop_id": "FR:14101:ZE:1151555:ATOUMOD040", "stop_name": "Bas Manoir", "route_ids": ["ATOUMOD040:Line:1004444:LOC"]}}, {"type": "Feature", "geometry": {"type": "Point", "coordinates": [-0.42981, 49.16179]}, "properties": {"stop_id": "FR:14101:ZE:1151556:ATOUMOD040", "stop_name": "Bas Manoir", "route_ids": ["ATOUMOD040:Line:1004444:LOC"]}}, {"type": "Feature", "geometry": {"type": "Point", "coordinates": [-0.48736, 49.312904]}, "properties": {"stop_id": "FR:14038:ZE:1151567:ATOUMOD040", "stop_name": "Avenue des Chasses", "route_ids": ["ATOUMOD040:Line:1004442:LOC"]}}, {"type": "Feature", "geometry": {"type": "Point", "coordinates": [-0.487545, 49.312838]}, "properties": {"stop_id": "FR:14038:ZE:1151568:ATOUMOD040", "stop_name": "Avenue des Chasses", "route_ids": ["ATOUMOD040:Line:1004442:LOC"]}}, {"type": "Feature", "geometry": {"type": "Point", "coordinates": [-0.49811, 49.311768]}, "properties": {"stop_id": "FR:14038:ZE:1151569:ATOUMOD040", "stop_name": "Route de Sainte-Croix", "route_ids": ["ATOUMOD040:Line:1004442:LOC"]}}, {"type": "Feature", "geometry": {"type": "Point", "coordinates": [-0.497874, 49.311883]}, "properties": {"stop_id": "FR:14038:ZE:1151570:ATOUMOD040", "stop_name": "Route de Sainte-Croix", "route_ids": ["ATOUMOD040:Line:1004442:LOC"]}}, {"type": "Feature", "geometry": {"type": "Point", "coordinates": [-0.11449, 49.28662]}, "properties": {"stop_id": "FR:14117:ZE:1151571:ATOUMOD040", "stop_name": "Hôtel de Ville", "route_ids": ["ATOUMOD040:Line:1004451:LOC"]}}, {"type": "Feature", "geometry": {"type": "Point", "coordinates": [-0.11421, 49.28643]}, "properties": {"stop_id": "FR:14117:ZE:1151572:ATOUMOD040", "stop_name": "Hôtel de Ville", "route_ids": ["ATOUMOD040:Line:1004451:LOC"]}}, {"type": "Feature", "geometry": {"type": "Point", "coordinates": [-0.12438, 49.28747]}, "properties": {"stop_id": "FR:14117:ZE:1151573:ATOUMOD040", "stop_name": "Plage", "route_ids": ["ATOUMOD040:Line:1004451:LOC"]}}, {"type": "Feature", "geometry": {"type": "Point", "coordinates": [-0.12291, 49.2869]}, "properties": {"stop_id": "FR:14117:ZE:1151574:ATOUMOD040", "stop_name": "Plage", "route_ids": ["ATOUMOD040:Line:1004451:LOC"]}}, {"type": "Feature", "geometry": {"type": "Point", "coordinates": [-0.1386, 49.2856]}, "properties": {"stop_id": "FR:14117:ZE:1151575:ATOUMOD040", "stop_name": "Oasis", "route_ids": ["ATOUMOD040:Line:1004451:LOC"]}}, {"type": "Feature", "geometry": {"type": "Point", "coordinates": [-0.13855, 49.28553]}, "properties": {"stop_id": "FR:14117:ZE:1151576:ATOUMOD040", "stop_name": "Oasis", "route_ids": ["ATOUMOD040:Line:1004451:LOC"]}}, {"type": "Feature", "geometry": {"type": "Point", "coordinates": [-0.1477, 49.27691]}, "properties": {"stop_id": "FR:14117:ZE:1151577:ATOUMOD040", "stop_name": "Vert Pré", "route_ids": ["ATOUMOD040:Line:1004451:LOC"]}}, {"type": "Feature", "geometry": {"type": "Point", "coordinates": [-0.14721, 49.27708]}, "properties": {"stop_id": "FR:14117:ZE:1151578:ATOUMOD040", "stop_name": "Vert Pré", "route_ids": ["ATOUMOD040:Line:1004451:LOC"]}}, {"type": "Feature", "geometry": {"type": "Point", "coordinates": [-0.13366, 49.28625]}, "properties": {"stop_id": "FR:14117:ZE:1151579:ATOUMOD040", "stop_name": "Thalasso", "route_ids": ["ATOUMOD040:Line:1004451:LOC"]}}, {"type": "Feature", "geometry": {"type": "Point", "coordinates": [-0.13357, 49.2862]}, "properties": {"stop_id": "FR:14117:ZE:1151580:ATOUMOD040", "stop_name": "Thalasso", "route_ids": ["ATOUMOD040:Line:1004451:LOC"]}}, {"type": "Feature", "geometry": {"type": "Point", "coordinates": [-0.13772, 49.28288]}, "properties": {"stop_id": "FR:14117:ZE:1151581:ATOUMOD040", "stop_name": "Chemin Cailloué", "route_ids": ["ATOUMOD040:Line:1004451:LOC"]}}, {"type": "Feature", "geometry": {"type": "Point", "coordinates": [-0.13796, 49.28271]}, "properties": {"stop_id": "FR:14117:ZE:1151582:ATOUMOD040", "stop_name": "Chemin Cailloué", "route_ids": ["ATOUMOD040:Line:1004451:LOC"]}}, {"type": "Feature", "geometry": {"type": "Point", "coordinates": [-0.13189, 49.28411]}, "properties": {"stop_id": "FR:14117:ZE:1151587:ATOUMOD040", "stop_name": "Guillaume le Conquérant", "route_ids": ["ATOUMOD040:Line:1004451:LOC"]}}, {"type": "Feature", "geometry": {"type": "Point", "coordinates": [-0.13154, 49.28411]}, "properties": {"stop_id": "FR:14117:ZE:1151588:ATOUMOD040", "stop_name": "Guillaume le Conquérant", "route_ids": ["ATOUMOD040:Line:1004451:LOC"]}}, {"type": "Feature", "geometry": {"type": "Point", "coordinates": [-0.256938, 49.146495]}, "properties": {"stop_id": "FR:14119:ZE:1151595:ATOUMOD040", "stop_name": "Lebaudy", "route_ids": ["ATOUMOD040:Line:1004450:LOC", "ATOUMOD040:Line:1004473:LOC"]}}, {"type": "Feature", "geometry": {"type": "Point", "coordinates": [-0.256922, 49.146425]}, "properties": {"stop_id": "FR:14119:ZE:1151596:ATOUMOD040", "stop_name": "Lebaudy", "route_ids": ["ATOUMOD040:Line:1004450:LOC", "ATOUMOD040:Line:1004473:LOC"]}}, {"type": "Feature", "geometry": {"type": "Point", "coordinates": [-0.25972, 49.1436]}, "properties": {"stop_id": "FR:14119:ZE:1151597:ATOUMOD040", "stop_name": "Saut de Loup", "route_ids": ["ATOUMOD040:Line:1004450:LOC", "ATOUMOD040:Line:1004473:LOC"]}}, {"type": "Feature", "geometry": {"type": "Point", "coordinates": [-0.25961, 49.14376]}, "properties": {"stop_id": "FR:14119:ZE:1151598:ATOUMOD040", "stop_name": "Saut de Loup", "route_ids": ["ATOUMOD040:Line:1004450:LOC", "ATOUMOD040:Line:1004473:LOC"]}}, {"type": "Feature", "geometry": {"type": "Point", "coordinates": [-0.26656, 49.14997]}, "properties": {"stop_id": "FR:14119:ZE:1151599:ATOUMOD040", "stop_name": "Hameau de Cagny", "route_ids": ["ATOUMOD040:Line:1004450:LOC", "ATOUMOD040:Line:1004473:LOC"]}}, {"type": "Feature", "geometry": {"type": "Point", "coordinates": [-0.7677, 49.06505]}, "properties": {"stop_id": "FR:14120:ZE:1151601:ATOUMOD040", "stop_name": "Eglise", "route_ids": ["ATOUMOD040:Line:1004477:LOC"]}}, {"type": "Feature", "geometry": {"type": "Point", "coordinates": [-0.76757, 49.06573]}, "properties": {"stop_id": "FR:14120:ZE:1151602:ATOUMOD040", "stop_name": "Eglise", "route_ids": ["ATOUMOD040:Line:1004477:LOC"]}}, {"type": "Feature", "geometry": {"type": "Point", "coordinates": [-0.77022, 49.06827]}, "properties": {"stop_id": "FR:14120:ZE:1151603:ATOUMOD040", "stop_name": "Ecole", "route_ids": ["ATOUMOD040:Line:1004477:LOC"]}}, {"type": "Feature", "geometry": {"type": "Point", "coordinates": [-0.77025, 49.06819]}, "properties": {"stop_id": "FR:14120:ZE:1151604:ATOUMOD040", "stop_name": "Ecole", "route_ids": ["ATOUMOD040:Line:1004477:LOC"]}}, {"type": "Feature", "geometry": {"type": "Point", "coordinates": [-0.444841, 49.234012]}, "properties": {"stop_id": "FR:14123:ZE:1151609:ATOUMOD040", "stop_name": "Commerces", "route_ids": ["ATOUMOD040:Line:1004442:LOC"]}}, {"type": "Feature", "geometry": {"type": "Point", "coordinates": [-0.445037, 49.234177]}, "properties": {"stop_id": "FR:14123:ZE:1151610:ATOUMOD040", "stop_name": "Commerces", "route_ids": ["ATOUMOD040:Line:1004442:LOC"]}}, {"type": "Feature", "geometry": {"type": "Point", "coordinates": [-0.45063, 49.23845]}, "properties": {"stop_id": "FR:14123:ZE:1151611:ATOUMOD040", "stop_name": "Château", "route_ids": ["ATOUMOD040:Line:1004442:LOC"]}}, {"type": "Feature", "geometry": {"type": "Point", "coordinates": [-0.4503, 49.23784]}, "properties": {"stop_id": "FR:14123:ZE:1151612:ATOUMOD040", "stop_name": "Château", "route_ids": ["ATOUMOD040:Line:1004442:LOC"]}}, {"type": "Feature", "geometry": {"type": "Point", "coordinates": [-0.48174, 48.957]}, "properties": {"stop_id": "FR:14689:ZE:1151621:ATOUMOD040", "stop_name": "CAUMONT-SUR-ORNE - Mairie", "route_ids": ["ATOUMOD040:Line:1004456:LOC"]}}, {"type": "Feature", "geometry": {"type": "Point", "coordinates": [-0.48212, 48.95693]}, "properties": {"stop_id": "FR:14689:ZE:1151622:ATOUMOD040", "stop_name": "CAUMONT-SUR-ORNE - Mairie", "route_ids": ["ATOUMOD040:Line:1004456:LOC"]}}, {"type": "Feature", "geometry": {"type": "Point", "coordinates": [-0.80514, 49.08991]}, "properties": {"stop_id": "FR:14143:ZE:1151639:ATOUMOD040", "stop_name": "CAUMONT-L'EVENTE - Eglise", "route_ids": ["ATOUMOD040:Line:1004477:LOC"]}}, {"type": "Feature", "geometry": {"type": "Point", "coordinates": [-0.277657, 49.042918]}, "properties": {"stop_id": "FR:14145:ZE:1151647:ATOUMOD040", "stop_name": "Cauvicourt", "route_ids": ["ATOUMOD040:Line:1004448:LOC", "ATOUMOD040:Line:1004457:LOC"]}}, {"type": "Feature", "geometry": {"type": "Point", "coordinates": [-0.277689, 49.042828]}, "properties": {"stop_id": "FR:14145:ZE:1151648:ATOUMOD040", "stop_name": "Cauvicourt", "route_ids": ["ATOUMOD040:Line:1004448:LOC", "ATOUMOD040:Line:1004457:LOC"]}}, {"type": "Feature", "geometry": {"type": "Point", "coordinates": [-0.39497, 48.98155]}, "properties": {"stop_id": "FR:14150:ZE:1151660:ATOUMOD040", "stop_name": "CESNY-BOIS-HALBOUT - Eglise", "route_ids": ["ATOUMOD040:Line:1004448:LOC"]}}, {"type": "Feature", "geometry": {"type": "Point", "coordinates": [-0.37812, 48.98683]}, "properties": {"stop_id": "FR:14150:ZE:1151662:ATOUMOD040", "stop_name": "CESNY-BOIS-HALBOUT - Mairie", "route_ids": ["ATOUMOD040:Line:1004448:LOC"]}}, {"type": "Feature", "geometry": {"type": "Point", "coordinates": [-0.37826, 48.98689]}, "properties": {"stop_id": "FR:14150:ZE:1151663:ATOUMOD040", "stop_name": "CESNY-BOIS-HALBOUT - Mairie", "route_ids": ["ATOUMOD040:Line:1004448:LOC"]}}, {"type": "Feature", "geometry": {"type": "Point", "coordinates": [-0.12017, 49.08943]}, "properties": {"stop_id": "FR:14149:ZE:1151664:ATOUMOD040", "stop_name": "Mairie", "route_ids": ["ATOUMOD040:Line:1004473:LOC"]}}, {"type": "Feature", "geometry": {"type": "Point", "coordinates": [-0.11996, 49.0894]}, "properties": {"stop_id": "FR:14149:ZE:1151665:ATOUMOD040", "stop_name": "Mairie", "route_ids": ["ATOUMOD040:Line:1004473:LOC"]}}, {"type": "Feature", "geometry": {"type": "Point", "coordinates": [-0.21596, 49.11013]}, "properties": {"stop_id": "FR:14456:ZE:1151683:ATOUMOD040", "stop_name": "CHICHEBOVILLE - Mairie", "route_ids": ["ATOUMOD040:Line:1004473:LOC"]}}, {"type": "Feature", "geometry": {"type": "Point", "coordinates": [-0.21601, 49.11011]}, "properties": {"stop_id": "FR:14456:ZE:1151684:ATOUMOD040", "stop_name": "CHICHEBOVILLE - Mairie", "route_ids": ["ATOUMOD040:Line:1004473:LOC"]}}, {"type": "Feature", "geometry": {"type": "Point", "coordinates": [-0.20088, 49.1058]}, "properties": {"stop_id": "FR:14456:ZE:1151685:ATOUMOD040", "stop_name": "CHICHEBOVILLE - Calvaire", "route_ids": ["ATOUMOD040:Line:1004473:LOC"]}}, {"type": "Feature", "geometry": {"type": "Point", "coordinates": [-0.20082, 49.10576]}, "properties": {"stop_id": "FR:14456:ZE:1151686:ATOUMOD040", "stop_name": "CHICHEBOVILLE - Calvaire", "route_ids": ["ATOUMOD040:Line:1004473:LOC"]}}, {"type": "Feature", "geometry": {"type": "Point", "coordinates": [-0.21083, 49.10828]}, "properties": {"stop_id": "FR:14456:ZE:1151687:ATOUMOD040", "stop_name": "CHICHEBOVILLE - Prempain", "route_ids": ["ATOUMOD040:Line:1004473:LOC"]}}, {"type": "Feature", "geometry": {"type": "Point", "coordinates": [-0.21069, 49.10821]}, "properties": {"stop_id": "FR:14456:ZE:1151688:ATOUMOD040", "stop_name": "CHICHEBOVILLE - Prempain", "route_ids": ["ATOUMOD040:Line:1004473:LOC"]}}, {"type": "Feature", "geometry": {"type": "Point", "coordinates": [-0.29071, 49.05472]}, "properties": {"stop_id": "FR:14160:ZE:1151693:ATOUMOD040", "stop_name": "Place de la Mare", "route_ids": ["ATOUMOD040:Line:1004448:LOC"]}}, {"type": "Feature", "geometry": {"type": "Point", "coordinates": [-0.29063, 49.05476]}, "properties": {"stop_id": "FR:14160:ZE:1151694:ATOUMOD040", "stop_name": "Place de la Mare", "route_ids": ["ATOUMOD040:Line:1004448:LOC"]}}, {"type": "Feature", "geometry": {"type": "Point", "coordinates": [-0.28685, 49.05652]}, "properties": {"stop_id": "FR:14160:ZE:1151695:ATOUMOD040", "stop_name": "Pont", "route_ids": ["ATOUMOD040:Line:1004457:LOC"]}}, {"type": "Feature", "geometry": {"type": "Point", "coordinates": [-0.28676, 49.05639]}, "properties": {"stop_id": "FR:14160:ZE:1151696:ATOUMOD040", "stop_name": "Pont", "route_ids": ["ATOUMOD040:Line:1004457:LOC"]}}, {"type": "Feature", "geometry": {"type": "Point", "coordinates": [0.140334, 49.263815]}, "properties": {"stop_id": "FR:14161:ZE:1151697:ATOUMOD040", "stop_name": "La Queue Devée", "route_ids": ["ATOUMOD040:Line:1004458:LOC"]}}, {"type": "Feature", "geometry": {"type": "Point", "coordinates": [0.139239, 49.263801]}, "properties": {"stop_id": "FR:14161:ZE:1151698:ATOUMOD040", "stop_name": "La Queue Devée", "route_ids": ["ATOUMOD040:Line:1004458:LOC"]}}, {"type": "Feature", "geometry": {"type": "Point", "coordinates": [-0.29412, 49.19817]}, "properties": {"stop_id": "FR:14167:ZE:1151699:ATOUMOD040", "stop_name": "Lazzaro", "route_ids": ["ATOUMOD040:Line:1004451:LOC"]}}, {"type": "Feature", "geometry": {"type": "Point", "coordinates": [-0.29171, 49.19988]}, "properties": {"stop_id": "FR:14167:ZE:1151700:ATOUMOD040", "stop_name": "Lazzaro", "route_ids": ["ATOUMOD040:Line:1004451:LOC"]}}, {"type": "Feature", "geometry": {"type": "Point", "coordinates": [-0.48097, 48.91598]}, "properties": {"stop_id": "FR:14162:ZE:1151701:ATOUMOD040", "stop_name": "Puits de la Vie", "route_ids": ["ATOUMOD040:Line:1004456:LOC"]}}, {"type": "Feature", "geometry": {"type": "Point", "coordinates": [-0.49465, 48.91826]}, "properties": {"stop_id": "FR:14162:ZE:1151703:ATOUMOD040", "stop_name": "Clos d'Ailly", "route_ids": ["ATOUMOD040:Line:1004456:LOC"]}}, {"type": "Feature", "geometry": {"type": "Point", "coordinates": [-0.49444, 48.91795]}, "properties": {"stop_id": "FR:14162:ZE:1151704:ATOUMOD040", "stop_name": "Clos d'Ailly", "route_ids": ["ATOUMOD040:Line:1004456:LOC"]}}, {"type": "Feature", "geometry": {"type": "Point", "coordinates": [-0.48798, 48.91188]}, "properties": {"stop_id": "FR:14162:ZE:1151705:ATOUMOD040", "stop_name": "La Vauterie", "route_ids": ["ATOUMOD040:Line:1004456:LOC"]}}, {"type": "Feature", "geometry": {"type": "Point", "coordinates": [-0.50644, 48.88306]}, "properties": {"stop_id": "FR:14162:ZE:1151707:ATOUMOD040", "stop_name": "Le Fresne", "route_ids": ["ATOUMOD040:Line:1004456:LOC"]}}, {"type": "Feature", "geometry": {"type": "Point", "coordinates": [-0.50499, 48.88453]}, "properties": {"stop_id": "FR:14162:ZE:1151708:ATOUMOD040", "stop_name": "Le Fresne", "route_ids": ["ATOUMOD040:Line:1004456:LOC"]}}, {"type": "Feature", "geometry": {"type": "Point", "coordinates": [-0.40438, 49.07525]}, "properties": {"stop_id": "FR:14349:ZE:1151709:ATOUMOD040", "stop_name": "CLINCHAMPS-SUR-ORNE - Les Ruelles", "route_ids": ["ATOUMOD040:Line:1004447:LOC"]}}, {"type": "Feature", "geometry": {"type": "Point", "coordinates": [-0.40446, 49.07521]}, "properties": {"stop_id": "FR:14349:ZE:1151710:ATOUMOD040", "stop_name": "CLINCHAMPS-SUR-ORNE - Les Ruelles", "route_ids": ["ATOUMOD040:Line:1004447:LOC"]}}, {"type": "Feature", "geometry": {"type": "Point", "coordinates": [-0.401126, 49.079891]}, "properties": {"stop_id": "FR:14349:ZE:1151711:ATOUMOD040", "stop_name": "CLINCHAMPS-SUR-ORNE - Le Village", "route_ids": ["ATOUMOD040:Line:1004447:LOC"]}}, {"type": "Feature", "geometry": {"type": "Point", "coordinates": [-0.40084, 49.07992]}, "properties": {"stop_id": "FR:14349:ZE:1151712:ATOUMOD040", "stop_name": "CLINCHAMPS-SUR-ORNE - Le Village", "route_ids": ["ATOUMOD040:Line:1004447:LOC"]}}, {"type": "Feature", "geometry": {"type": "Point", "coordinates": [-0.84648, 49.348457]}, "properties": {"stop_id": "FR:14165:ZE:1151730:ATOUMOD040", "stop_name": "Mairie", "route_ids": ["ATOUMOD040:Line:1004464:LOC", "ATOUMOD040:Line:1010148:LOC"]}}, {"type": "Feature", "geometry": {"type": "Point", "coordinates": [-0.846577, 49.348511]}, "properties": {"stop_id": "FR:14165:ZE:1151731:ATOUMOD040", "stop_name": "Mairie", "route_ids": ["ATOUMOD040:Line:1004464:LOC", "ATOUMOD040:Line:1010148:LOC"]}}, {"type": "Feature", "geometry": {"type": "Point", "coordinates": [-0.85301, 49.3547]}, "properties": {"stop_id": "FR:14165:ZE:1151732:ATOUMOD040", "stop_name": "Cimetiere Américain", "route_ids": ["ATOUMOD040:Line:1004464:LOC", "ATOUMOD040:Line:1010148:LOC"]}}, {"type": "Feature", "geometry": {"type": "Point", "coordinates": [-0.85578, 49.34772]}, "properties": {"stop_id": "FR:14165:ZE:1151734:ATOUMOD040", "stop_name": "Musée Overlord", "route_ids": ["ATOUMOD040:Line:1004464:LOC", "ATOUMOD040:Line:1010148:LOC"]}}, {"type": "Feature", "geometry": {"type": "Point", "coordinates": [-0.834118, 49.349996]}, "properties": {"stop_id": "FR:14165:ZE:1151736:ATOUMOD040", "stop_name": "Camping", "route_ids": ["ATOUMOD040:Line:1004464:LOC", "ATOUMOD040:Line:1010148:LOC"]}}, {"type": "Feature", "geometry": {"type": "Point", "coordinates": [-0.833861, 49.350083]}, "properties": {"stop_id": "FR:14165:ZE:1151737:ATOUMOD040", "stop_name": "Camping", "route_ids": ["ATOUMOD040:Line:1004464:LOC", "ATOUMOD040:Line:1010148:LOC"]}}, {"type": "Feature", "geometry": {"type": "Point", "coordinates": [-0.75805, 49.32802]}, "properties": {"stop_id": "FR:14172:ZE:1151738:ATOUMOD040", "stop_name": "Escures", "route_ids": ["ATOUMOD040:Line:1004464:LOC"]}}, {"type": "Feature", "geometry": {"type": "Point", "coordinates": [-0.75784, 49.32928]}, "properties": {"stop_id": "FR:14172:ZE:1151739:ATOUMOD040", "stop_name": "Escures", "route_ids": ["ATOUMOD040:Line:1004464:LOC"]}}, {"type": "Feature", "geometry": {"type": "Point", "coordinates": [-0.55506, 48.8426]}, "properties": {"stop_id": "FR:14174:ZE:1151742:ATOUMOD040", "stop_name": "CONDE-SUR-NOIREAU - Avenue de la Gare", "route_ids": ["ATOUMOD040:Line:1004456:LOC"]}}, {"type": "Feature", "geometry": {"type": "Point", "coordinates": [-0.55493, 48.84268]}, "properties": {"stop_id": "FR:14174:ZE:1151743:ATOUMOD040", "stop_name": "CONDE-SUR-NOIREAU - Avenue de la Gare", "route_ids": ["ATOUMOD040:Line:1004456:LOC"]}}, {"type": "Feature", "geometry": {"type": "Point", "coordinates": [-0.5482, 48.85106]}, "properties": {"stop_id": "FR:14174:ZE:1151744:ATOUMOD040", "stop_name": "CONDE-SUR-NOIREAU - Avenue de Verdun", "route_ids": ["ATOUMOD040:Line:1004456:LOC"]}}, {"type": "Feature", "geometry": {"type": "Point", "coordinates": [-0.54835, 48.85099]}, "properties": {"stop_id": "FR:14174:ZE:1151745:ATOUMOD040", "stop_name": "CONDE-SUR-NOIREAU - Avenue de Verdun", "route_ids": ["ATOUMOD040:Line:1004456:LOC"]}}, {"type": "Feature", "geometry": {"type": "Point", "coordinates": [-0.5698, 48.85429]}, "properties": {"stop_id": "FR:14174:ZE:1151746:ATOUMOD040", "stop_name": "CONDE-SUR-NOIREAU - Lycée Charles Tellier", "route_ids": ["ATOUMOD040:Line:1004456:LOC"]}}, {"type": "Feature", "geometry": {"type": "Point", "coordinates": [-0.54062, 48.85597]}, "properties": {"stop_id": "FR:14174:ZE:1151748:ATOUMOD040", "stop_name": "CONDE-SUR-NOIREAU - Le Parc Saint-Jacques", "route_ids": ["ATOUMOD040:Line:1004456:LOC"]}}, {"type": "Feature", "geometry": {"type": "Point", "coordinates": [-0.54135, 48.85576]}, "properties": {"stop_id": "FR:14174:ZE:1151749:ATOUMOD040", "stop_name": "CONDE-SUR-NOIREAU - Le Parc Saint-Jacques", "route_ids": ["ATOUMOD040:Line:1004456:LOC"]}}, {"type": "Feature", "geometry": {"type": "Point", "coordinates": [-0.236825, 49.088858]}, "properties": {"stop_id": "FR:14005:ZE:1151763:ATOUMOD040", "stop_name": "CONTEVILLE - Place Odon de Conteville", "route_ids": ["ATOUMOD040:Line:1004473:LOC"]}}, {"type": "Feature", "geometry": {"type": "Point", "coordinates": [-0.23673, 49.08887]}, "properties": {"stop_id": "FR:14005:ZE:1151764:ATOUMOD040", "stop_name": "CONTEVILLE - Place Odon de Conteville", "route_ids": ["ATOUMOD040:Line:1004473:LOC"]}}, {"type": "Feature", "geometry": {"type": "Point", "coordinates": [-0.447378, 49.328842]}, "properties": {"stop_id": "FR:14191:ZE:1151765:ATOUMOD040", "stop_name": "College", "route_ids": ["ATOUMOD040:Line:1004440:LOC", "ATOUMOD040:Line:1004465:LOC"]}}, {"type": "Feature", "geometry": {"type": "Point", "coordinates": [-0.447296, 49.328458]}, "properties": {"stop_id": "FR:14191:ZE:1151766:ATOUMOD040", "stop_name": "College", "route_ids": ["ATOUMOD040:Line:1004440:LOC", "ATOUMOD040:Line:1004465:LOC"]}}, {"type": "Feature", "geometry": {"type": "Point", "coordinates": [-0.447059, 49.329241]}, "properties": {"stop_id": "FR:14191:ZE:1180800:ATOUMOD040", "stop_name": "College", "route_ids": ["ATOUMOD040:Line:1010148:LOC"]}}, {"type": "Feature", "geometry": {"type": "Point", "coordinates": [-0.44573, 49.33367]}, "properties": {"stop_id": "FR:14191:ZE:1151767:ATOUMOD040", "stop_name": "Camping", "route_ids": ["ATOUMOD040:Line:1004440:LOC", "ATOUMOD040:Line:1004465:LOC", "ATOUMOD040:Line:1010148:LOC"]}}, {"type": "Feature", "geometry": {"type": "Point", "coordinates": [-0.44582, 49.33368]}, "properties": {"stop_id": "FR:14191:ZE:1151768:ATOUMOD040", "stop_name": "Camping", "route_ids": ["ATOUMOD040:Line:1010148:LOC", "ATOUMOD040:Line:1004440:LOC", "ATOUMOD040:Line:1004465:LOC"]}}, {"type": "Feature", "geometry": {"type": "Point", "coordinates": [-0.462195, 49.333976]}, "properties": {"stop_id": "FR:14191:ZE:1151769:ATOUMOD040", "stop_name": "Port", "route_ids": ["ATOUMOD040:Line:1004465:LOC", "ATOUMOD040:Line:1004440:LOC", "ATOUMOD040:Line:1010148:LOC"]}}, {"type": "Feature", "geometry": {"type": "Point", "coordinates": [-0.46372, 49.33465]}, "properties": {"stop_id": "FR:14191:ZE:1151770:ATOUMOD040", "stop_name": "Port", "route_ids": ["ATOUMOD040:Line:1004440:LOC", "ATOUMOD040:Line:1010148:LOC", "ATOUMOD040:Line:1004465:LOC"]}}, {"type": "Feature", "geometry": {"type": "Point", "coordinates": [-0.458368, 49.329999]}, "properties": {"stop_id": "FR:14191:ZE:1151771:ATOUMOD040", "stop_name": "Château", "route_ids": ["ATOUMOD040:Line:1004440:LOC", "ATOUMOD040:Line:1004465:LOC"]}}, {"type": "Feature", "geometry": {"type": "Point", "coordinates": [-0.458298, 49.330043]}, "properties": {"stop_id": "FR:14191:ZE:1151772:ATOUMOD040", "stop_name": "Château", "route_ids": ["ATOUMOD040:Line:1004440:LOC", "ATOUMOD040:Line:1004465:LOC"]}}, {"type": "Feature", "geometry": {"type": "Point", "coordinates": [-0.45436, 49.32259]}, "properties": {"stop_id": "FR:14191:ZE:1151773:ATOUMOD040", "stop_name": "Supermarché", "route_ids": ["ATOUMOD040:Line:1004440:LOC", "ATOUMOD040:Line:1004465:LOC"]}}, {"type": "Feature", "geometry": {"type": "Point", "coordinates": [-0.45421, 49.32249]}, "properties": {"stop_id": "FR:14191:ZE:1151774:ATOUMOD040", "stop_name": "Supermarché", "route_ids": ["ATOUMOD040:Line:1004440:LOC", "ATOUMOD040:Line:1004465:LOC"]}}, {"type": "Feature", "geometry": {"type": "Point", "coordinates": [-0.44914, 49.32451]}, "properties": {"stop_id": "FR:14191:ZE:1151777:ATOUMOD040", "stop_name": "Sorbiers", "route_ids": ["ATOUMOD040:Line:1004440:LOC", "ATOUMOD040:Line:1004465:LOC"]}}, {"type": "Feature", "geometry": {"type": "Point", "coordinates": [-0.44909, 49.32461]}, "properties": {"stop_id": "FR:14191:ZE:1151778:ATOUMOD040", "stop_name": "Sorbiers", "route_ids": ["ATOUMOD040:Line:1004440:LOC", "ATOUMOD040:Line:1004465:LOC"]}}, {"type": "Feature", "geometry": {"type": "Point", "coordinates": [-0.44591, 49.33017]}, "properties": {"stop_id": "FR:14191:ZE:1151779:ATOUMOD040", "stop_name": "Val Pican", "route_ids": ["ATOUMOD040:Line:1004440:LOC"]}}, {"type": "Feature", "geometry": {"type": "Point", "coordinates": [-0.44578, 49.33013]}, "properties": {"stop_id": "FR:14191:ZE:1151780:ATOUMOD040", "stop_name": "Val Pican", "route_ids": ["ATOUMOD040:Line:1004440:LOC"]}}, {"type": "Feature", "geometry": {"type": "Point", "coordinates": [-0.4627, 49.33148]}, "properties": {"stop_id": "FR:14191:ZE:1151781:ATOUMOD040", "stop_name": "Champs des Oiseaux", "route_ids": ["ATOUMOD040:Line:1004440:LOC", "ATOUMOD040:Line:1004465:LOC"]}}, {"type": "Feature", "geometry": {"type": "Point", "coordinates": [-0.46276, 49.33163]}, "properties": {"stop_id": "FR:14191:ZE:1151782:ATOUMOD040", "stop_name": "Champs des Oiseaux", "route_ids": ["ATOUMOD040:Line:1004440:LOC", "ATOUMOD040:Line:1004465:LOC"]}}, {"type": "Feature", "geometry": {"type": "Point", "coordinates": [-0.45682, 49.33564]}, "properties": {"stop_id": "FR:14191:ZE:1151783:ATOUMOD040", "stop_name": "Place du 6 juin", "route_ids": ["ATOUMOD040:Line:1004440:LOC", "ATOUMOD040:Line:1004465:LOC", "ATOUMOD040:Line:1010148:LOC"]}}, {"type": "Feature", "geometry": {"type": "Point", "coordinates": [-0.45691, 49.33557]}, "properties": {"stop_id": "FR:14191:ZE:1151784:ATOUMOD040", "stop_name": "Place du 6 juin", "route_ids": ["ATOUMOD040:Line:1010148:LOC", "ATOUMOD040:Line:1004440:LOC", "ATOUMOD040:Line:1004465:LOC"]}}, {"type": "Feature", "geometry": {"type": "Point", "coordinates": [-0.452074, 49.335021]}, "properties": {"stop_id": "FR:14191:ZE:1151785:ATOUMOD040", "stop_name": "Piscine", "route_ids": ["ATOUMOD040:Line:1004440:LOC", "ATOUMOD040:Line:1004465:LOC", "ATOUMOD040:Line:1010148:LOC"]}}, {"type": "Feature", "geometry": {"type": "Point", "coordinates": [-0.45207, 49.33509]}, "properties": {"stop_id": "FR:14191:ZE:1151786:ATOUMOD040", "stop_name": "Piscine", "route_ids": ["ATOUMOD040:Line:1004440:LOC", "ATOUMOD040:Line:1004465:LOC", "ATOUMOD040:Line:1010148:LOC"]}}, {"type": "Feature", "geometry": {"type": "Point", "coordinates": [-0.72121, 49.052]}, "properties": {"stop_id": "FR:14579:ZE:1151787:ATOUMOD040", "stop_name": "COULVAIN - Clomesnil", "route_ids": ["ATOUMOD040:Line:1004477:LOC"]}}, {"type": "Feature", "geometry": {"type": "Point", "coordinates": [-0.72125, 49.0521]}, "properties": {"stop_id": "FR:14579:ZE:1151788:ATOUMOD040", "stop_name": "COULVAIN - Clomesnil", "route_ids": ["ATOUMOD040:Line:1004477:LOC"]}}, {"type": "Feature", "geometry": {"type": "Point", "coordinates": [-0.40833, 49.2655]}, "properties": {"stop_id": "FR:14014:ZE:1151789:ATOUMOD040", "stop_name": "Colomby - Rond-Point", "route_ids": ["ATOUMOD040:Line:1004441:LOC"]}}, {"type": "Feature", "geometry": {"type": "Point", "coordinates": [-0.40886, 49.26582]}, "properties": {"stop_id": "FR:14014:ZE:1151790:ATOUMOD040", "stop_name": "Colomby - Rond-Point", "route_ids": ["ATOUMOD040:Line:1004441:LOC"]}}, {"type": "Feature", "geometry": {"type": "Point", "coordinates": [0.1856, 49.30265]}, "properties": {"stop_id": "FR:14514:ZE:1151791:ATOUMOD040", "stop_name": "COUDRAY-RABUT - Cidrerie", "route_ids": ["ATOUMOD040:Line:1004460:LOC"]}}, {"type": "Feature", "geometry": {"type": "Point", "coordinates": [0.18607, 49.30172]}, "properties": {"stop_id": "FR:14514:ZE:1151792:ATOUMOD040", "stop_name": "COUDRAY-RABUT - Cidrerie", "route_ids": ["ATOUMOD040:Line:1004460:LOC"]}}, {"type": "Feature", "geometry": {"type": "Point", "coordinates": [-0.544948, 49.278237]}, "properties": {"stop_id": "FR:14200:ZE:1151795:ATOUMOD040", "stop_name": "CREULLY - College J de la Varende", "route_ids": ["ATOUMOD040:Line:1004442:LOC"]}}, {"type": "Feature", "geometry": {"type": "Point", "coordinates": [-0.538569, 49.285655]}, "properties": {"stop_id": "FR:14200:ZE:1151797:ATOUMOD040", "stop_name": "CREULLY -  Rte de Tierceville", "route_ids": ["ATOUMOD040:Line:1004442:LOC"]}}, {"type": "Feature", "geometry": {"type": "Point", "coordinates": [-0.538504, 49.285597]}, "properties": {"stop_id": "FR:14200:ZE:1151798:ATOUMOD040", "stop_name": "CREULLY - Pl Paillaud", "route_ids": ["ATOUMOD040:Line:1004442:LOC"]}}, {"type": "Feature", "geometry": {"type": "Point", "coordinates": [-0.543283, 49.28087]}, "properties": {"stop_id": "FR:14200:ZE:1151799:ATOUMOD040", "stop_name": "CREULLY - Les Pérelles", "route_ids": ["ATOUMOD040:Line:1004442:LOC"]}}, {"type": "Feature", "geometry": {"type": "Point", "coordinates": [-0.543482, 49.28106]}, "properties": {"stop_id": "FR:14200:ZE:1151800:ATOUMOD040", "stop_name": "CREULLY - Les Pérelles", "route_ids": ["ATOUMOD040:Line:1004442:LOC"]}}, {"type": "Feature", "geometry": {"type": "Point", "coordinates": [-0.53544, 49.28029]}, "properties": {"stop_id": "FR:14200:ZE:1151801:ATOUMOD040", "stop_name": "CREULLY - Av des Canadiens", "route_ids": ["ATOUMOD040:Line:1004442:LOC"]}}, {"type": "Feature", "geometry": {"type": "Point", "coordinates": [-0.536048, 49.280366]}, "properties": {"stop_id": "FR:14200:ZE:1151802:ATOUMOD040", "stop_name": "CREULLY - Av des Canadiens", "route_ids": ["ATOUMOD040:Line:1004442:LOC"]}}, {"type": "Feature", "geometry": {"type": "Point", "coordinates": [-0.9921, 49.38906]}, "properties": {"stop_id": "FR:14204:ZE:1151807:ATOUMOD040", "stop_name": "Carrefour Pointe du Hoc", "route_ids": ["ATOUMOD040:Line:1004464:LOC", "ATOUMOD040:Line:1010148:LOC"]}}, {"type": "Feature", "geometry": {"type": "Point", "coordinates": [-0.99217, 49.38919]}, "properties": {"stop_id": "FR:14204:ZE:1151808:ATOUMOD040", "stop_name": "Carrefour Pointe du Hoc", "route_ids": ["ATOUMOD040:Line:1004464:LOC", "ATOUMOD040:Line:1010148:LOC"]}}, {"type": "Feature", "geometry": {"type": "Point", "coordinates": [-0.999413, 49.390644]}, "properties": {"stop_id": "FR:14204:ZE:1151809:ATOUMOD040", "stop_name": "La Montagne", "route_ids": ["ATOUMOD040:Line:1004464:LOC"]}}, {"type": "Feature", "geometry": {"type": "Point", "coordinates": [-0.999389, 49.390693]}, "properties": {"stop_id": "FR:14204:ZE:1151810:ATOUMOD040", "stop_name": "La Montagne", "route_ids": ["ATOUMOD040:Line:1004464:LOC"]}}, {"type": "Feature", "geometry": {"type": "Point", "coordinates": [0.14219, 49.40195]}, "properties": {"stop_id": "FR:14202:ZE:1151811:ATOUMOD040", "stop_name": "Manoir", "route_ids": ["ATOUMOD040:Line:1004451:LOC"]}}, {"type": "Feature", "geometry": {"type": "Point", "coordinates": [0.1426, 49.40186]}, "properties": {"stop_id": "FR:14202:ZE:1151812:ATOUMOD040", "stop_name": "Manoir", "route_ids": ["ATOUMOD040:Line:1004451:LOC"]}}, {"type": "Feature", "geometry": {"type": "Point", "coordinates": [0.13062, 49.38232]}, "properties": {"stop_id": "FR:14202:ZE:1151813:ATOUMOD040", "stop_name": "Pôle de santé", "route_ids": ["ATOUMOD040:Line:1004451:LOC"]}}, {"type": "Feature", "geometry": {"type": "Point", "coordinates": [-0.10171, 49.12162]}, "properties": {"stop_id": "FR:14431:ZE:1151821:ATOUMOD040", "stop_name": "CROISSANVILLE - Mairie", "route_ids": ["ATOUMOD040:Line:1004450:LOC", "ATOUMOD040:Line:1004473:LOC"]}}, {"type": "Feature", "geometry": {"type": "Point", "coordinates": [-0.10197, 49.12152]}, "properties": {"stop_id": "FR:14431:ZE:1151822:ATOUMOD040", "stop_name": "CROISSANVILLE - Mairie", "route_ids": ["ATOUMOD040:Line:1004450:LOC", "ATOUMOD040:Line:1004473:LOC"]}}, {"type": "Feature", "geometry": {"type": "Point", "coordinates": [-0.44173, 48.99932]}, "properties": {"stop_id": "FR:14207:ZE:1151825:ATOUMOD040", "stop_name": "La Forge a Cambro", "route_ids": ["ATOUMOD040:Line:1004456:LOC"]}}, {"type": "Feature", "geometry": {"type": "Point", "coordinates": [-0.44175, 48.99948]}, "properties": {"stop_id": "FR:14207:ZE:1151826:ATOUMOD040", "stop_name": "La Forge a Cambro", "route_ids": ["ATOUMOD040:Line:1004456:LOC"]}}, {"type": "Feature", "geometry": {"type": "Point", "coordinates": [-0.46047, 48.99166]}, "properties": {"stop_id": "FR:14207:ZE:1151827:ATOUMOD040", "stop_name": "Les Vallées", "route_ids": ["ATOUMOD040:Line:1004456:LOC"]}}, {"type": "Feature", "geometry": {"type": "Point", "coordinates": [-0.46003, 48.99198]}, "properties": {"stop_id": "FR:14207:ZE:1151828:ATOUMOD040", "stop_name": "Les Vallées", "route_ids": ["ATOUMOD040:Line:1004456:LOC"]}}, {"type": "Feature", "geometry": {"type": "Point", "coordinates": [-0.55131, 49.31629]}, "properties": {"stop_id": "FR:14196:ZE:1151830:ATOUMOD040", "stop_name": "Mairie", "route_ids": ["ATOUMOD040:Line:1004440:LOC"]}}, {"type": "Feature", "geometry": {"type": "Point", "coordinates": [-0.5513, 49.31618]}, "properties": {"stop_id": "FR:14196:ZE:1151829:ATOUMOD040", "stop_name": "Mairie", "route_ids": ["ATOUMOD040:Line:1004465:LOC"]}}, {"type": "Feature", "geometry": {"type": "Point", "coordinates": [-0.35484, 49.28901]}, "properties": {"stop_id": "FR:14197:ZE:1151835:ATOUMOD040", "stop_name": "Mairie", "route_ids": ["ATOUMOD040:Line:1004441:LOC"]}}, {"type": "Feature", "geometry": {"type": "Point", "coordinates": [-0.35579, 49.28789]}, "properties": {"stop_id": "FR:14197:ZE:1151836:ATOUMOD040", "stop_name": "Mairie", "route_ids": ["ATOUMOD040:Line:1004441:LOC"]}}, {"type": "Feature", "geometry": {"type": "Point", "coordinates": [-0.35603, 49.28437]}, "properties": {"stop_id": "FR:14197:ZE:1151837:ATOUMOD040", "stop_name": "Clos du Four", "route_ids": ["ATOUMOD040:Line:1004441:LOC"]}}, {"type": "Feature", "geometry": {"type": "Point", "coordinates": [-0.35613, 49.28427]}, "properties": {"stop_id": "FR:14197:ZE:1151838:ATOUMOD040", "stop_name": "Clos du Four", "route_ids": ["ATOUMOD040:Line:1004441:LOC"]}}, {"type": "Feature", "geometry": {"type": "Point", "coordinates": [-0.51969, 49.00892]}, "properties": {"stop_id": "FR:14689:ZE:1151864:ATOUMOD040", "stop_name": "CURCY-SUR-ORNE - Le Bourg", "route_ids": ["ATOUMOD040:Line:1004446:LOC"]}}, {"type": "Feature", "geometry": {"type": "Point", "coordinates": [-0.51979, 49.00898]}, "properties": {"stop_id": "FR:14689:ZE:1151865:ATOUMOD040", "stop_name": "CURCY-SUR-ORNE - Le Bourg", "route_ids": ["ATOUMOD040:Line:1004446:LOC"]}}, {"type": "Feature", "geometry": {"type": "Point", "coordinates": [-0.47883, 49.00514]}, "properties": {"stop_id": "FR:14689:ZE:1151866:ATOUMOD040", "stop_name": "CURCY-SUR-ORNE - Martinbosq", "route_ids": ["ATOUMOD040:Line:1004446:LOC"]}}, {"type": "Feature", "geometry": {"type": "Point", "coordinates": [-0.47889, 49.00513]}, "properties": {"stop_id": "FR:14689:ZE:1151867:ATOUMOD040", "stop_name": "CURCY-SUR-ORNE - Martinbosq", "route_ids": ["ATOUMOD040:Line:1004446:LOC"]}}, {"type": "Feature", "geometry": {"type": "Point", "coordinates": [-0.503452, 49.004691]}, "properties": {"stop_id": "FR:14689:ZE:1151868:ATOUMOD040", "stop_name": "CURCY-SUR-ORNE - Métairie", "route_ids": ["ATOUMOD040:Line:1004446:LOC"]}}, {"type": "Feature", "geometry": {"type": "Point", "coordinates": [-0.50395, 49.00474]}, "properties": {"stop_id": "FR:14689:ZE:1151869:ATOUMOD040", "stop_name": "CURCY-SUR-ORNE - Métairie", "route_ids": ["ATOUMOD040:Line:1004446:LOC"]}}, {"type": "Feature", "geometry": {"type": "Point", "coordinates": [-0.010513, 49.244583]}, "properties": {"stop_id": "FR:14198:ZE:1151870:ATOUMOD040", "stop_name": "La Forge Moisy", "route_ids": ["ATOUMOD040:Line:1004458:LOC"]}}, {"type": "Feature", "geometry": {"type": "Point", "coordinates": [-0.010412, 49.244557]}, "properties": {"stop_id": "FR:14198:ZE:1151871:ATOUMOD040", "stop_name": "La Forge Moisy", "route_ids": ["ATOUMOD040:Line:1004458:LOC"]}}, {"type": "Feature", "geometry": {"type": "Point", "coordinates": [-0.346593, 49.176264]}, "properties": {"stop_id": "FR:14118:ZE:1151872:ATOUMOD040", "stop_name": "Gare Routiere", "route_ids": ["ATOUMOD040:Line:1004440:LOC", "ATOUMOD040:Line:1004441:LOC", "ATOUMOD040:Line:1004442:LOC", "ATOUMOD040:Line:1004445:LOC", "ATOUMOD040:Line:1004446:LOC", "ATOUMOD040:Line:1004447:LOC", "ATOUMOD040:Line:1004448:LOC", "ATOUMOD040:Line:1004450:LOC", "ATOUMOD040:Line:1004451:LOC", "ATOUMOD040:Line:1004454:LOC", "ATOUMOD040:Line:1004455:LOC", "ATOUMOD040:Line:1004456:LOC", "ATOUMOD040:Line:1004457:LOC", "ATOUMOD040:Line:1004458:LOC", "ATOUMOD040:Line:1004459:LOC", "ATOUMOD040:Line:1004473:LOC", "ATOUMOD040:Line:1004477:LOC"]}}, {"type": "Feature", "geometry": {"type": "Point", "coordinates": [-0.346715, 49.176385]}, "properties": {"stop_id": "FR:14118:ZE:1151873:ATOUMOD040", "stop_name": "Gare Routiere", "route_ids": ["ATOUMOD040:Line:1004441:LOC", "ATOUMOD040:Line:1004477:LOC"]}}, {"type": "Feature", "geometry": {"type": "Point", "coordinates": [-0.346685, 49.176417]}, "properties": {"stop_id": "FR:14118:ZE:1179415:ATOUMOD040", "stop_name": "Gare Routiere", "route_ids": ["ATOUMOD040:Line:1004442:LOC", "ATOUMOD040:Line:1004447:LOC"]}}, {"type": "Feature", "geometry": {"type": "Point", "coordinates": [-0.346636, 49.17646]}, "properties": {"stop_id": "FR:14118:ZE:1179416:ATOUMOD040", "stop_name": "Gare Routiere", "route_ids": ["ATOUMOD040:Line:1004450:LOC", "ATOUMOD040:Line:1004473:LOC"]}}, {"type": "Feature", "geometry": {"type": "Point", "coordinates": [-0.346595, 49.176513]}, "properties": {"stop_id": "FR:14118:ZE:1179417:ATOUMOD040", "stop_name": "Gare Routiere", "route_ids": ["ATOUMOD040:Line:1004440:LOC"]}}, {"type": "Feature", "geometry": {"type": "Point", "coordinates": [-0.346593, 49.176586]}, "properties": {"stop_id": "FR:14118:ZE:1179418:ATOUMOD040", "stop_name": "Gare Routiere", "route_ids": ["ATOUMOD040:Line:1004448:LOC", "ATOUMOD040:Line:1004454:LOC", "ATOUMOD040:Line:1004457:LOC"]}}, {"type": "Feature", "geometry": {"type": "Point", "coordinates": [-0.346515, 49.176626]}, "properties": {"stop_id": "FR:14118:ZE:1179419:ATOUMOD040", "stop_name": "Gare Routiere", "route_ids": ["ATOUMOD040:Line:1004451:LOC"]}}, {"type": "Feature", "geometry": {"type": "Point", "coordinates": [-0.346424, 49.176664]}, "properties": {"stop_id": "FR:14118:ZE:1179420:ATOUMOD040", "stop_name": "Gare Routiere", "route_ids": ["ATOUMOD040:Line:1004455:LOC"]}}, {"type": "Feature", "geometry": {"type": "Point", "coordinates": [-0.346386, 49.176715]}, "properties": {"stop_id": "FR:14118:ZE:1179421:ATOUMOD040", "stop_name": "Gare Routiere", "route_ids": ["ATOUMOD040:Line:1004456:LOC", "ATOUMOD040:Line:1004459:LOC"]}}, {"type": "Feature", "geometry": {"type": "Point", "coordinates": [-0.346239, 49.176745]}, "properties": {"stop_id": "FR:14118:ZE:1179422:ATOUMOD040", "stop_name": "Gare Routiere", "route_ids": ["ATOUMOD040:Line:1004445:LOC"]}}, {"type": "Feature", "geometry": {"type": "Point", "coordinates": [-0.346717, 49.176342]}, "properties": {"stop_id": "FR:14118:ZE:1179423:ATOUMOD040", "stop_name": "Gare Routiere", "route_ids": ["ATOUMOD040:Line:1004446:LOC", "ATOUMOD040:Line:1004458:LOC"]}}, {"type": "Feature", "geometry": {"type": "Point", "coordinates": [-0.358328, 49.184404]}, "properties": {"stop_id": "FR:14118:ZE:1151876:ATOUMOD040", "stop_name": "Place Courtonne", "route_ids": ["ATOUMOD040:Line:1004440:LOC", "ATOUMOD040:Line:1004441:LOC", "ATOUMOD040:Line:1004442:LOC"]}}, {"type": "Feature", "geometry": {"type": "Point", "coordinates": [-0.36305, 49.17805]}, "properties": {"stop_id": "FR:14118:ZE:1151877:ATOUMOD040", "stop_name": "Hippodrome", "route_ids": ["ATOUMOD040:Line:1004446:LOC", "ATOUMOD040:Line:1004444:LOC", "ATOUMOD040:Line:1004445:LOC", "ATOUMOD040:Line:1004447:LOC", "ATOUMOD040:Line:1004455:LOC", "ATOUMOD040:Line:1004456:LOC", "ATOUMOD040:Line:1004477:LOC"]}}, {"type": "Feature", "geometry": {"type": "Point", "coordinates": [-0.364226, 49.177804]}, "properties": {"stop_id": "FR:14118:ZE:1180673:ATOUMOD040", "stop_name": "Hippodrome", "route_ids": ["ATOUMOD040:Line:1004444:LOC", "ATOUMOD040:Line:1004445:LOC", "ATOUMOD040:Line:1004446:LOC", "ATOUMOD040:Line:1004447:LOC", "ATOUMOD040:Line:1004455:LOC", "ATOUMOD040:Line:1004456:LOC", "ATOUMOD040:Line:1004477:LOC"]}}, {"type": "Feature", "geometry": {"type": "Point", "coordinates": [-0.37949, 49.18453]}, "properties": {"stop_id": "FR:14118:ZE:1151881:ATOUMOD040", "stop_name": "Lycée de Gaulle", "route_ids": ["ATOUMOD040:Line:1004454:LOC"]}}, {"type": "Feature", "geometry": {"type": "Point", "coordinates": [-0.3788, 49.18444]}, "properties": {"stop_id": "FR:14118:ZE:1151882:ATOUMOD040", "stop_name": "Lycée de Gaulle", "route_ids": ["ATOUMOD040:Line:1004454:LOC"]}}, {"type": "Feature", "geometry": {"type": "Point", "coordinates": [-0.3607, 49.20044]}, "properties": {"stop_id": "FR:14118:ZE:1151885:ATOUMOD040", "stop_name": "Péricentre", "route_ids": ["ATOUMOD040:Line:1004440:LOC", "ATOUMOD040:Line:1004441:LOC", "ATOUMOD040:Line:1004442:LOC", "ATOUMOD040:Line:1004473:LOC", "ATOUMOD040:Line:1004477:LOC"]}}, {"type": "Feature", "geometry": {"type": "Point", "coordinates": [-0.36033, 49.20063]}, "properties": {"stop_id": "FR:14118:ZE:1151886:ATOUMOD040", "stop_name": "Péricentre", "route_ids": ["ATOUMOD040:Line:1004440:LOC", "ATOUMOD040:Line:1004441:LOC", "ATOUMOD040:Line:1004442:LOC", "ATOUMOD040:Line:1004473:LOC"]}}, {"type": "Feature", "geometry": {"type": "Point", "coordinates": [-0.370003, 49.175514]}, "properties": {"stop_id": "FR:14118:ZE:1180680:ATOUMOD040", "stop_name": "Lycée Malherbe (Bd Y. Guillou)", "route_ids": ["ATOUMOD040:Line:1004444:LOC", "ATOUMOD040:Line:1004445:LOC", "ATOUMOD040:Line:1004446:LOC", "ATOUMOD040:Line:1004447:LOC", "ATOUMOD040:Line:1004455:LOC", "ATOUMOD040:Line:1004456:LOC", "ATOUMOD040:Line:1004477:LOC"]}}, {"type": "Feature", "geometry": {"type": "Point", "coordinates": [-0.369915, 49.175715]}, "properties": {"stop_id": "FR:14118:ZE:1180681:ATOUMOD040", "stop_name": "Lycée Malherbe (Bd Y. Guillou)", "route_ids": ["ATOUMOD040:Line:1004444:LOC", "ATOUMOD040:Line:1004445:LOC", "ATOUMOD040:Line:1004446:LOC", "ATOUMOD040:Line:1004447:LOC", "ATOUMOD040:Line:1004455:LOC", "ATOUMOD040:Line:1004456:LOC", "ATOUMOD040:Line:1004477:LOC"]}}, {"type": "Feature", "geometry": {"type": "Point", "coordinates": [-0.38543, 49.20317]}, "properties": {"stop_id": "FR:14118:ZE:1151892:ATOUMOD040", "stop_name": "Lycée Claudel", "route_ids": ["ATOUMOD040:Line:1004441:LOC", "ATOUMOD040:Line:1004442:LOC", "ATOUMOD040:Line:1004473:LOC", "ATOUMOD040:Line:1004477:LOC"]}}, {"type": "Feature", "geometry": {"type": "Point", "coordinates": [-0.38545, 49.20321]}, "properties": {"stop_id": "FR:14118:ZE:1151893:ATOUMOD040", "stop_name": "Lycée Claudel", "route_ids": ["ATOUMOD040:Line:1004441:LOC", "ATOUMOD040:Line:1004442:LOC", "ATOUMOD040:Line:1004473:LOC", "ATOUMOD040:Line:1004477:LOC"]}}, {"type": "Feature", "geometry": {"type": "Point", "coordinates": [-0.338434, 49.174857]}, "properties": {"stop_id": "FR:14118:ZE:1151896:ATOUMOD040", "stop_name": "Demi-lune", "route_ids": ["ATOUMOD040:Line:1004450:LOC", "ATOUMOD040:Line:1004451:LOC", "ATOUMOD040:Line:1004458:LOC", "ATOUMOD040:Line:1004473:LOC"]}}, {"type": "Feature", "geometry": {"type": "Point", "coordinates": [-0.339348, 49.174676]}, "properties": {"stop_id": "FR:14118:ZE:1171328:ATOUMOD040", "stop_name": "Demi-lune", "route_ids": ["ATOUMOD040:Line:1004451:LOC"]}}, {"type": "Feature", "geometry": {"type": "Point", "coordinates": [-0.335451, 49.173833]}, "properties": {"stop_id": "FR:14118:ZE:1151897:ATOUMOD040", "stop_name": "Pasteur", "route_ids": ["ATOUMOD040:Line:1004450:LOC", "ATOUMOD040:Line:1004458:LOC", "ATOUMOD040:Line:1004473:LOC"]}}, {"type": "Feature", "geometry": {"type": "Point", "coordinates": [-0.335891, 49.174086]}, "properties": {"stop_id": "FR:14118:ZE:1168807:ATOUMOD040", "stop_name": "Pasteur", "route_ids": ["ATOUMOD040:Line:1004450:LOC"]}}, {"type": "Feature", "geometry": {"type": "Point", "coordinates": [-0.360433, 49.1831]}, "properties": {"stop_id": "FR:14118:ZE:1151898:ATOUMOD040", "stop_name": "Bellivet", "route_ids": ["ATOUMOD040:Line:1004440:LOC"]}}, {"type": "Feature", "geometry": {"type": "Point", "coordinates": [-0.38052, 49.17236]}, "properties": {"stop_id": "FR:14118:ZE:1151901:ATOUMOD040", "stop_name": "Zénith", "route_ids": ["ATOUMOD040:Line:1004444:LOC", "ATOUMOD040:Line:1004445:LOC", "ATOUMOD040:Line:1004446:LOC", "ATOUMOD040:Line:1004455:LOC"]}}, {"type": "Feature", "geometry": {"type": "Point", "coordinates": [-0.38026, 49.17253]}, "properties": {"stop_id": "FR:14118:ZE:1151902:ATOUMOD040", "stop_name": "Zénith", "route_ids": ["ATOUMOD040:Line:1004444:LOC", "ATOUMOD040:Line:1004445:LOC", "ATOUMOD040:Line:1004446:LOC", "ATOUMOD040:Line:1004455:LOC"]}}, {"type": "Feature", "geometry": {"type": "Point", "coordinates": [-0.360212, 49.197061]}, "properties": {"stop_id": "FR:14118:ZE:1151903:ATOUMOD040", "stop_name": "Lycée Laplace", "route_ids": ["ATOUMOD040:Line:1004440:LOC", "ATOUMOD040:Line:1004441:LOC", "ATOUMOD040:Line:1004442:LOC"]}}, {"type": "Feature", "geometry": {"type": "Point", "coordinates": [-0.36001, 49.197]}, "properties": {"stop_id": "FR:14118:ZE:1151904:ATOUMOD040", "stop_name": "Lycée Laplace", "route_ids": ["ATOUMOD040:Line:1004444:LOC", "ATOUMOD040:Line:1004473:LOC", "ATOUMOD040:Line:1004477:LOC"]}}, {"type": "Feature", "geometry": {"type": "Point", "coordinates": [-0.36325, 49.21016]}, "properties": {"stop_id": "FR:14118:ZE:1151908:ATOUMOD040", "stop_name": "Campus 2", "route_ids": ["ATOUMOD040:Line:1004440:LOC", "ATOUMOD040:Line:1004441:LOC"]}}, {"type": "Feature", "geometry": {"type": "Point", "coordinates": [-0.36356, 49.21191]}, "properties": {"stop_id": "FR:14118:ZE:1151909:ATOUMOD040", "stop_name": "Campus 2", "route_ids": ["ATOUMOD040:Line:1004440:LOC", "ATOUMOD040:Line:1004441:LOC"]}}, {"type": "Feature", "geometry": {"type": "Point", "coordinates": [-0.37842, 49.20594]}, "properties": {"stop_id": "FR:14118:ZE:1151912:ATOUMOD040", "stop_name": "College Monod", "route_ids": ["ATOUMOD040:Line:1004441:LOC", "ATOUMOD040:Line:1004442:LOC", "ATOUMOD040:Line:1004473:LOC"]}}, {"type": "Feature", "geometry": {"type": "Point", "coordinates": [-0.378999, 49.205893]}, "properties": {"stop_id": "FR:14118:ZE:1151913:ATOUMOD040", "stop_name": "College Monod", "route_ids": ["ATOUMOD040:Line:1004441:LOC", "ATOUMOD040:Line:1004442:LOC", "ATOUMOD040:Line:1004473:LOC"]}}, {"type": "Feature", "geometry": {"type": "Point", "coordinates": [-0.36013, 49.18646]}, "properties": {"stop_id": "FR:14118:ZE:1151918:ATOUMOD040", "stop_name": "Vaugueux", "route_ids": ["ATOUMOD040:Line:1004440:LOC", "ATOUMOD040:Line:1004441:LOC", "ATOUMOD040:Line:1004442:LOC"]}}, {"type": "Feature", "geometry": {"type": "Point", "coordinates": [-0.36345, 49.18503]}, "properties": {"stop_id": "FR:14118:ZE:1151919:ATOUMOD040", "stop_name": "Château - Quatrans", "route_ids": ["ATOUMOD040:Line:1004440:LOC", "ATOUMOD040:Line:1004441:LOC", "ATOUMOD040:Line:1004442:LOC"]}}, {"type": "Feature", "geometry": {"type": "Point", "coordinates": [-0.358476, 49.180686]}, "properties": {"stop_id": "FR:14118:ZE:1151920:ATOUMOD040", "stop_name": "Saint-Jean Église", "route_ids": ["ATOUMOD040:Line:1004440:LOC"]}}, {"type": "Feature", "geometry": {"type": "Point", "coordinates": [-0.39595, 49.1852]}, "properties": {"stop_id": "FR:14118:ZE:1151926:ATOUMOD040", "stop_name": "Séminaire", "route_ids": ["ATOUMOD040:Line:1004454:LOC"]}}, {"type": "Feature", "geometry": {"type": "Point", "coordinates": [-0.39542, 49.18508]}, "properties": {"stop_id": "FR:14118:ZE:1151927:ATOUMOD040", "stop_name": "Séminaire", "route_ids": ["ATOUMOD040:Line:1004454:LOC"]}}, {"type": "Feature", "geometry": {"type": "Point", "coordinates": [-0.36163, 49.20562]}, "properties": {"stop_id": "FR:14118:ZE:1151928:ATOUMOD040", "stop_name": "Mont Coco", "route_ids": ["ATOUMOD040:Line:1004440:LOC", "ATOUMOD040:Line:1004441:LOC", "ATOUMOD040:Line:1004442:LOC"]}}, {"type": "Feature", "geometry": {"type": "Point", "coordinates": [-0.36144, 49.20632]}, "properties": {"stop_id": "FR:14118:ZE:1151929:ATOUMOD040", "stop_name": "Mont Coco", "route_ids": ["ATOUMOD040:Line:1004440:LOC", "ATOUMOD040:Line:1004441:LOC", "ATOUMOD040:Line:1004442:LOC"]}}, {"type": "Feature", "geometry": {"type": "Point", "coordinates": [-0.34929, 49.16377]}, "properties": {"stop_id": "FR:14118:ZE:1151930:ATOUMOD040", "stop_name": "Aviation", "route_ids": ["ATOUMOD040:Line:1004448:LOC", "ATOUMOD040:Line:1004457:LOC", "ATOUMOD040:Line:1004473:LOC"]}}, {"type": "Feature", "geometry": {"type": "Point", "coordinates": [-0.34964, 49.16417]}, "properties": {"stop_id": "FR:14118:ZE:1151931:ATOUMOD040", "stop_name": "Aviation", "route_ids": ["ATOUMOD040:Line:1004448:LOC", "ATOUMOD040:Line:1004457:LOC", "ATOUMOD040:Line:1004473:LOC"]}}, {"type": "Feature", "geometry": {"type": "Point", "coordinates": [-0.364206, 49.198836]}, "properties": {"stop_id": "FR:14118:ZE:1151934:ATOUMOD040", "stop_name": "Calvaire Saint-Pierre", "route_ids": ["ATOUMOD040:Line:1004441:LOC", "ATOUMOD040:Line:1004442:LOC", "ATOUMOD040:Line:1004440:LOC"]}}, {"type": "Feature", "geometry": {"type": "Point", "coordinates": [-0.36407, 49.198974]}, "properties": {"stop_id": "FR:14118:ZE:1171329:ATOUMOD040", "stop_name": "Calvaire Saint-Pierre", "route_ids": ["ATOUMOD040:Line:1004440:LOC", "ATOUMOD040:Line:1004441:LOC"]}}, {"type": "Feature", "geometry": {"type": "Point", "coordinates": [-0.39071, 49.17409]}, "properties": {"stop_id": "FR:14118:ZE:1151936:ATOUMOD040", "stop_name": "Pickford", "route_ids": ["ATOUMOD040:Line:1004444:LOC", "ATOUMOD040:Line:1004455:LOC", "ATOUMOD040:Line:1004477:LOC"]}}, {"type": "Feature", "geometry": {"type": "Point", "coordinates": [-0.3913, 49.17395]}, "properties": {"stop_id": "FR:14118:ZE:1151937:ATOUMOD040", "stop_name": "Pickford", "route_ids": ["ATOUMOD040:Line:1004444:LOC", "ATOUMOD040:Line:1004455:LOC", "ATOUMOD040:Line:1004477:LOC"]}}, {"type": "Feature", "geometry": {"type": "Point", "coordinates": [-0.41509, 49.18823]}, "properties": {"stop_id": "FR:14137:ZE:1151941:ATOUMOD040", "stop_name": "Route de Bayeux", "route_ids": ["ATOUMOD040:Line:1004454:LOC"]}}, {"type": "Feature", "geometry": {"type": "Point", "coordinates": [-0.41536, 49.18844]}, "properties": {"stop_id": "FR:14137:ZE:1151942:ATOUMOD040", "stop_name": "Route de Bayeux", "route_ids": ["ATOUMOD040:Line:1004454:LOC"]}}, {"type": "Feature", "geometry": {"type": "Point", "coordinates": [-0.36662, 49.21043]}, "properties": {"stop_id": "FR:14118:ZE:1151945:ATOUMOD040", "stop_name": "Maréchal Juin", "route_ids": ["ATOUMOD040:Line:1004441:LOC", "ATOUMOD040:Line:1004442:LOC"]}}, {"type": "Feature", "geometry": {"type": "Point", "coordinates": [-0.36653, 49.21058]}, "properties": {"stop_id": "FR:14118:ZE:1151946:ATOUMOD040", "stop_name": "Maréchal Juin", "route_ids": ["ATOUMOD040:Line:1004441:LOC", "ATOUMOD040:Line:1004442:LOC"]}}, {"type": "Feature", "geometry": {"type": "Point", "coordinates": [-0.37389, 49.170961]}, "properties": {"stop_id": "FR:14118:ZE:1151948:ATOUMOD040", "stop_name": "Parc Expo", "route_ids": ["ATOUMOD040:Line:1004447:LOC", "ATOUMOD040:Line:1004456:LOC"]}}, {"type": "Feature", "geometry": {"type": "Point", "coordinates": [-0.3738, 49.17042]}, "properties": {"stop_id": "FR:14118:ZE:1151949:ATOUMOD040", "stop_name": "Parc Expo", "route_ids": ["ATOUMOD040:Line:1004447:LOC", "ATOUMOD040:Line:1004456:LOC"]}}, {"type": "Feature", "geometry": {"type": "Point", "coordinates": [-0.35396, 49.17138]}, "properties": {"stop_id": "FR:14118:ZE:1151954:ATOUMOD040", "stop_name": "Cygne de Croix", "route_ids": ["ATOUMOD040:Line:1004448:LOC", "ATOUMOD040:Line:1004457:LOC"]}}, {"type": "Feature", "geometry": {"type": "Point", "coordinates": [-0.35294, 49.16985]}, "properties": {"stop_id": "FR:14118:ZE:1151955:ATOUMOD040", "stop_name": "Cygne de Croix", "route_ids": ["ATOUMOD040:Line:1004448:LOC", "ATOUMOD040:Line:1004457:LOC"]}}, {"type": "Feature", "geometry": {"type": "Point", "coordinates": [-0.35387, 49.173859]}, "properties": {"stop_id": "FR:14118:ZE:1151958:ATOUMOD040", "stop_name": "Vaucelles", "route_ids": ["ATOUMOD040:Line:1004448:LOC", "ATOUMOD040:Line:1004457:LOC"]}}, {"type": "Feature", "geometry": {"type": "Point", "coordinates": [-0.353942, 49.173893]}, "properties": {"stop_id": "FR:14118:ZE:1151959:ATOUMOD040", "stop_name": "Vaucelles", "route_ids": ["ATOUMOD040:Line:1004448:LOC", "ATOUMOD040:Line:1004457:LOC"]}}, {"type": "Feature", "geometry": {"type": "Point", "coordinates": [-0.38077, 49.20097]}, "properties": {"stop_id": "FR:14118:ZE:1151963:ATOUMOD040", "stop_name": "Lycée Ste-Ursule", "route_ids": ["ATOUMOD040:Line:1004477:LOC"]}}, {"type": "Feature", "geometry": {"type": "Point", "coordinates": [-0.3799, 49.20091]}, "properties": {"stop_id": "FR:14118:ZE:1151964:ATOUMOD040", "stop_name": "Lycée Ste-Ursule", "route_ids": ["ATOUMOD040:Line:1004477:LOC"]}}, {"type": "Feature", "geometry": {"type": "Point", "coordinates": [-0.36998, 49.20986]}, "properties": {"stop_id": "FR:14118:ZE:1151965:ATOUMOD040", "stop_name": "CPAM", "route_ids": ["ATOUMOD040:Line:1004441:LOC"]}}, {"type": "Feature", "geometry": {"type": "Point", "coordinates": [-0.36987, 49.21001]}, "properties": {"stop_id": "FR:14118:ZE:1151966:ATOUMOD040", "stop_name": "CPAM", "route_ids": ["ATOUMOD040:Line:1004441:LOC"]}}, {"type": "Feature", "geometry": {"type": "Point", "coordinates": [-0.35797, 49.16269]}, "properties": {"stop_id": "FR:14118:ZE:1151969:ATOUMOD040", "stop_name": "Lycée Fresnel", "route_ids": ["ATOUMOD040:Line:1004447:LOC", "ATOUMOD040:Line:1004456:LOC"]}}, {"type": "Feature", "geometry": {"type": "Point", "coordinates": [-0.35802, 49.162647]}, "properties": {"stop_id": "FR:14118:ZE:1151970:ATOUMOD040", "stop_name": "Lycée Fresnel", "route_ids": ["ATOUMOD040:Line:1004447:LOC", "ATOUMOD040:Line:1004456:LOC"]}}, {"type": "Feature", "geometry": {"type": "Point", "coordinates": [0.01817, 49.24982]}, "properties": {"stop_id": "FR:14218:ZE:1151973:ATOUMOD040", "stop_name": "Mairie", "route_ids": ["ATOUMOD040:Line:1004458:LOC"]}}, {"type": "Feature", "geometry": {"type": "Point", "coordinates": [0.01829, 49.24981]}, "properties": {"stop_id": "FR:14218:ZE:1151974:ATOUMOD040", "stop_name": "Mairie", "route_ids": ["ATOUMOD040:Line:1004458:LOC"]}}, {"type": "Feature", "geometry": {"type": "Point", "coordinates": [0.066753, 49.354691]}, "properties": {"stop_id": "FR:14220:ZE:1151979:ATOUMOD040", "stop_name": "Les Franciscaines", "route_ids": ["ATOUMOD040:Line:1004451:LOC"]}}, {"type": "Feature", "geometry": {"type": "Point", "coordinates": [0.068663, 49.355334]}, "properties": {"stop_id": "FR:14220:ZE:1151980:ATOUMOD040", "stop_name": "Les Franciscaines", "route_ids": ["ATOUMOD040:Line:1004451:LOC"]}}, {"type": "Feature", "geometry": {"type": "Point", "coordinates": [0.083576, 49.35981]}, "properties": {"stop_id": "FR:14220:ZE:1151981:ATOUMOD040", "stop_name": "Gare Routiere (Départ)", "route_ids": ["ATOUMOD040:Line:1004451:LOC"]}}, {"type": "Feature", "geometry": {"type": "Point", "coordinates": [0.083959, 49.359258]}, "properties": {"stop_id": "FR:14220:ZE:1151982:ATOUMOD040", "stop_name": "Gare Routiere (Arrivée)", "route_ids": ["ATOUMOD040:Line:1004451:LOC", "ATOUMOD040:Line:1004452:LOC", "ATOUMOD040:Line:1004453:LOC"]}}, {"type": "Feature", "geometry": {"type": "Point", "coordinates": [0.083765, 49.359543]}, "properties": {"stop_id": "FR:14220:ZE:1178243:ATOUMOD040", "stop_name": "Gare Routiere (Départ)", "route_ids": ["ATOUMOD040:Line:1004452:LOC", "ATOUMOD040:Line:1004453:LOC"]}}, {"type": "Feature", "geometry": {"type": "Point", "coordinates": [0.07357, 49.35721]}, "properties": {"stop_id": "FR:14220:ZE:1151983:ATOUMOD040", "stop_name": "Art Station", "route_ids": ["ATOUMOD040:Line:1004451:LOC"]}}, {"type": "Feature", "geometry": {"type": "Point", "coordinates": [0.07361, 49.35719]}, "properties": {"stop_id": "FR:14220:ZE:1151984:ATOUMOD040", "stop_name": "Art Station", "route_ids": ["ATOUMOD040:Line:1004451:LOC"]}}, {"type": "Feature", "geometry": {"type": "Point", "coordinates": [0.07578, 49.36431]}, "properties": {"stop_id": "FR:14220:ZE:1151985:ATOUMOD040", "stop_name": "Lycée Maurois", "route_ids": ["ATOUMOD040:Line:1004451:LOC"]}}, {"type": "Feature", "geometry": {"type": "Point", "coordinates": [0.07415, 49.34433]}, "properties": {"stop_id": "FR:14220:ZE:1151988:ATOUMOD040", "stop_name": "Côteau", "route_ids": ["ATOUMOD040:Line:1004452:LOC"]}}, {"type": "Feature", "geometry": {"type": "Point", "coordinates": [0.07412, 49.34437]}, "properties": {"stop_id": "FR:14220:ZE:1151989:ATOUMOD040", "stop_name": "Côteau", "route_ids": ["ATOUMOD040:Line:1004452:LOC"]}}, {"type": "Feature", "geometry": {"type": "Point", "coordinates": [0.07004, 49.35463]}, "properties": {"stop_id": "FR:14220:ZE:1151990:ATOUMOD040", "stop_name": "Polyclinique", "route_ids": ["ATOUMOD040:Line:1004452:LOC"]}}, {"type": "Feature", "geometry": {"type": "Point", "coordinates": [0.07018, 49.35464]}, "properties": {"stop_id": "FR:14220:ZE:1151991:ATOUMOD040", "stop_name": "Polyclinique", "route_ids": ["ATOUMOD040:Line:1004452:LOC"]}}, {"type": "Feature", "geometry": {"type": "Point", "coordinates": [0.067519, 49.351799]}, "properties": {"stop_id": "FR:14220:ZE:1151992:ATOUMOD040", "stop_name": "Avenue des Courses", "route_ids": ["ATOUMOD040:Line:1004452:LOC"]}}, {"type": "Feature", "geometry": {"type": "Point", "coordinates": [0.061346, 49.355475]}, "properties": {"stop_id": "FR:14220:ZE:1151995:ATOUMOD040", "stop_name": "Rue de Gheest", "route_ids": ["ATOUMOD040:Line:1004452:LOC"]}}, {"type": "Feature", "geometry": {"type": "Point", "coordinates": [0.06876, 49.35924]}, "properties": {"stop_id": "FR:14220:ZE:1151996:ATOUMOD040", "stop_name": "Plage - Casino", "route_ids": ["ATOUMOD040:Line:1004452:LOC"]}}, {"type": "Feature", "geometry": {"type": "Point", "coordinates": [0.06858, 49.35935]}, "properties": {"stop_id": "FR:14220:ZE:1151997:ATOUMOD040", "stop_name": "Plage - Casino", "route_ids": ["ATOUMOD040:Line:1004452:LOC"]}}, {"type": "Feature", "geometry": {"type": "Point", "coordinates": [0.07561, 49.36304]}, "properties": {"stop_id": "FR:14220:ZE:1151998:ATOUMOD040", "stop_name": "Marina", "route_ids": ["ATOUMOD040:Line:1004452:LOC"]}}, {"type": "Feature", "geometry": {"type": "Point", "coordinates": [0.07538, 49.36313]}, "properties": {"stop_id": "FR:14220:ZE:1151999:ATOUMOD040", "stop_name": "Marina", "route_ids": ["ATOUMOD040:Line:1004452:LOC"]}}, {"type": "Feature", "geometry": {"type": "Point", "coordinates": [0.08032, 49.36098]}, "properties": {"stop_id": "FR:14220:ZE:1152000:ATOUMOD040", "stop_name": "Yacht Club - Marché", "route_ids": ["ATOUMOD040:Line:1004452:LOC"]}}, {"type": "Feature", "geometry": {"type": "Point", "coordinates": [0.07996, 49.3617]}, "properties": {"stop_id": "FR:14220:ZE:1152001:ATOUMOD040", "stop_name": "Yacht Club - Marché", "route_ids": ["ATOUMOD040:Line:1004452:LOC"]}}, {"type": "Feature", "geometry": {"type": "Point", "coordinates": [-0.26732, 49.17321]}, "properties": {"stop_id": "FR:14221:ZE:1152002:ATOUMOD040", "stop_name": "ZA du Clos Neuf", "route_ids": ["ATOUMOD040:Line:1004458:LOC"]}}, {"type": "Feature", "geometry": {"type": "Point", "coordinates": [-0.26361, 49.17329]}, "properties": {"stop_id": "FR:14221:ZE:1152003:ATOUMOD040", "stop_name": "ZA du Clos Neuf", "route_ids": ["ATOUMOD040:Line:1004458:LOC"]}}, {"type": "Feature", "geometry": {"type": "Point", "coordinates": [-0.10123, 49.28773]}, "properties": {"stop_id": "FR:14225:ZE:1152004:ATOUMOD040", "stop_name": "Roseraie", "route_ids": ["ATOUMOD040:Line:1004451:LOC"]}}, {"type": "Feature", "geometry": {"type": "Point", "coordinates": [-0.0991, 49.28827]}, "properties": {"stop_id": "FR:14225:ZE:1152005:ATOUMOD040", "stop_name": "Roseraie", "route_ids": ["ATOUMOD040:Line:1004451:LOC"]}}, {"type": "Feature", "geometry": {"type": "Point", "coordinates": [-0.10713, 49.28695]}, "properties": {"stop_id": "FR:14225:ZE:1152006:ATOUMOD040", "stop_name": "Gare Sncf", "route_ids": ["ATOUMOD040:Line:1004451:LOC"]}}, {"type": "Feature", "geometry": {"type": "Point", "coordinates": [-0.108992, 49.285178]}, "properties": {"stop_id": "FR:14225:ZE:1171327:ATOUMOD040", "stop_name": "Gare Sncf", "route_ids": ["ATOUMOD040:Line:1004451:LOC"]}}, {"type": "Feature", "geometry": {"type": "Point", "coordinates": [-0.09536, 49.27807]}, "properties": {"stop_id": "FR:14225:ZE:1152007:ATOUMOD040", "stop_name": "Lycée Jean Jooris", "route_ids": ["ATOUMOD040:Line:1004451:LOC"]}}, {"type": "Feature", "geometry": {"type": "Point", "coordinates": [-0.09235, 49.29345]}, "properties": {"stop_id": "FR:14225:ZE:1152009:ATOUMOD040", "stop_name": "Port-Guillaume", "route_ids": ["ATOUMOD040:Line:1004451:LOC"]}}, {"type": "Feature", "geometry": {"type": "Point", "coordinates": [-0.0914, 49.29332]}, "properties": {"stop_id": "FR:14225:ZE:1152010:ATOUMOD040", "stop_name": "Port-Guillaume", "route_ids": ["ATOUMOD040:Line:1004451:LOC"]}}, {"type": "Feature", "geometry": {"type": "Point", "coordinates": [-0.376533, 49.293905]}, "properties": {"stop_id": "FR:14228:ZE:1152015:ATOUMOD040", "stop_name": "Mairie", "route_ids": ["ATOUMOD040:Line:1004440:LOC"]}}, {"type": "Feature", "geometry": {"type": "Point", "coordinates": [-0.375985, 49.29437]}, "properties": {"stop_id": "FR:14228:ZE:1152016:ATOUMOD040", "stop_name": "Mairie", "route_ids": ["ATOUMOD040:Line:1004440:LOC"]}}, {"type": "Feature", "geometry": {"type": "Point", "coordinates": [-0.37686, 49.29424]}, "properties": {"stop_id": "FR:14228:ZE:1152017:ATOUMOD040", "stop_name": "Europe", "route_ids": ["ATOUMOD040:Line:1004440:LOC"]}}, {"type": "Feature", "geometry": {"type": "Point", "coordinates": [-0.381428, 49.298784]}, "properties": {"stop_id": "FR:14228:ZE:1152018:ATOUMOD040", "stop_name": "Supermarché", "route_ids": ["ATOUMOD040:Line:1004440:LOC"]}}, {"type": "Feature", "geometry": {"type": "Point", "coordinates": [-0.38133, 49.29876]}, "properties": {"stop_id": "FR:14228:ZE:1152019:ATOUMOD040", "stop_name": "Supermarché", "route_ids": ["ATOUMOD040:Line:1004440:LOC"]}}, {"type": "Feature", "geometry": {"type": "Point", "coordinates": [-0.370651, 49.298283]}, "properties": {"stop_id": "FR:14228:ZE:1171036:ATOUMOD040", "stop_name": "Basilique", "route_ids": ["ATOUMOD040:Line:1004440:LOC"]}}, {"type": "Feature", "geometry": {"type": "Point", "coordinates": [-0.37214, 49.297423]}, "properties": {"stop_id": "FR:14228:ZE:1152020:ATOUMOD040", "stop_name": "Basilique", "route_ids": ["ATOUMOD040:Line:1004440:LOC"]}}, {"type": "Feature", "geometry": {"type": "Point", "coordinates": [-0.37777, 49.29097]}, "properties": {"stop_id": "FR:14228:ZE:1152026:ATOUMOD040", "stop_name": "Maître Colleville", "route_ids": ["ATOUMOD040:Line:1004440:LOC"]}}, {"type": "Feature", "geometry": {"type": "Point", "coordinates": [-0.04611, 49.2307]}, "properties": {"stop_id": "FR:14229:ZE:1152029:ATOUMOD040", "stop_name": "Grande Rue", "route_ids": ["ATOUMOD040:Line:1004458:LOC"]}}, {"type": "Feature", "geometry": {"type": "Point", "coordinates": [-0.04627, 49.23067]}, "properties": {"stop_id": "FR:14229:ZE:1152030:ATOUMOD040", "stop_name": "Grande Rue", "route_ids": ["ATOUMOD040:Line:1004458:LOC"]}}, {"type": "Feature", "geometry": {"type": "Point", "coordinates": [-0.04045, 49.23268]}, "properties": {"stop_id": "FR:14229:ZE:1152031:ATOUMOD040", "stop_name": "Saint-Joseph", "route_ids": ["ATOUMOD040:Line:1004458:LOC"]}}, {"type": "Feature", "geometry": {"type": "Point", "coordinates": [-0.04052, 49.23245]}, "properties": {"stop_id": "FR:14229:ZE:1152032:ATOUMOD040", "stop_name": "Saint-Joseph", "route_ids": ["ATOUMOD040:Line:1004458:LOC"]}}, {"type": "Feature", "geometry": {"type": "Point", "coordinates": [-0.94534, 49.38797]}, "properties": {"stop_id": "FR:14239:ZE:1152046:ATOUMOD040", "stop_name": "Englesqueville-la-Percée", "route_ids": ["ATOUMOD040:Line:1004464:LOC"]}}, {"type": "Feature", "geometry": {"type": "Point", "coordinates": [-0.94504, 49.38805]}, "properties": {"stop_id": "FR:14239:ZE:1152047:ATOUMOD040", "stop_name": "Englesqueville-la-Percée", "route_ids": ["ATOUMOD040:Line:1004464:LOC"]}}, {"type": "Feature", "geometry": {"type": "Point", "coordinates": [-0.368079, 49.221833]}, "properties": {"stop_id": "FR:14242:ZE:1152048:ATOUMOD040", "stop_name": "Germes de Blé", "route_ids": ["ATOUMOD040:Line:1004440:LOC", "ATOUMOD040:Line:1004441:LOC"]}}, {"type": "Feature", "geometry": {"type": "Point", "coordinates": [-0.36772, 49.221853]}, "properties": {"stop_id": "FR:14242:ZE:1152049:ATOUMOD040", "stop_name": "Germes de Blé", "route_ids": ["ATOUMOD040:Line:1004440:LOC", "ATOUMOD040:Line:1004441:LOC"]}}, {"type": "Feature", "geometry": {"type": "Point", "coordinates": [-0.37078, 49.22839]}, "properties": {"stop_id": "FR:14068:ZE:1152050:ATOUMOD040", "stop_name": "La Bijude", "route_ids": ["ATOUMOD040:Line:1004440:LOC"]}}, {"type": "Feature", "geometry": {"type": "Point", "coordinates": [-0.3705, 49.2286]}, "properties": {"stop_id": "FR:14068:ZE:1152051:ATOUMOD040", "stop_name": "La Bijude", "route_ids": ["ATOUMOD040:Line:1004440:LOC"]}}, {"type": "Feature", "geometry": {"type": "Point", "coordinates": [0.20946, 49.39417]}, "properties": {"stop_id": "FR:14243:ZE:1152052:ATOUMOD040", "stop_name": "Charles Houssaye", "route_ids": ["ATOUMOD040:Line:1004451:LOC", "ATOUMOD040:Line:1004460:LOC"]}}, {"type": "Feature", "geometry": {"type": "Point", "coordinates": [0.20972, 49.39434]}, "properties": {"stop_id": "FR:14243:ZE:1152053:ATOUMOD040", "stop_name": "Charles Houssaye", "route_ids": ["ATOUMOD040:Line:1004451:LOC", "ATOUMOD040:Line:1004460:LOC"]}}, {"type": "Feature", "geometry": {"type": "Point", "coordinates": [0.20483, 49.38396]}, "properties": {"stop_id": "FR:14243:ZE:1152054:ATOUMOD040", "stop_name": "Hôpital", "route_ids": ["ATOUMOD040:Line:1004451:LOC", "ATOUMOD040:Line:1004460:LOC"]}}, {"type": "Feature", "geometry": {"type": "Point", "coordinates": [0.20488, 49.38442]}, "properties": {"stop_id": "FR:14243:ZE:1152055:ATOUMOD040", "stop_name": "Hôpital", "route_ids": ["ATOUMOD040:Line:1004451:LOC", "ATOUMOD040:Line:1004460:LOC"]}}, {"type": "Feature", "geometry": {"type": "Point", "coordinates": [0.21154, 49.3969]}, "properties": {"stop_id": "FR:14243:ZE:1152056:ATOUMOD040", "stop_name": "La Briquerie", "route_ids": ["ATOUMOD040:Line:1004451:LOC"]}}, {"type": "Feature", "geometry": {"type": "Point", "coordinates": [0.21062, 49.39664]}, "properties": {"stop_id": "FR:14243:ZE:1152057:ATOUMOD040", "stop_name": "La Briquerie", "route_ids": ["ATOUMOD040:Line:1004451:LOC"]}}, {"type": "Feature", "geometry": {"type": "Point", "coordinates": [0.20816, 49.39311]}, "properties": {"stop_id": "FR:14243:ZE:1152058:ATOUMOD040", "stop_name": "Monument", "route_ids": ["ATOUMOD040:Line:1004460:LOC"]}}, {"type": "Feature", "geometry": {"type": "Point", "coordinates": [0.20818, 49.39291]}, "properties": {"stop_id": "FR:14243:ZE:1152059:ATOUMOD040", "stop_name": "Monument", "route_ids": ["ATOUMOD040:Line:1004460:LOC"]}}, {"type": "Feature", "geometry": {"type": "Point", "coordinates": [0.21174, 49.39635]}, "properties": {"stop_id": "FR:14243:ZE:1152060:ATOUMOD040", "stop_name": "Château d'Eau", "route_ids": ["ATOUMOD040:Line:1004451:LOC", "ATOUMOD040:Line:1004460:LOC"]}}, {"type": "Feature", "geometry": {"type": "Point", "coordinates": [0.21192, 49.39638]}, "properties": {"stop_id": "FR:14243:ZE:1152061:ATOUMOD040", "stop_name": "Château d'Eau", "route_ids": ["ATOUMOD040:Line:1004451:LOC", "ATOUMOD040:Line:1004460:LOC"]}}, {"type": "Feature", "geometry": {"type": "Point", "coordinates": [-0.23774, 49.2108]}, "properties": {"stop_id": "FR:14246:ZE:1152064:ATOUMOD040", "stop_name": "Mairie", "route_ids": ["ATOUMOD040:Line:1004458:LOC"]}}, {"type": "Feature", "geometry": {"type": "Point", "coordinates": [-0.23764, 49.21075]}, "properties": {"stop_id": "FR:14246:ZE:1152065:ATOUMOD040", "stop_name": "Mairie", "route_ids": ["ATOUMOD040:Line:1004458:LOC"]}}, {"type": "Feature", "geometry": {"type": "Point", "coordinates": [-0.472734, 49.113268]}, "properties": {"stop_id": "FR:14249:ZE:1152074:ATOUMOD040", "stop_name": "Eglise", "route_ids": ["ATOUMOD040:Line:1004445:LOC"]}}, {"type": "Feature", "geometry": {"type": "Point", "coordinates": [-0.473425, 49.113759]}, "properties": {"stop_id": "FR:14249:ZE:1152075:ATOUMOD040", "stop_name": "Eglise", "route_ids": ["ATOUMOD040:Line:1004445:LOC"]}}, {"type": "Feature", "geometry": {"type": "Point", "coordinates": [-0.478343, 49.116181]}, "properties": {"stop_id": "FR:14249:ZE:1152076:ATOUMOD040", "stop_name": "La Vierge", "route_ids": ["ATOUMOD040:Line:1004445:LOC"]}}, {"type": "Feature", "geometry": {"type": "Point", "coordinates": [-0.478545, 49.116175]}, "properties": {"stop_id": "FR:14249:ZE:1152077:ATOUMOD040", "stop_name": "La Vierge", "route_ids": ["ATOUMOD040:Line:1004445:LOC"]}}, {"type": "Feature", "geometry": {"type": "Point", "coordinates": [-0.25788, 49.00033]}, "properties": {"stop_id": "FR:14252:ZE:1152078:ATOUMOD040", "stop_name": "Le Quesnay", "route_ids": ["ATOUMOD040:Line:1004457:LOC"]}}, {"type": "Feature", "geometry": {"type": "Point", "coordinates": [-0.25802, 49.00018]}, "properties": {"stop_id": "FR:14252:ZE:1152079:ATOUMOD040", "stop_name": "Le Quesnay", "route_ids": ["ATOUMOD040:Line:1004457:LOC"]}}, {"type": "Feature", "geometry": {"type": "Point", "coordinates": [-0.42277, 49.14365]}, "properties": {"stop_id": "FR:14254:ZE:1152080:ATOUMOD040", "stop_name": "Centre", "route_ids": ["ATOUMOD040:Line:1004445:LOC"]}}, {"type": "Feature", "geometry": {"type": "Point", "coordinates": [-0.42257, 49.14408]}, "properties": {"stop_id": "FR:14254:ZE:1152081:ATOUMOD040", "stop_name": "Centre", "route_ids": ["ATOUMOD040:Line:1004445:LOC"]}}, {"type": "Feature", "geometry": {"type": "Point", "coordinates": [-0.42126, 49.14634]}, "properties": {"stop_id": "FR:14254:ZE:1152082:ATOUMOD040", "stop_name": "Moulin", "route_ids": ["ATOUMOD040:Line:1004445:LOC"]}}, {"type": "Feature", "geometry": {"type": "Point", "coordinates": [-0.42129, 49.14632]}, "properties": {"stop_id": "FR:14254:ZE:1152083:ATOUMOD040", "stop_name": "Moulin", "route_ids": ["ATOUMOD040:Line:1004445:LOC"]}}, {"type": "Feature", "geometry": {"type": "Point", "coordinates": [-0.49871, 49.10121]}, "properties": {"stop_id": "FR:14257:ZE:1152090:ATOUMOD040", "stop_name": "Eglise", "route_ids": ["ATOUMOD040:Line:1004445:LOC"]}}, {"type": "Feature", "geometry": {"type": "Point", "coordinates": [-0.50016, 49.10064]}, "properties": {"stop_id": "FR:14257:ZE:1152091:ATOUMOD040", "stop_name": "Eglise", "route_ids": ["ATOUMOD040:Line:1004445:LOC"]}}, {"type": "Feature", "geometry": {"type": "Point", "coordinates": [-0.502863, 49.099353]}, "properties": {"stop_id": "FR:14257:ZE:1152092:ATOUMOD040", "stop_name": "Mairie", "route_ids": ["ATOUMOD040:Line:1004445:LOC"]}}, {"type": "Feature", "geometry": {"type": "Point", "coordinates": [-0.50339, 49.09914]}, "properties": {"stop_id": "FR:14257:ZE:1152093:ATOUMOD040", "stop_name": "Mairie", "route_ids": ["ATOUMOD040:Line:1004445:LOC"]}}, {"type": "Feature", "geometry": {"type": "Point", "coordinates": [-0.51039, 49.09787]}, "properties": {"stop_id": "FR:14257:ZE:1152094:ATOUMOD040", "stop_name": "La Vaguelle", "route_ids": ["ATOUMOD040:Line:1004445:LOC"]}}, {"type": "Feature", "geometry": {"type": "Point", "coordinates": [-0.495248, 49.085258]}, "properties": {"stop_id": "FR:14257:ZE:1152096:ATOUMOD040", "stop_name": "Champ Goubert", "route_ids": ["ATOUMOD040:Line:1004445:LOC"]}}, {"type": "Feature", "geometry": {"type": "Point", "coordinates": [-0.495152, 49.085279]}, "properties": {"stop_id": "FR:14257:ZE:1152097:ATOUMOD040", "stop_name": "Champ Goubert", "route_ids": ["ATOUMOD040:Line:1004445:LOC"]}}, {"type": "Feature", "geometry": {"type": "Point", "coordinates": [-0.49426, 49.10461]}, "properties": {"stop_id": "FR:14257:ZE:1152098:ATOUMOD040", "stop_name": "Zone d'Activité", "route_ids": ["ATOUMOD040:Line:1004445:LOC"]}}, {"type": "Feature", "geometry": {"type": "Point", "coordinates": [-0.49466, 49.10436]}, "properties": {"stop_id": "FR:14257:ZE:1152099:ATOUMOD040", "stop_name": "Zone d'Activité", "route_ids": ["ATOUMOD040:Line:1004445:LOC"]}}, {"type": "Feature", "geometry": {"type": "Point", "coordinates": [-0.199, 48.89524]}, "properties": {"stop_id": "FR:14258:ZE:1152100:ATOUMOD040", "stop_name": "Boulevard de la Libération", "route_ids": ["ATOUMOD040:Line:1004457:LOC"]}}, {"type": "Feature", "geometry": {"type": "Point", "coordinates": [-0.19102, 48.8945]}, "properties": {"stop_id": "FR:14258:ZE:1152102:ATOUMOD040", "stop_name": "Aristide Briand", "route_ids": ["ATOUMOD040:Line:1004457:LOC"]}}, {"type": "Feature", "geometry": {"type": "Point", "coordinates": [-0.19454, 48.88986]}, "properties": {"stop_id": "FR:14258:ZE:1152104:ATOUMOD040", "stop_name": "Fontaine Couverte", "route_ids": ["ATOUMOD040:Line:1004457:LOC", "ATOUMOD040:Line:1008231:LOC"]}}, {"type": "Feature", "geometry": {"type": "Point", "coordinates": [-0.20313, 48.90126]}, "properties": {"stop_id": "FR:14258:ZE:1152108:ATOUMOD040", "stop_name": "Hastings", "route_ids": ["ATOUMOD040:Line:1004457:LOC"]}}, {"type": "Feature", "geometry": {"type": "Point", "coordinates": [-0.20309, 48.90136]}, "properties": {"stop_id": "FR:14258:ZE:1152109:ATOUMOD040", "stop_name": "Hastings", "route_ids": ["ATOUMOD040:Line:1004457:LOC"]}}, {"type": "Feature", "geometry": {"type": "Point", "coordinates": [-0.207, 48.90802]}, "properties": {"stop_id": "FR:14258:ZE:1152110:ATOUMOD040", "stop_name": "L'Attache", "route_ids": ["ATOUMOD040:Line:1004457:LOC"]}}, {"type": "Feature", "geometry": {"type": "Point", "coordinates": [-0.20729, 48.90847]}, "properties": {"stop_id": "FR:14258:ZE:1152111:ATOUMOD040", "stop_name": "L'Attache", "route_ids": ["ATOUMOD040:Line:1004457:LOC"]}}, {"type": "Feature", "geometry": {"type": "Point", "coordinates": [-0.19069, 48.8903]}, "properties": {"stop_id": "FR:14258:ZE:1152112:ATOUMOD040", "stop_name": "Reine Mathilde", "route_ids": ["ATOUMOD040:Line:1004457:LOC"]}}, {"type": "Feature", "geometry": {"type": "Point", "coordinates": [-0.405321, 49.115352]}, "properties": {"stop_id": "FR:14266:ZE:1152124:ATOUMOD040", "stop_name": "Rue de la Place", "route_ids": ["ATOUMOD040:Line:1004446:LOC"]}}, {"type": "Feature", "geometry": {"type": "Point", "coordinates": [-0.40614, 49.114684]}, "properties": {"stop_id": "FR:14266:ZE:1152125:ATOUMOD040", "stop_name": "Rue de la Place", "route_ids": ["ATOUMOD040:Line:1004446:LOC"]}}, {"type": "Feature", "geometry": {"type": "Point", "coordinates": [-0.405302, 49.104562]}, "properties": {"stop_id": "FR:14266:ZE:1152126:ATOUMOD040", "stop_name": "Bully", "route_ids": ["ATOUMOD040:Line:1004446:LOC"]}}, {"type": "Feature", "geometry": {"type": "Point", "coordinates": [-0.182176, 49.069888]}, "properties": {"stop_id": "FR:14005:ZE:1152128:ATOUMOD040", "stop_name": "FIERVILLE-BRAY - Mairie", "route_ids": ["ATOUMOD040:Line:1004473:LOC"]}}, {"type": "Feature", "geometry": {"type": "Point", "coordinates": [-0.181834, 49.06997]}, "properties": {"stop_id": "FR:14005:ZE:1152129:ATOUMOD040", "stop_name": "FIERVILLE-BRAY - Mairie", "route_ids": ["ATOUMOD040:Line:1004473:LOC"]}}, {"type": "Feature", "geometry": {"type": "Point", "coordinates": [0.2202, 49.25104]}, "properties": {"stop_id": "FR:14269:ZE:1152146:ATOUMOD040", "stop_name": "Le Chaussey", "route_ids": ["ATOUMOD040:Line:1004460:LOC"]}}, {"type": "Feature", "geometry": {"type": "Point", "coordinates": [0.22052, 49.251]}, "properties": {"stop_id": "FR:14269:ZE:1152147:ATOUMOD040", "stop_name": "Le Chaussey", "route_ids": ["ATOUMOD040:Line:1004460:LOC"]}}, {"type": "Feature", "geometry": {"type": "Point", "coordinates": [-0.37061, 49.15282]}, "properties": {"stop_id": "FR:14271:ZE:1152148:ATOUMOD040", "stop_name": "Fleury Château d'Eau", "route_ids": ["ATOUMOD040:Line:1004447:LOC", "ATOUMOD040:Line:1004456:LOC"]}}, {"type": "Feature", "geometry": {"type": "Point", "coordinates": [-0.3713, 49.15161]}, "properties": {"stop_id": "FR:14271:ZE:1152149:ATOUMOD040", "stop_name": "Fleury Château d'Eau", "route_ids": ["ATOUMOD040:Line:1004447:LOC", "ATOUMOD040:Line:1004456:LOC"]}}, {"type": "Feature", "geometry": {"type": "Point", "coordinates": [-0.368184, 49.15885]}, "properties": {"stop_id": "FR:14271:ZE:1152150:ATOUMOD040", "stop_name": "Brasserie", "route_ids": ["ATOUMOD040:Line:1004447:LOC", "ATOUMOD040:Line:1004456:LOC"]}}, {"type": "Feature", "geometry": {"type": "Point", "coordinates": [-0.368298, 49.158761]}, "properties": {"stop_id": "FR:14271:ZE:1152151:ATOUMOD040", "stop_name": "Brasserie", "route_ids": ["ATOUMOD040:Line:1004447:LOC", "ATOUMOD040:Line:1004456:LOC"]}}, {"type": "Feature", "geometry": {"type": "Point", "coordinates": [-0.37589, 49.13995]}, "properties": {"stop_id": "FR:14271:ZE:1152152:ATOUMOD040", "stop_name": "Basse Allemagne", "route_ids": ["ATOUMOD040:Line:1004447:LOC", "ATOUMOD040:Line:1004456:LOC"]}}, {"type": "Feature", "geometry": {"type": "Point", "coordinates": [-0.37606, 49.13986]}, "properties": {"stop_id": "FR:14271:ZE:1152153:ATOUMOD040", "stop_name": "Basse Allemagne", "route_ids": ["ATOUMOD040:Line:1004447:LOC", "ATOUMOD040:Line:1004456:LOC"]}}, {"type": "Feature", "geometry": {"type": "Point", "coordinates": [-0.351845, 49.093793]}, "properties": {"stop_id": "FR:14277:ZE:1152160:ATOUMOD040", "stop_name": "Eglise", "route_ids": ["ATOUMOD040:Line:1004447:LOC"]}}, {"type": "Feature", "geometry": {"type": "Point", "coordinates": [-0.35384, 49.0929]}, "properties": {"stop_id": "FR:14277:ZE:1152161:ATOUMOD040", "stop_name": "Eglise", "route_ids": ["ATOUMOD040:Line:1004447:LOC"]}}, {"type": "Feature", "geometry": {"type": "Point", "coordinates": [-0.36435, 49.08851]}, "properties": {"stop_id": "FR:14277:ZE:1152162:ATOUMOD040", "stop_name": "Le Val", "route_ids": ["ATOUMOD040:Line:1004447:LOC"]}}, {"type": "Feature", "geometry": {"type": "Point", "coordinates": [-0.36445, 49.08854]}, "properties": {"stop_id": "FR:14277:ZE:1152163:ATOUMOD040", "stop_name": "Le Val", "route_ids": ["ATOUMOD040:Line:1004447:LOC"]}}, {"type": "Feature", "geometry": {"type": "Point", "coordinates": [-0.35363, 49.09818]}, "properties": {"stop_id": "FR:14277:ZE:1152164:ATOUMOD040", "stop_name": "Les Peupliers", "route_ids": ["ATOUMOD040:Line:1004447:LOC"]}}, {"type": "Feature", "geometry": {"type": "Point", "coordinates": [-0.45249, 49.14657]}, "properties": {"stop_id": "FR:14274:ZE:1152168:ATOUMOD040", "stop_name": "Eglise", "route_ids": ["ATOUMOD040:Line:1004444:LOC"]}}, {"type": "Feature", "geometry": {"type": "Point", "coordinates": [-0.454813, 49.146537]}, "properties": {"stop_id": "FR:14274:ZE:1152172:ATOUMOD040", "stop_name": "Les Hervieux", "route_ids": ["ATOUMOD040:Line:1004444:LOC"]}}, {"type": "Feature", "geometry": {"type": "Point", "coordinates": [-0.456305, 49.143994]}, "properties": {"stop_id": "FR:14274:ZE:1152174:ATOUMOD040", "stop_name": "Guillaume le Conquérant", "route_ids": ["ATOUMOD040:Line:1004444:LOC"]}}, {"type": "Feature", "geometry": {"type": "Point", "coordinates": [-0.456919, 49.143559]}, "properties": {"stop_id": "FR:14274:ZE:1152175:ATOUMOD040", "stop_name": "Guillaume le Conquérant", "route_ids": ["ATOUMOD040:Line:1004444:LOC"]}}, {"type": "Feature", "geometry": {"type": "Point", "coordinates": [-0.45017, 49.14916]}, "properties": {"stop_id": "FR:14274:ZE:1152182:ATOUMOD040", "stop_name": "Bois de l'Île", "route_ids": ["ATOUMOD040:Line:1004444:LOC"]}}, {"type": "Feature", "geometry": {"type": "Point", "coordinates": [-0.462729, 49.140237]}, "properties": {"stop_id": "FR:14274:ZE:1152184:ATOUMOD040", "stop_name": "Gournay", "route_ids": ["ATOUMOD040:Line:1004444:LOC"]}}, {"type": "Feature", "geometry": {"type": "Point", "coordinates": [-0.462, 49.14056]}, "properties": {"stop_id": "FR:14274:ZE:1152185:ATOUMOD040", "stop_name": "Gournay", "route_ids": ["ATOUMOD040:Line:1004444:LOC"]}}, {"type": "Feature", "geometry": {"type": "Point", "coordinates": [-0.578296, 49.170135]}, "properties": {"stop_id": "FR:14278:ZE:1152186:ATOUMOD040", "stop_name": "Mairie", "route_ids": ["ATOUMOD040:Line:1004477:LOC"]}}, {"type": "Feature", "geometry": {"type": "Point", "coordinates": [-0.578507, 49.170188]}, "properties": {"stop_id": "FR:14278:ZE:1152187:ATOUMOD040", "stop_name": "Mairie", "route_ids": ["ATOUMOD040:Line:1004477:LOC"]}}, {"type": "Feature", "geometry": {"type": "Point", "coordinates": [-0.581182, 49.172862]}, "properties": {"stop_id": "FR:14278:ZE:1152188:ATOUMOD040", "stop_name": "Calvaire", "route_ids": ["ATOUMOD040:Line:1004477:LOC"]}}, {"type": "Feature", "geometry": {"type": "Point", "coordinates": [-0.580857, 49.17272]}, "properties": {"stop_id": "FR:14278:ZE:1152189:ATOUMOD040", "stop_name": "Calvaire", "route_ids": ["ATOUMOD040:Line:1004477:LOC"]}}, {"type": "Feature", "geometry": {"type": "Point", "coordinates": [-0.455, 49.276488]}, "properties": {"stop_id": "FR:14275:ZE:1152196:ATOUMOD040", "stop_name": "Place de la Fontaine", "route_ids": ["ATOUMOD040:Line:1004442:LOC"]}}, {"type": "Feature", "geometry": {"type": "Point", "coordinates": [-0.455002, 49.276728]}, "properties": {"stop_id": "FR:14275:ZE:1152197:ATOUMOD040", "stop_name": "Place de la Fontaine", "route_ids": ["ATOUMOD040:Line:1004442:LOC"]}}, {"type": "Feature", "geometry": {"type": "Point", "coordinates": [-0.45434, 49.28445]}, "properties": {"stop_id": "FR:14275:ZE:1152198:ATOUMOD040", "stop_name": "Les Moulineaux", "route_ids": ["ATOUMOD040:Line:1004442:LOC"]}}, {"type": "Feature", "geometry": {"type": "Point", "coordinates": [-0.45406, 49.28463]}, "properties": {"stop_id": "FR:14275:ZE:1152199:ATOUMOD040", "stop_name": "Les Moulineaux", "route_ids": ["ATOUMOD040:Line:1004442:LOC"]}}, {"type": "Feature", "geometry": {"type": "Point", "coordinates": [-0.45262, 49.27464]}, "properties": {"stop_id": "FR:14275:ZE:1152200:ATOUMOD040", "stop_name": "Château", "route_ids": ["ATOUMOD040:Line:1004442:LOC"]}}, {"type": "Feature", "geometry": {"type": "Point", "coordinates": [-0.451979, 49.274963]}, "properties": {"stop_id": "FR:14275:ZE:1152201:ATOUMOD040", "stop_name": "Château", "route_ids": ["ATOUMOD040:Line:1004442:LOC"]}}, {"type": "Feature", "geometry": {"type": "Point", "coordinates": [-0.28383, 48.97359]}, "properties": {"stop_id": "FR:14276:ZE:1152203:ATOUMOD040", "stop_name": "Place des Alliés", "route_ids": ["ATOUMOD040:Line:1004448:LOC"]}}, {"type": "Feature", "geometry": {"type": "Point", "coordinates": [-0.296702, 48.982652]}, "properties": {"stop_id": "FR:14276:ZE:1152205:ATOUMOD040", "stop_name": "Bray-en-Cinglais", "route_ids": ["ATOUMOD040:Line:1004448:LOC"]}}, {"type": "Feature", "geometry": {"type": "Point", "coordinates": [-0.2018, 49.28452]}, "properties": {"stop_id": "FR:14409:ZE:1152206:ATOUMOD040", "stop_name": "Plage", "route_ids": ["ATOUMOD040:Line:1004451:LOC"]}}, {"type": "Feature", "geometry": {"type": "Point", "coordinates": [-0.20195, 49.28442]}, "properties": {"stop_id": "FR:14409:ZE:1152207:ATOUMOD040", "stop_name": "Plage", "route_ids": ["ATOUMOD040:Line:1004451:LOC"]}}, {"type": "Feature", "geometry": {"type": "Point", "coordinates": [-0.20581, 49.27769]}, "properties": {"stop_id": "FR:14409:ZE:1152208:ATOUMOD040", "stop_name": "Ancienne Gare", "route_ids": ["ATOUMOD040:Line:1004451:LOC"]}}, {"type": "Feature", "geometry": {"type": "Point", "coordinates": [-0.20646, 49.2771]}, "properties": {"stop_id": "FR:14409:ZE:1152209:ATOUMOD040", "stop_name": "Ancienne Gare", "route_ids": ["ATOUMOD040:Line:1004451:LOC"]}}, {"type": "Feature", "geometry": {"type": "Point", "coordinates": [-0.1893, 49.2835]}, "properties": {"stop_id": "FR:14409:ZE:1152210:ATOUMOD040", "stop_name": "Camping", "route_ids": ["ATOUMOD040:Line:1004451:LOC"]}}, {"type": "Feature", "geometry": {"type": "Point", "coordinates": [-0.18888, 49.2835]}, "properties": {"stop_id": "FR:14409:ZE:1152211:ATOUMOD040", "stop_name": "Camping", "route_ids": ["ATOUMOD040:Line:1004451:LOC"]}}, {"type": "Feature", "geometry": {"type": "Point", "coordinates": [-0.19609, 49.28136]}, "properties": {"stop_id": "FR:14409:ZE:1152212:ATOUMOD040", "stop_name": "Route de Cabourg", "route_ids": ["ATOUMOD040:Line:1004451:LOC"]}}, {"type": "Feature", "geometry": {"type": "Point", "coordinates": [-0.19639, 49.2812]}, "properties": {"stop_id": "FR:14409:ZE:1152213:ATOUMOD040", "stop_name": "Route de Cabourg", "route_ids": ["ATOUMOD040:Line:1004451:LOC"]}}, {"type": "Feature", "geometry": {"type": "Point", "coordinates": [-0.2427, 49.13739]}, "properties": {"stop_id": "FR:14287:ZE:1152216:ATOUMOD040", "stop_name": "Eglise", "route_ids": ["ATOUMOD040:Line:1004450:LOC", "ATOUMOD040:Line:1004473:LOC"]}}, {"type": "Feature", "geometry": {"type": "Point", "coordinates": [-0.24278, 49.13723]}, "properties": {"stop_id": "FR:14287:ZE:1152217:ATOUMOD040", "stop_name": "Eglise", "route_ids": ["ATOUMOD040:Line:1004450:LOC", "ATOUMOD040:Line:1004473:LOC"]}}, {"type": "Feature", "geometry": {"type": "Point", "coordinates": [-0.246704, 49.135214]}, "properties": {"stop_id": "FR:14287:ZE:1152218:ATOUMOD040", "stop_name": "La Tourelle", "route_ids": ["ATOUMOD040:Line:1004450:LOC", "ATOUMOD040:Line:1004473:LOC"]}}, {"type": "Feature", "geometry": {"type": "Point", "coordinates": [-0.259669, 49.141813]}, "properties": {"stop_id": "FR:14119:ZE:1152222:ATOUMOD040", "stop_name": "Gare Sncf", "route_ids": ["ATOUMOD040:Line:1004450:LOC", "ATOUMOD040:Line:1004473:LOC"]}}, {"type": "Feature", "geometry": {"type": "Point", "coordinates": [-0.259863, 49.141741]}, "properties": {"stop_id": "FR:14287:ZE:1152223:ATOUMOD040", "stop_name": "Gare Sncf", "route_ids": ["ATOUMOD040:Line:1004450:LOC", "ATOUMOD040:Line:1004473:LOC"]}}, {"type": "Feature", "geometry": {"type": "Point", "coordinates": [-0.371385, 49.062837]}, "properties": {"stop_id": "FR:14290:ZE:1152224:ATOUMOD040", "stop_name": "Rue du Pont Neuf", "route_ids": ["ATOUMOD040:Line:1004456:LOC"]}}, {"type": "Feature", "geometry": {"type": "Point", "coordinates": [-0.371437, 49.062872]}, "properties": {"stop_id": "FR:14290:ZE:1152225:ATOUMOD040", "stop_name": "Rue du Pont Neuf", "route_ids": ["ATOUMOD040:Line:1004456:LOC"]}}, {"type": "Feature", "geometry": {"type": "Point", "coordinates": [-0.331627, 49.064564]}, "properties": {"stop_id": "FR:14290:ZE:1152226:ATOUMOD040", "stop_name": "Hameau de Caillouet", "route_ids": ["ATOUMOD040:Line:1004448:LOC"]}}, {"type": "Feature", "geometry": {"type": "Point", "coordinates": [-0.331843, 49.064496]}, "properties": {"stop_id": "FR:14290:ZE:1152227:ATOUMOD040", "stop_name": "Hameau de Caillouet", "route_ids": ["ATOUMOD040:Line:1004448:LOC"]}}, {"type": "Feature", "geometry": {"type": "Point", "coordinates": [-0.35985, 49.06893]}, "properties": {"stop_id": "FR:14290:ZE:1152228:ATOUMOD040", "stop_name": "Jouette", "route_ids": ["ATOUMOD040:Line:1004456:LOC"]}}, {"type": "Feature", "geometry": {"type": "Point", "coordinates": [-0.35996, 49.06899]}, "properties": {"stop_id": "FR:14290:ZE:1152229:ATOUMOD040", "stop_name": "Jouette", "route_ids": ["ATOUMOD040:Line:1004456:LOC"]}}, {"type": "Feature", "geometry": {"type": "Point", "coordinates": [-0.36976, 49.07007]}, "properties": {"stop_id": "FR:14290:ZE:1152230:ATOUMOD040", "stop_name": "Le Pont", "route_ids": ["ATOUMOD040:Line:1004456:LOC"]}}, {"type": "Feature", "geometry": {"type": "Point", "coordinates": [-0.36973, 49.0701]}, "properties": {"stop_id": "FR:14290:ZE:1152231:ATOUMOD040", "stop_name": "Le Pont", "route_ids": ["ATOUMOD040:Line:1004456:LOC"]}}, {"type": "Feature", "geometry": {"type": "Point", "coordinates": [-0.38672, 49.00372]}, "properties": {"stop_id": "FR:14291:ZE:1152234:ATOUMOD040", "stop_name": "Fresney-le-Vieux", "route_ids": ["ATOUMOD040:Line:1004448:LOC"]}}, {"type": "Feature", "geometry": {"type": "Point", "coordinates": [-0.38654, 49.00395]}, "properties": {"stop_id": "FR:14291:ZE:1152235:ATOUMOD040", "stop_name": "Fresney-le-Vieux", "route_ids": ["ATOUMOD040:Line:1004448:LOC"]}}, {"type": "Feature", "geometry": {"type": "Point", "coordinates": [-0.514432, 49.118138]}, "properties": {"stop_id": "FR:14297:ZE:1152248:ATOUMOD040", "stop_name": "Gavrus", "route_ids": ["ATOUMOD040:Line:1004444:LOC"]}}, {"type": "Feature", "geometry": {"type": "Point", "coordinates": [-0.514244, 49.118131]}, "properties": {"stop_id": "FR:14297:ZE:1152249:ATOUMOD040", "stop_name": "Gavrus", "route_ids": ["ATOUMOD040:Line:1004444:LOC"]}}, {"type": "Feature", "geometry": {"type": "Point", "coordinates": [-0.28291, 49.17242]}, "properties": {"stop_id": "FR:14301:ZE:1152252:ATOUMOD040", "stop_name": "Martray", "route_ids": ["ATOUMOD040:Line:1004458:LOC"]}}, {"type": "Feature", "geometry": {"type": "Point", "coordinates": [-0.28145, 49.17225]}, "properties": {"stop_id": "FR:14301:ZE:1152253:ATOUMOD040", "stop_name": "Martray", "route_ids": ["ATOUMOD040:Line:1004458:LOC"]}}, {"type": "Feature", "geometry": {"type": "Point", "coordinates": [-0.479522, 49.033097]}, "properties": {"stop_id": "FR:14713:ZE:1152262:ATOUMOD040", "stop_name": "GOUPILLIERES - Mairie", "route_ids": ["ATOUMOD040:Line:1004446:LOC"]}}, {"type": "Feature", "geometry": {"type": "Point", "coordinates": [-0.479725, 49.033056]}, "properties": {"stop_id": "FR:14713:ZE:1152263:ATOUMOD040", "stop_name": "GOUPILLIERES - Mairie", "route_ids": ["ATOUMOD040:Line:1004446:LOC"]}}, {"type": "Feature", "geometry": {"type": "Point", "coordinates": [-0.480067, 49.02938]}, "properties": {"stop_id": "FR:14713:ZE:1152264:ATOUMOD040", "stop_name": "GOUPILLIERES - Rannerie", "route_ids": ["ATOUMOD040:Line:1004446:LOC"]}}, {"type": "Feature", "geometry": {"type": "Point", "coordinates": [-0.480009, 49.029392]}, "properties": {"stop_id": "FR:14713:ZE:1152265:ATOUMOD040", "stop_name": "GOUPILLIERES - Rannerie", "route_ids": ["ATOUMOD040:Line:1004446:LOC"]}}, {"type": "Feature", "geometry": {"type": "Point", "coordinates": [-0.09798, 49.21804]}, "properties": {"stop_id": "FR:14308:ZE:1152266:ATOUMOD040", "stop_name": "Mairie", "route_ids": ["ATOUMOD040:Line:1004458:LOC"]}}, {"type": "Feature", "geometry": {"type": "Point", "coordinates": [-0.09668, 49.21825]}, "properties": {"stop_id": "FR:14308:ZE:1152267:ATOUMOD040", "stop_name": "Mairie", "route_ids": ["ATOUMOD040:Line:1004458:LOC"]}}, {"type": "Feature", "geometry": {"type": "Point", "coordinates": [-0.30357, 49.03474]}, "properties": {"stop_id": "FR:14309:ZE:1152268:ATOUMOD040", "stop_name": "Mairie", "route_ids": ["ATOUMOD040:Line:1004448:LOC"]}}, {"type": "Feature", "geometry": {"type": "Point", "coordinates": [-0.30325, 49.03491]}, "properties": {"stop_id": "FR:14309:ZE:1152269:ATOUMOD040", "stop_name": "Mairie", "route_ids": ["ATOUMOD040:Line:1004448:LOC"]}}, {"type": "Feature", "geometry": {"type": "Point", "coordinates": [-0.29478, 49.033976]}, "properties": {"stop_id": "FR:14309:ZE:1152270:ATOUMOD040", "stop_name": "Cité", "route_ids": ["ATOUMOD040:Line:1004448:LOC"]}}, {"type": "Feature", "geometry": {"type": "Point", "coordinates": [-0.29482, 49.03394]}, "properties": {"stop_id": "FR:14309:ZE:1152271:ATOUMOD040", "stop_name": "Cité", "route_ids": ["ATOUMOD040:Line:1004448:LOC"]}}, {"type": "Feature", "geometry": {"type": "Point", "coordinates": [-0.47144, 49.33011]}, "properties": {"stop_id": "FR:14318:ZE:1152272:ATOUMOD040", "stop_name": "Eglise", "route_ids": ["ATOUMOD040:Line:1004440:LOC"]}}, {"type": "Feature", "geometry": {"type": "Point", "coordinates": [-0.482387, 49.333379]}, "properties": {"stop_id": "FR:14318:ZE:1152274:ATOUMOD040", "stop_name": "La Valette", "route_ids": ["ATOUMOD040:Line:1004440:LOC"]}}, {"type": "Feature", "geometry": {"type": "Point", "coordinates": [-0.482137, 49.333286]}, "properties": {"stop_id": "FR:14318:ZE:1152275:ATOUMOD040", "stop_name": "La Valette", "route_ids": ["ATOUMOD040:Line:1004440:LOC"]}}, {"type": "Feature", "geometry": {"type": "Point", "coordinates": [-0.26505, 49.01416]}, "properties": {"stop_id": "FR:14310:ZE:1152280:ATOUMOD040", "stop_name": "Ecole", "route_ids": ["ATOUMOD040:Line:1004457:LOC"]}}, {"type": "Feature", "geometry": {"type": "Point", "coordinates": [-0.26513, 49.01417]}, "properties": {"stop_id": "FR:14310:ZE:1152281:ATOUMOD040", "stop_name": "Ecole", "route_ids": ["ATOUMOD040:Line:1004457:LOC"]}}, {"type": "Feature", "geometry": {"type": "Point", "coordinates": [-0.26608, 49.01616]}, "properties": {"stop_id": "FR:14310:ZE:1152283:ATOUMOD040", "stop_name": "Commerces", "route_ids": ["ATOUMOD040:Line:1004457:LOC"]}}, {"type": "Feature", "geometry": {"type": "Point", "coordinates": [-1.036603, 49.386813]}, "properties": {"stop_id": "FR:14312:ZE:1152284:ATOUMOD040", "stop_name": "Grandcamp Église", "route_ids": ["ATOUMOD040:Line:1004464:LOC", "ATOUMOD040:Line:1010148:LOC"]}}, {"type": "Feature", "geometry": {"type": "Point", "coordinates": [-1.036571, 49.386758]}, "properties": {"stop_id": "FR:14312:ZE:1152285:ATOUMOD040", "stop_name": "Grandcamp Église", "route_ids": ["ATOUMOD040:Line:1004464:LOC", "ATOUMOD040:Line:1010148:LOC"]}}, {"type": "Feature", "geometry": {"type": "Point", "coordinates": [-1.040486, 49.387106]}, "properties": {"stop_id": "FR:14312:ZE:1152286:ATOUMOD040", "stop_name": "Mairie", "route_ids": ["ATOUMOD040:Line:1004464:LOC", "ATOUMOD040:Line:1010148:LOC"]}}, {"type": "Feature", "geometry": {"type": "Point", "coordinates": [-1.04189, 49.38692]}, "properties": {"stop_id": "FR:14312:ZE:1152287:ATOUMOD040", "stop_name": "Mairie", "route_ids": ["ATOUMOD040:Line:1004464:LOC", "ATOUMOD040:Line:1010148:LOC"]}}, {"type": "Feature", "geometry": {"type": "Point", "coordinates": [-1.049304, 49.386085]}, "properties": {"stop_id": "FR:14312:ZE:1152288:ATOUMOD040", "stop_name": "Port", "route_ids": ["ATOUMOD040:Line:1004464:LOC", "ATOUMOD040:Line:1010148:LOC"]}}, {"type": "Feature", "geometry": {"type": "Point", "coordinates": [-1.049291, 49.386192]}, "properties": {"stop_id": "FR:14312:ZE:1152289:ATOUMOD040", "stop_name": "Port", "route_ids": ["ATOUMOD040:Line:1004464:LOC", "ATOUMOD040:Line:1010148:LOC"]}}, {"type": "Feature", "geometry": {"type": "Point", "coordinates": [-1.045234, 49.38653]}, "properties": {"stop_id": "FR:14312:ZE:1152290:ATOUMOD040", "stop_name": "Orangerie", "route_ids": ["ATOUMOD040:Line:1004464:LOC", "ATOUMOD040:Line:1010148:LOC"]}}, {"type": "Feature", "geometry": {"type": "Point", "coordinates": [-1.04519, 49.38664]}, "properties": {"stop_id": "FR:14312:ZE:1152291:ATOUMOD040", "stop_name": "Orangerie", "route_ids": ["ATOUMOD040:Line:1004464:LOC", "ATOUMOD040:Line:1010148:LOC"]}}, {"type": "Feature", "geometry": {"type": "Point", "coordinates": [-1.055709, 49.38124]}, "properties": {"stop_id": "FR:14312:ZE:1152294:ATOUMOD040", "stop_name": "Maisy Église", "route_ids": ["ATOUMOD040:Line:1004464:LOC", "ATOUMOD040:Line:1010148:LOC"]}}, {"type": "Feature", "geometry": {"type": "Point", "coordinates": [-0.52481, 49.13565]}, "properties": {"stop_id": "FR:14311:ZE:1152298:ATOUMOD040", "stop_name": "Le Valtru", "route_ids": ["ATOUMOD040:Line:1004455:LOC", "ATOUMOD040:Line:1004477:LOC"]}}, {"type": "Feature", "geometry": {"type": "Point", "coordinates": [-0.525714, 49.135557]}, "properties": {"stop_id": "FR:14311:ZE:1152299:ATOUMOD040", "stop_name": "Le Valtru", "route_ids": ["ATOUMOD040:Line:1004455:LOC", "ATOUMOD040:Line:1004477:LOC"]}}, {"type": "Feature", "geometry": {"type": "Point", "coordinates": [-0.52624, 49.14194]}, "properties": {"stop_id": "FR:14311:ZE:1152300:ATOUMOD040", "stop_name": "Maison de retraite", "route_ids": ["ATOUMOD040:Line:1004455:LOC", "ATOUMOD040:Line:1004477:LOC"]}}, {"type": "Feature", "geometry": {"type": "Point", "coordinates": [-0.52626, 49.14202]}, "properties": {"stop_id": "FR:14311:ZE:1152301:ATOUMOD040", "stop_name": "Maison de retraite", "route_ids": ["ATOUMOD040:Line:1004455:LOC", "ATOUMOD040:Line:1004477:LOC"]}}, {"type": "Feature", "geometry": {"type": "Point", "coordinates": [-0.54658, 48.99912]}, "properties": {"stop_id": "FR:14689:ZE:1152304:ATOUMOD040", "stop_name": "HAMARS - Mairie", "route_ids": ["ATOUMOD040:Line:1004446:LOC"]}}, {"type": "Feature", "geometry": {"type": "Point", "coordinates": [-0.54661, 48.99904]}, "properties": {"stop_id": "FR:14689:ZE:1152305:ATOUMOD040", "stop_name": "HAMARS - Mairie", "route_ids": ["ATOUMOD040:Line:1004446:LOC"]}}, {"type": "Feature", "geometry": {"type": "Point", "coordinates": [-0.24524, 49.21949]}, "properties": {"stop_id": "FR:14328:ZE:1152326:ATOUMOD040", "stop_name": "L'Aiguillon", "route_ids": ["ATOUMOD040:Line:1004451:LOC"]}}, {"type": "Feature", "geometry": {"type": "Point", "coordinates": [-0.2453, 49.21945]}, "properties": {"stop_id": "FR:14328:ZE:1152327:ATOUMOD040", "stop_name": "L'Aiguillon", "route_ids": ["ATOUMOD040:Line:1004451:LOC"]}}, {"type": "Feature", "geometry": {"type": "Point", "coordinates": [0.237865, 49.418589]}, "properties": {"stop_id": "FR:14333:ZE:1152332:ATOUMOD040", "stop_name": "Gare Routiere", "route_ids": ["ATOUMOD040:Line:1004451:LOC", "ATOUMOD040:Line:1004459:LOC", "ATOUMOD040:Line:1004460:LOC", "ATOUMOD040:Line:1003293:LOC"]}}, {"type": "Feature", "geometry": {"type": "Point", "coordinates": [0.226186, 49.410862]}, "properties": {"stop_id": "FR:14333:ZE:1152334:ATOUMOD040", "stop_name": "La Claire", "route_ids": ["ATOUMOD040:Line:1004460:LOC"]}}, {"type": "Feature", "geometry": {"type": "Point", "coordinates": [0.226392, 49.410991]}, "properties": {"stop_id": "FR:14333:ZE:1152335:ATOUMOD040", "stop_name": "La Claire", "route_ids": ["ATOUMOD040:Line:1004460:LOC"]}}, {"type": "Feature", "geometry": {"type": "Point", "coordinates": [0.26548, 49.4136]}, "properties": {"stop_id": "FR:14333:ZE:1152337:ATOUMOD040", "stop_name": "Village des Marques", "route_ids": ["ATOUMOD040:Line:1004451:LOC", "ATOUMOD040:Line:1003305:LOC"]}}, {"type": "Feature", "geometry": {"type": "Point", "coordinates": [0.227926, 49.413054]}, "properties": {"stop_id": "FR:14333:ZE:1152338:ATOUMOD040", "stop_name": "Vert Feuillage", "route_ids": ["ATOUMOD040:Line:1004451:LOC", "ATOUMOD040:Line:1004460:LOC"]}}, {"type": "Feature", "geometry": {"type": "Point", "coordinates": [0.22746, 49.412642]}, "properties": {"stop_id": "FR:14333:ZE:1152339:ATOUMOD040", "stop_name": "Vert Feuillage", "route_ids": ["ATOUMOD040:Line:1004451:LOC", "ATOUMOD040:Line:1004460:LOC"]}}, {"type": "Feature", "geometry": {"type": "Point", "coordinates": [0.23824, 49.40047]}, "properties": {"stop_id": "FR:14333:ZE:1152341:ATOUMOD040", "stop_name": "College Alphonse Allais", "route_ids": ["ATOUMOD040:Line:1004451:LOC"]}}, {"type": "Feature", "geometry": {"type": "Point", "coordinates": [0.24808, 49.41098]}, "properties": {"stop_id": "FR:14333:ZE:1152342:ATOUMOD040", "stop_name": "Les Marronniers", "route_ids": ["ATOUMOD040:Line:1004451:LOC", "ATOUMOD040:Line:1004460:LOC", "ATOUMOD040:Line:1003293:LOC"]}}, {"type": "Feature", "geometry": {"type": "Point", "coordinates": [0.24803, 49.41093]}, "properties": {"stop_id": "FR:14333:ZE:1152343:ATOUMOD040", "stop_name": "Les Marronniers", "route_ids": ["ATOUMOD040:Line:1004451:LOC", "ATOUMOD040:Line:1004460:LOC", "ATOUMOD040:Line:1003293:LOC"]}}, {"type": "Feature", "geometry": {"type": "Point", "coordinates": [0.230388, 49.416706]}, "properties": {"stop_id": "FR:14333:ZE:1152344:ATOUMOD040", "stop_name": "Place Albert Sorel", "route_ids": ["ATOUMOD040:Line:1004451:LOC", "ATOUMOD040:Line:1004460:LOC"]}}, {"type": "Feature", "geometry": {"type": "Point", "coordinates": [0.230535, 49.416615]}, "properties": {"stop_id": "FR:14333:ZE:1152345:ATOUMOD040", "stop_name": "Place Albert Sorel", "route_ids": ["ATOUMOD040:Line:1004451:LOC", "ATOUMOD040:Line:1004460:LOC"]}}, {"type": "Feature", "geometry": {"type": "Point", "coordinates": [0.24573, 49.41285]}, "properties": {"stop_id": "FR:14333:ZE:1152349:ATOUMOD040", "stop_name": "Emile Renouf", "route_ids": ["ATOUMOD040:Line:1004460:LOC"]}}, {"type": "Feature", "geometry": {"type": "Point", "coordinates": [0.24516, 49.41347]}, "properties": {"stop_id": "FR:14333:ZE:1152350:ATOUMOD040", "stop_name": "Emile Renouf", "route_ids": ["ATOUMOD040:Line:1004460:LOC"]}}, {"type": "Feature", "geometry": {"type": "Point", "coordinates": [0.233768, 49.418962]}, "properties": {"stop_id": "FR:14333:ZE:1152351:ATOUMOD040", "stop_name": "Montpensier", "route_ids": ["ATOUMOD040:Line:1004451:LOC", "ATOUMOD040:Line:1004460:LOC"]}}, {"type": "Feature", "geometry": {"type": "Point", "coordinates": [0.234618, 49.418588]}, "properties": {"stop_id": "FR:14333:ZE:1152352:ATOUMOD040", "stop_name": "Montpensier", "route_ids": ["ATOUMOD040:Line:1004451:LOC", "ATOUMOD040:Line:1004460:LOC"]}}, {"type": "Feature", "geometry": {"type": "Point", "coordinates": [0.23893, 49.39846]}, "properties": {"stop_id": "FR:14333:ZE:1152353:ATOUMOD040", "stop_name": "Lycée Albert Sorel", "route_ids": ["ATOUMOD040:Line:1004451:LOC"]}}, {"type": "Feature", "geometry": {"type": "Point", "coordinates": [0.23827, 49.39864]}, "properties": {"stop_id": "FR:14333:ZE:1152354:ATOUMOD040", "stop_name": "Lycée Albert Sorel", "route_ids": ["ATOUMOD040:Line:1004451:LOC"]}}, {"type": "Feature", "geometry": {"type": "Point", "coordinates": [-0.64988, 49.15282]}, "properties": {"stop_id": "FR:14336:ZE:1152355:ATOUMOD040", "stop_name": "Ecole", "route_ids": ["ATOUMOD040:Line:1004477:LOC"]}}, {"type": "Feature", "geometry": {"type": "Point", "coordinates": [-0.65018, 49.15292]}, "properties": {"stop_id": "FR:14336:ZE:1152356:ATOUMOD040", "stop_name": "Ecole", "route_ids": ["ATOUMOD040:Line:1004477:LOC"]}}, {"type": "Feature", "geometry": {"type": "Point", "coordinates": [-0.06356, 49.29775]}, "properties": {"stop_id": "FR:14338:ZE:1152359:ATOUMOD040", "stop_name": "Centre sportif", "route_ids": ["ATOUMOD040:Line:1004451:LOC"]}}, {"type": "Feature", "geometry": {"type": "Point", "coordinates": [-0.06346, 49.29765]}, "properties": {"stop_id": "FR:14338:ZE:1152360:ATOUMOD040", "stop_name": "Centre sportif", "route_ids": ["ATOUMOD040:Line:1004451:LOC"]}}, {"type": "Feature", "geometry": {"type": "Point", "coordinates": [-0.07364, 49.30043]}, "properties": {"stop_id": "FR:14338:ZE:1152361:ATOUMOD040", "stop_name": "Mairie", "route_ids": ["ATOUMOD040:Line:1004451:LOC"]}}, {"type": "Feature", "geometry": {"type": "Point", "coordinates": [-0.07354, 49.30036]}, "properties": {"stop_id": "FR:14338:ZE:1152362:ATOUMOD040", "stop_name": "Mairie", "route_ids": ["ATOUMOD040:Line:1004451:LOC"]}}, {"type": "Feature", "geometry": {"type": "Point", "coordinates": [-0.08475, 49.29909]}, "properties": {"stop_id": "FR:14338:ZE:1152363:ATOUMOD040", "stop_name": "Plage", "route_ids": ["ATOUMOD040:Line:1004451:LOC"]}}, {"type": "Feature", "geometry": {"type": "Point", "coordinates": [-0.08438, 49.29925]}, "properties": {"stop_id": "FR:14338:ZE:1152364:ATOUMOD040", "stop_name": "Plage", "route_ids": ["ATOUMOD040:Line:1004451:LOC"]}}, {"type": "Feature", "geometry": {"type": "Point", "coordinates": [-0.74397, 49.00137]}, "properties": {"stop_id": "FR:14347:ZE:1152382:ATOUMOD040", "stop_name": "JURQUES - La Cabosse", "route_ids": ["ATOUMOD040:Line:1004455:LOC"]}}, {"type": "Feature", "geometry": {"type": "Point", "coordinates": [-0.74416, 49.0011]}, "properties": {"stop_id": "FR:14347:ZE:1152383:ATOUMOD040", "stop_name": "JURQUES - La Cabosse", "route_ids": ["ATOUMOD040:Line:1004455:LOC"]}}, {"type": "Feature", "geometry": {"type": "Point", "coordinates": [-0.73634, 49.02001]}, "properties": {"stop_id": "FR:14347:ZE:1152384:ATOUMOD040", "stop_name": "JURQUES - Rd 577", "route_ids": ["ATOUMOD040:Line:1004455:LOC"]}}, {"type": "Feature", "geometry": {"type": "Point", "coordinates": [-0.73728, 49.01817]}, "properties": {"stop_id": "FR:14347:ZE:1152385:ATOUMOD040", "stop_name": "JURQUES - Rd 577", "route_ids": ["ATOUMOD040:Line:1004455:LOC"]}}, {"type": "Feature", "geometry": {"type": "Point", "coordinates": [-0.57841, 49.07595]}, "properties": {"stop_id": "FR:14353:ZE:1152390:ATOUMOD040", "stop_name": "Landes-sur-Ajon", "route_ids": ["ATOUMOD040:Line:1004445:LOC"]}}, {"type": "Feature", "geometry": {"type": "Point", "coordinates": [-0.38124, 49.08318]}, "properties": {"stop_id": "FR:14349:ZE:1152398:ATOUMOD040", "stop_name": "LAIZE-LA-VILLE - Mairie", "route_ids": ["ATOUMOD040:Line:1004447:LOC", "ATOUMOD040:Line:1004456:LOC"]}}, {"type": "Feature", "geometry": {"type": "Point", "coordinates": [-0.38123, 49.0832]}, "properties": {"stop_id": "FR:14349:ZE:1152399:ATOUMOD040", "stop_name": "LAIZE-LA-VILLE - Mairie", "route_ids": ["ATOUMOD040:Line:1004447:LOC", "ATOUMOD040:Line:1004456:LOC"]}}, {"type": "Feature", "geometry": {"type": "Point", "coordinates": [-0.38766, 49.08187]}, "properties": {"stop_id": "FR:14349:ZE:1152400:ATOUMOD040", "stop_name": "LAIZE-LA-VILLE - Paugers", "route_ids": ["ATOUMOD040:Line:1004447:LOC"]}}, {"type": "Feature", "geometry": {"type": "Point", "coordinates": [-0.38763, 49.08196]}, "properties": {"stop_id": "FR:14349:ZE:1152401:ATOUMOD040", "stop_name": "LAIZE-LA-VILLE - Paugers", "route_ids": ["ATOUMOD040:Line:1004447:LOC"]}}, {"type": "Feature", "geometry": {"type": "Point", "coordinates": [-0.368244, 49.324597]}, "properties": {"stop_id": "FR:14354:ZE:1152402:ATOUMOD040", "stop_name": "Place Harivel", "route_ids": ["ATOUMOD040:Line:1004440:LOC"]}}, {"type": "Feature", "geometry": {"type": "Point", "coordinates": [-0.368365, 49.32454]}, "properties": {"stop_id": "FR:14354:ZE:1152403:ATOUMOD040", "stop_name": "Place Harivel", "route_ids": ["ATOUMOD040:Line:1004440:LOC"]}}, {"type": "Feature", "geometry": {"type": "Point", "coordinates": [-0.3722, 49.32413]}, "properties": {"stop_id": "FR:14354:ZE:1152404:ATOUMOD040", "stop_name": "Place du Marché", "route_ids": ["ATOUMOD040:Line:1004440:LOC"]}}, {"type": "Feature", "geometry": {"type": "Point", "coordinates": [-0.37115, 49.32403]}, "properties": {"stop_id": "FR:14354:ZE:1152405:ATOUMOD040", "stop_name": "Place du Marché", "route_ids": ["ATOUMOD040:Line:1004440:LOC"]}}, {"type": "Feature", "geometry": {"type": "Point", "coordinates": [-0.37537, 49.32496]}, "properties": {"stop_id": "FR:14354:ZE:1152406:ATOUMOD040", "stop_name": "Epagne", "route_ids": ["ATOUMOD040:Line:1004440:LOC"]}}, {"type": "Feature", "geometry": {"type": "Point", "coordinates": [-0.37559, 49.32512]}, "properties": {"stop_id": "FR:14354:ZE:1152407:ATOUMOD040", "stop_name": "Epagne", "route_ids": ["ATOUMOD040:Line:1004440:LOC"]}}, {"type": "Feature", "geometry": {"type": "Point", "coordinates": [-0.37565, 49.3213]}, "properties": {"stop_id": "FR:14354:ZE:1152408:ATOUMOD040", "stop_name": "Ecole", "route_ids": ["ATOUMOD040:Line:1004440:LOC"]}}, {"type": "Feature", "geometry": {"type": "Point", "coordinates": [-0.37574, 49.32154]}, "properties": {"stop_id": "FR:14354:ZE:1152409:ATOUMOD040", "stop_name": "Ecole", "route_ids": ["ATOUMOD040:Line:1004440:LOC"]}}, {"type": "Feature", "geometry": {"type": "Point", "coordinates": [-0.48017, 49.2307]}, "properties": {"stop_id": "FR:14543:ZE:1152410:ATOUMOD040", "stop_name": "LASSON - Neuf Mer", "route_ids": ["ATOUMOD040:Line:1004442:LOC"]}}, {"type": "Feature", "geometry": {"type": "Point", "coordinates": [-0.48038, 49.23067]}, "properties": {"stop_id": "FR:14543:ZE:1152411:ATOUMOD040", "stop_name": "LASSON - Neuf Mer", "route_ids": ["ATOUMOD040:Line:1004442:LOC"]}}, {"type": "Feature", "geometry": {"type": "Point", "coordinates": [-0.46381, 49.22966]}, "properties": {"stop_id": "FR:14543:ZE:1152412:ATOUMOD040", "stop_name": "LASSON - Centre animation", "route_ids": ["ATOUMOD040:Line:1004442:LOC"]}}, {"type": "Feature", "geometry": {"type": "Point", "coordinates": [-0.46385, 49.22983]}, "properties": {"stop_id": "FR:14543:ZE:1152413:ATOUMOD040", "stop_name": "LASSON - Centre animation", "route_ids": ["ATOUMOD040:Line:1004442:LOC"]}}, {"type": "Feature", "geometry": {"type": "Point", "coordinates": [-0.489333, 49.226653]}, "properties": {"stop_id": "FR:14543:ZE:1152414:ATOUMOD040", "stop_name": "LASSON - Bray", "route_ids": ["ATOUMOD040:Line:1004442:LOC"]}}, {"type": "Feature", "geometry": {"type": "Point", "coordinates": [-0.48945, 49.22664]}, "properties": {"stop_id": "FR:14543:ZE:1152415:ATOUMOD040", "stop_name": "LASSON - Bray", "route_ids": ["ATOUMOD040:Line:1004442:LOC"]}}, {"type": "Feature", "geometry": {"type": "Point", "coordinates": [-0.46878, 49.23099]}, "properties": {"stop_id": "FR:14543:ZE:1152416:ATOUMOD040", "stop_name": "LASSON - Collines", "route_ids": ["ATOUMOD040:Line:1004442:LOC"]}}, {"type": "Feature", "geometry": {"type": "Point", "coordinates": [-0.46881, 49.23101]}, "properties": {"stop_id": "FR:14543:ZE:1152417:ATOUMOD040", "stop_name": "LASSON - Collines", "route_ids": ["ATOUMOD040:Line:1004442:LOC"]}}, {"type": "Feature", "geometry": {"type": "Point", "coordinates": [-0.51294, 49.27099]}, "properties": {"stop_id": "FR:14355:ZE:1152418:ATOUMOD040", "stop_name": "LANTHEUIL - Rue Fleurie", "route_ids": ["ATOUMOD040:Line:1004442:LOC"]}}, {"type": "Feature", "geometry": {"type": "Point", "coordinates": [-0.51343, 49.27073]}, "properties": {"stop_id": "FR:14355:ZE:1152419:ATOUMOD040", "stop_name": "LANTHEUIL - Rue Fleurie", "route_ids": ["ATOUMOD040:Line:1004442:LOC"]}}, {"type": "Feature", "geometry": {"type": "Point", "coordinates": [-0.50355, 49.27571]}, "properties": {"stop_id": "FR:14355:ZE:1152420:ATOUMOD040", "stop_name": "LANTHEUIL - Pierrepont", "route_ids": ["ATOUMOD040:Line:1004442:LOC"]}}, {"type": "Feature", "geometry": {"type": "Point", "coordinates": [-0.50372, 49.27582]}, "properties": {"stop_id": "FR:14355:ZE:1152421:ATOUMOD040", "stop_name": "LANTHEUIL - Pierrepont", "route_ids": ["ATOUMOD040:Line:1004442:LOC"]}}, {"type": "Feature", "geometry": {"type": "Point", "coordinates": [-0.517648, 49.271794]}, "properties": {"stop_id": "FR:14355:ZE:1152422:ATOUMOD040", "stop_name": "LANTHEUIL - Chemin Blanc", "route_ids": ["ATOUMOD040:Line:1004442:LOC"]}}, {"type": "Feature", "geometry": {"type": "Point", "coordinates": [-0.517865, 49.271822]}, "properties": {"stop_id": "FR:14355:ZE:1152423:ATOUMOD040", "stop_name": "LANTHEUIL - Chemin Blanc", "route_ids": ["ATOUMOD040:Line:1004442:LOC"]}}, {"type": "Feature", "geometry": {"type": "Point", "coordinates": [0.22573, 49.22836]}, "properties": {"stop_id": "FR:14102:ZE:1152427:ATOUMOD040", "stop_name": "Jules Grün", "route_ids": ["ATOUMOD040:Line:1004460:LOC"]}}, {"type": "Feature", "geometry": {"type": "Point", "coordinates": [0.225043, 49.23132]}, "properties": {"stop_id": "FR:14102:ZE:1173432:ATOUMOD040", "stop_name": "Jules Grün", "route_ids": ["ATOUMOD040:Line:1004460:LOC"]}}, {"type": "Feature", "geometry": {"type": "Point", "coordinates": [0.22286, 49.23656]}, "properties": {"stop_id": "FR:14102:ZE:1152428:ATOUMOD040", "stop_name": "Perelle", "route_ids": ["ATOUMOD040:Line:1004460:LOC"]}}, {"type": "Feature", "geometry": {"type": "Point", "coordinates": [0.22305, 49.23645]}, "properties": {"stop_id": "FR:14102:ZE:1152429:ATOUMOD040", "stop_name": "Perelle", "route_ids": ["ATOUMOD040:Line:1004460:LOC"]}}, {"type": "Feature", "geometry": {"type": "Point", "coordinates": [-0.52071, 49.03436]}, "properties": {"stop_id": "FR:14122:ZE:1152438:ATOUMOD040", "stop_name": "La Caine", "route_ids": ["ATOUMOD040:Line:1004445:LOC"]}}, {"type": "Feature", "geometry": {"type": "Point", "coordinates": [-0.48852, 49.25779]}, "properties": {"stop_id": "FR:14288:ZE:1152509:ATOUMOD040", "stop_name": "Le Fresne Mairie", "route_ids": ["ATOUMOD040:Line:1004442:LOC"]}}, {"type": "Feature", "geometry": {"type": "Point", "coordinates": [-0.48849, 49.25789]}, "properties": {"stop_id": "FR:14288:ZE:1152510:ATOUMOD040", "stop_name": "Le Fresne Mairie", "route_ids": ["ATOUMOD040:Line:1004442:LOC"]}}, {"type": "Feature", "geometry": {"type": "Point", "coordinates": [-0.48351, 49.25157]}, "properties": {"stop_id": "FR:14288:ZE:1152511:ATOUMOD040", "stop_name": "Le Fresne Bourg", "route_ids": ["ATOUMOD040:Line:1004442:LOC"]}}, {"type": "Feature", "geometry": {"type": "Point", "coordinates": [-0.48377, 49.25155]}, "properties": {"stop_id": "FR:14288:ZE:1152512:ATOUMOD040", "stop_name": "Le Fresne Bourg", "route_ids": ["ATOUMOD040:Line:1004442:LOC"]}}, {"type": "Feature", "geometry": {"type": "Point", "coordinates": [-0.4854, 49.26321]}, "properties": {"stop_id": "FR:14288:ZE:1152513:ATOUMOD040", "stop_name": "Le Bout Renard", "route_ids": ["ATOUMOD040:Line:1004442:LOC"]}}, {"type": "Feature", "geometry": {"type": "Point", "coordinates": [-0.48528, 49.26299]}, "properties": {"stop_id": "FR:14288:ZE:1152514:ATOUMOD040", "stop_name": "Le Bout Renard", "route_ids": ["ATOUMOD040:Line:1004442:LOC"]}}, {"type": "Feature", "geometry": {"type": "Point", "coordinates": [-0.48639, 49.25296]}, "properties": {"stop_id": "FR:14288:ZE:1152515:ATOUMOD040", "stop_name": "Canadiens", "route_ids": ["ATOUMOD040:Line:1004442:LOC"]}}, {"type": "Feature", "geometry": {"type": "Point", "coordinates": [-0.48635, 49.253]}, "properties": {"stop_id": "FR:14288:ZE:1152516:ATOUMOD040", "stop_name": "Canadiens", "route_ids": ["ATOUMOD040:Line:1004442:LOC"]}}, {"type": "Feature", "geometry": {"type": "Point", "coordinates": [0.22772, 49.15092]}, "properties": {"stop_id": "FR:14366:ZE:1152540:ATOUMOD040", "stop_name": "Les Buissonnets", "route_ids": ["ATOUMOD040:Line:1004460:LOC"]}}, {"type": "Feature", "geometry": {"type": "Point", "coordinates": [0.2276, 49.15129]}, "properties": {"stop_id": "FR:14366:ZE:1152541:ATOUMOD040", "stop_name": "Les Buissonnets", "route_ids": ["ATOUMOD040:Line:1004460:LOC"]}}, {"type": "Feature", "geometry": {"type": "Point", "coordinates": [0.2311, 49.13863]}, "properties": {"stop_id": "FR:14366:ZE:1152550:ATOUMOD040", "stop_name": "Gare Sncf", "route_ids": ["ATOUMOD040:Line:1004460:LOC", "ATOUMOD040:Line:1003302:LOC"]}}, {"type": "Feature", "geometry": {"type": "Point", "coordinates": [0.231175, 49.138647]}, "properties": {"stop_id": "FR:14366:ZE:1152551:ATOUMOD040", "stop_name": "Gare Sncf", "route_ids": ["ATOUMOD040:Line:1004460:LOC"]}}, {"type": "Feature", "geometry": {"type": "Point", "coordinates": [0.21976, 49.16283]}, "properties": {"stop_id": "FR:14366:ZE:1152556:ATOUMOD040", "stop_name": "Cornu", "route_ids": ["ATOUMOD040:Line:1004460:LOC"]}}, {"type": "Feature", "geometry": {"type": "Point", "coordinates": [0.2288, 49.14736]}, "properties": {"stop_id": "FR:14366:ZE:1152557:ATOUMOD040", "stop_name": "Clémenceau", "route_ids": ["ATOUMOD040:Line:1004460:LOC"]}}, {"type": "Feature", "geometry": {"type": "Point", "coordinates": [0.22758, 49.15976]}, "properties": {"stop_id": "FR:14366:ZE:1152573:ATOUMOD040", "stop_name": "Les Suédoises", "route_ids": ["ATOUMOD040:Line:1004460:LOC"]}}, {"type": "Feature", "geometry": {"type": "Point", "coordinates": [0.227718, 49.159868]}, "properties": {"stop_id": "FR:14366:ZE:1152574:ATOUMOD040", "stop_name": "Les Suédoises", "route_ids": ["ATOUMOD040:Line:1004460:LOC"]}}, {"type": "Feature", "geometry": {"type": "Point", "coordinates": [0.22774, 49.15278]}, "properties": {"stop_id": "FR:14366:ZE:1152579:ATOUMOD040", "stop_name": "Providence", "route_ids": ["ATOUMOD040:Line:1004460:LOC"]}}, {"type": "Feature", "geometry": {"type": "Point", "coordinates": [0.22761, 49.15426]}, "properties": {"stop_id": "FR:14366:ZE:1152580:ATOUMOD040", "stop_name": "Providence", "route_ids": ["ATOUMOD040:Line:1004460:LOC"]}}, {"type": "Feature", "geometry": {"type": "Point", "coordinates": [0.225301, 49.146262]}, "properties": {"stop_id": "FR:14366:ZE:1152581:ATOUMOD040", "stop_name": "Mitterrand - Poste", "route_ids": ["ATOUMOD040:Line:1004460:LOC"]}}, {"type": "Feature", "geometry": {"type": "Point", "coordinates": [0.225444, 49.146281]}, "properties": {"stop_id": "FR:14366:ZE:1152582:ATOUMOD040", "stop_name": "Mitterrand - Poste", "route_ids": ["ATOUMOD040:Line:1004460:LOC"]}}, {"type": "Feature", "geometry": {"type": "Point", "coordinates": [-0.752336, 48.979895]}, "properties": {"stop_id": "FR:14347:ZE:1152601:ATOUMOD040", "stop_name": "LE MESNIL-AUZOUF - Eglise", "route_ids": ["ATOUMOD040:Line:1004455:LOC"]}}, {"type": "Feature", "geometry": {"type": "Point", "coordinates": [-0.751287, 48.981197]}, "properties": {"stop_id": "FR:14347:ZE:1152602:ATOUMOD040", "stop_name": "LE MESNIL-AUZOUF - Eglise", "route_ids": ["ATOUMOD040:Line:1004455:LOC"]}}, {"type": "Feature", "geometry": {"type": "Point", "coordinates": [-0.422372, 49.02928]}, "properties": {"stop_id": "FR:14458:ZE:1152605:ATOUMOD040", "stop_name": "Eglise", "route_ids": ["ATOUMOD040:Line:1004456:LOC"]}}, {"type": "Feature", "geometry": {"type": "Point", "coordinates": [-0.422673, 49.029129]}, "properties": {"stop_id": "FR:14458:ZE:1152606:ATOUMOD040", "stop_name": "Eglise", "route_ids": ["ATOUMOD040:Line:1004456:LOC"]}}, {"type": "Feature", "geometry": {"type": "Point", "coordinates": [-0.43288, 49.01102]}, "properties": {"stop_id": "FR:14458:ZE:1152607:ATOUMOD040", "stop_name": "Four a Chaux", "route_ids": ["ATOUMOD040:Line:1004456:LOC"]}}, {"type": "Feature", "geometry": {"type": "Point", "coordinates": [-0.43274, 49.01079]}, "properties": {"stop_id": "FR:14458:ZE:1152608:ATOUMOD040", "stop_name": "Four a Chaux", "route_ids": ["ATOUMOD040:Line:1004456:LOC"]}}, {"type": "Feature", "geometry": {"type": "Point", "coordinates": [-0.42697, 49.02112]}, "properties": {"stop_id": "FR:14458:ZE:1152609:ATOUMOD040", "stop_name": "Maison de retraite", "route_ids": ["ATOUMOD040:Line:1004456:LOC"]}}, {"type": "Feature", "geometry": {"type": "Point", "coordinates": [-0.427206, 49.021132]}, "properties": {"stop_id": "FR:14458:ZE:1152610:ATOUMOD040", "stop_name": "Maison de retraite", "route_ids": ["ATOUMOD040:Line:1004456:LOC"]}}, {"type": "Feature", "geometry": {"type": "Point", "coordinates": [-0.599745, 49.045589]}, "properties": {"stop_id": "FR:14412:ZE:1152627:ATOUMOD040", "stop_name": "Le Cabaret", "route_ids": ["ATOUMOD040:Line:1004445:LOC"]}}, {"type": "Feature", "geometry": {"type": "Point", "coordinates": [-0.601517, 49.045461]}, "properties": {"stop_id": "FR:14412:ZE:1152628:ATOUMOD040", "stop_name": "Le Cabaret", "route_ids": ["ATOUMOD040:Line:1004445:LOC"]}}, {"type": "Feature", "geometry": {"type": "Point", "coordinates": [-0.58134, 49.05215]}, "properties": {"stop_id": "FR:14037:ZE:1152629:ATOUMOD040", "stop_name": "La Feterie", "route_ids": ["ATOUMOD040:Line:1004445:LOC"]}}, {"type": "Feature", "geometry": {"type": "Point", "coordinates": [-0.58129, 49.0523]}, "properties": {"stop_id": "FR:14037:ZE:1152630:ATOUMOD040", "stop_name": "La Feterie", "route_ids": ["ATOUMOD040:Line:1004445:LOC"]}}, {"type": "Feature", "geometry": {"type": "Point", "coordinates": [-0.92666, 49.38387]}, "properties": {"stop_id": "FR:14281:ZE:1152639:ATOUMOD040", "stop_name": "LOUVIERES - Gruchy", "route_ids": ["ATOUMOD040:Line:1004464:LOC"]}}, {"type": "Feature", "geometry": {"type": "Point", "coordinates": [-0.92737, 49.38416]}, "properties": {"stop_id": "FR:14281:ZE:1152640:ATOUMOD040", "stop_name": "LOUVIERES - Gruchy", "route_ids": ["ATOUMOD040:Line:1004464:LOC"]}}, {"type": "Feature", "geometry": {"type": "Point", "coordinates": [-0.56614, 49.22842]}, "properties": {"stop_id": "FR:14380:ZE:1152647:ATOUMOD040", "stop_name": "RD613", "route_ids": ["ATOUMOD040:Line:1004454:LOC"]}}, {"type": "Feature", "geometry": {"type": "Point", "coordinates": [-0.56633, 49.22867]}, "properties": {"stop_id": "FR:14380:ZE:1152648:ATOUMOD040", "stop_name": "RD613", "route_ids": ["ATOUMOD040:Line:1004454:LOC"]}}, {"type": "Feature", "geometry": {"type": "Point", "coordinates": [-0.39844, 49.16128]}, "properties": {"stop_id": "FR:14383:ZE:1152651:ATOUMOD040", "stop_name": "Long Cours", "route_ids": ["ATOUMOD040:Line:1004446:LOC"]}}, {"type": "Feature", "geometry": {"type": "Point", "coordinates": [-0.398, 49.16111]}, "properties": {"stop_id": "FR:14383:ZE:1152652:ATOUMOD040", "stop_name": "Long Cours", "route_ids": ["ATOUMOD040:Line:1004446:LOC"]}}, {"type": "Feature", "geometry": {"type": "Point", "coordinates": [-0.835313, 48.903159]}, "properties": {"stop_id": "FR:14061:ZE:1152659:ATOUMOD040", "stop_name": "LE RECULEY - Le Mesnil", "route_ids": ["ATOUMOD040:Line:1004455:LOC"]}}, {"type": "Feature", "geometry": {"type": "Point", "coordinates": [-0.836127, 48.902597]}, "properties": {"stop_id": "FR:14061:ZE:1152660:ATOUMOD040", "stop_name": "LE RECULEY - Le Mesnil", "route_ids": ["ATOUMOD040:Line:1004455:LOC"]}}, {"type": "Feature", "geometry": {"type": "Point", "coordinates": [-0.84821, 48.89039]}, "properties": {"stop_id": "FR:14061:ZE:1152665:ATOUMOD040", "stop_name": "LA GRAVERIE - La Bistiere", "route_ids": ["ATOUMOD040:Line:1004455:LOC"]}}, {"type": "Feature", "geometry": {"type": "Point", "coordinates": [-0.8477, 48.89069]}, "properties": {"stop_id": "FR:14061:ZE:1152666:ATOUMOD040", "stop_name": "LA GRAVERIE - La Bistiere", "route_ids": ["ATOUMOD040:Line:1004455:LOC"]}}, {"type": "Feature", "geometry": {"type": "Point", "coordinates": [-0.35711, 49.30913]}, "properties": {"stop_id": "FR:14384:ZE:1152707:ATOUMOD040", "stop_name": "Eglise", "route_ids": ["ATOUMOD040:Line:1004440:LOC"]}}, {"type": "Feature", "geometry": {"type": "Point", "coordinates": [-0.35711, 49.30888]}, "properties": {"stop_id": "FR:14384:ZE:1152708:ATOUMOD040", "stop_name": "Eglise", "route_ids": ["ATOUMOD040:Line:1004440:LOC"]}}, {"type": "Feature", "geometry": {"type": "Point", "coordinates": [-0.353755, 49.312929]}, "properties": {"stop_id": "FR:14384:ZE:1152709:ATOUMOD040", "stop_name": "Beau Soleil", "route_ids": ["ATOUMOD040:Line:1004440:LOC"]}}, {"type": "Feature", "geometry": {"type": "Point", "coordinates": [-0.354365, 49.312258]}, "properties": {"stop_id": "FR:14384:ZE:1152710:ATOUMOD040", "stop_name": "Beau Soleil", "route_ids": ["ATOUMOD040:Line:1004440:LOC"]}}, {"type": "Feature", "geometry": {"type": "Point", "coordinates": [-0.350024, 49.316685]}, "properties": {"stop_id": "FR:14384:ZE:1152711:ATOUMOD040", "stop_name": "Aristide Briand", "route_ids": ["ATOUMOD040:Line:1004440:LOC"]}}, {"type": "Feature", "geometry": {"type": "Point", "coordinates": [-0.350048, 49.316755]}, "properties": {"stop_id": "FR:14384:ZE:1152712:ATOUMOD040", "stop_name": "Aristide Briand", "route_ids": ["ATOUMOD040:Line:1004440:LOC"]}}, {"type": "Feature", "geometry": {"type": "Point", "coordinates": [-0.35906, 49.32061]}, "properties": {"stop_id": "FR:14384:ZE:1152713:ATOUMOD040", "stop_name": "Office de Tourisme", "route_ids": ["ATOUMOD040:Line:1004440:LOC"]}}, {"type": "Feature", "geometry": {"type": "Point", "coordinates": [-0.359074, 49.321307]}, "properties": {"stop_id": "FR:14384:ZE:1152714:ATOUMOD040", "stop_name": "Office de Tourisme", "route_ids": ["ATOUMOD040:Line:1004440:LOC"]}}, {"type": "Feature", "geometry": {"type": "Point", "coordinates": [-0.35713, 49.31728]}, "properties": {"stop_id": "FR:14384:ZE:1152715:ATOUMOD040", "stop_name": "Parc de la Baleine", "route_ids": ["ATOUMOD040:Line:1004440:LOC"]}}, {"type": "Feature", "geometry": {"type": "Point", "coordinates": [-0.357189, 49.31725]}, "properties": {"stop_id": "FR:14384:ZE:1152716:ATOUMOD040", "stop_name": "Parc de la Baleine", "route_ids": ["ATOUMOD040:Line:1004440:LOC"]}}, {"type": "Feature", "geometry": {"type": "Point", "coordinates": [-0.74533, 49.31813]}, "properties": {"stop_id": "FR:14391:ZE:1152721:ATOUMOD040", "stop_name": "Maisons", "route_ids": ["ATOUMOD040:Line:1004464:LOC"]}}, {"type": "Feature", "geometry": {"type": "Point", "coordinates": [-0.74514, 49.3181]}, "properties": {"stop_id": "FR:14391:ZE:1152722:ATOUMOD040", "stop_name": "Maisons", "route_ids": ["ATOUMOD040:Line:1004464:LOC"]}}, {"type": "Feature", "geometry": {"type": "Point", "coordinates": [-0.42255, 49.12876]}, "properties": {"stop_id": "FR:14396:ZE:1152723:ATOUMOD040", "stop_name": "Mairie", "route_ids": ["ATOUMOD040:Line:1004446:LOC"]}}, {"type": "Feature", "geometry": {"type": "Point", "coordinates": [-0.42278, 49.12854]}, "properties": {"stop_id": "FR:14396:ZE:1152724:ATOUMOD040", "stop_name": "Mairie", "route_ids": ["ATOUMOD040:Line:1004446:LOC"]}}, {"type": "Feature", "geometry": {"type": "Point", "coordinates": [-0.41337, 49.13403]}, "properties": {"stop_id": "FR:14396:ZE:1152725:ATOUMOD040", "stop_name": "La France", "route_ids": ["ATOUMOD040:Line:1004446:LOC"]}}, {"type": "Feature", "geometry": {"type": "Point", "coordinates": [-0.41357, 49.13405]}, "properties": {"stop_id": "FR:14396:ZE:1152726:ATOUMOD040", "stop_name": "La France", "route_ids": ["ATOUMOD040:Line:1004446:LOC"]}}, {"type": "Feature", "geometry": {"type": "Point", "coordinates": [-0.41216, 49.13002]}, "properties": {"stop_id": "FR:14396:ZE:1152727:ATOUMOD040", "stop_name": "Château - MFR", "route_ids": ["ATOUMOD040:Line:1004446:LOC"]}}, {"type": "Feature", "geometry": {"type": "Point", "coordinates": [-0.685036, 49.065554]}, "properties": {"stop_id": "FR:14389:ZE:1152739:ATOUMOD040", "stop_name": "La Poste", "route_ids": ["ATOUMOD040:Line:1004477:LOC"]}}, {"type": "Feature", "geometry": {"type": "Point", "coordinates": [-0.685905, 49.065223]}, "properties": {"stop_id": "FR:14389:ZE:1172169:ATOUMOD040", "stop_name": "La Poste", "route_ids": ["ATOUMOD040:Line:1004477:LOC"]}}, {"type": "Feature", "geometry": {"type": "Point", "coordinates": [-0.373226, 49.254866]}, "properties": {"stop_id": "FR:14407:ZE:1152745:ATOUMOD040", "stop_name": "Bourg", "route_ids": ["ATOUMOD040:Line:1004441:LOC"]}}, {"type": "Feature", "geometry": {"type": "Point", "coordinates": [-0.372312, 49.251436]}, "properties": {"stop_id": "FR:14407:ZE:1171408:ATOUMOD040", "stop_name": "Burrator", "route_ids": ["ATOUMOD040:Line:1004441:LOC"]}}, {"type": "Feature", "geometry": {"type": "Point", "coordinates": [-0.372218, 49.251451]}, "properties": {"stop_id": "FR:14407:ZE:1152747:ATOUMOD040", "stop_name": "Burrator", "route_ids": ["ATOUMOD040:Line:1004441:LOC"]}}, {"type": "Feature", "geometry": {"type": "Point", "coordinates": [-0.37133, 49.245138]}, "properties": {"stop_id": "FR:14407:ZE:1171407:ATOUMOD040", "stop_name": "Vikings", "route_ids": ["ATOUMOD040:Line:1004441:LOC"]}}, {"type": "Feature", "geometry": {"type": "Point", "coordinates": [-0.37396, 49.10212]}, "properties": {"stop_id": "FR:14408:ZE:1152749:ATOUMOD040", "stop_name": "MAY-SUR-ORNE - Église", "route_ids": ["ATOUMOD040:Line:1004447:LOC", "ATOUMOD040:Line:1004456:LOC"]}}, {"type": "Feature", "geometry": {"type": "Point", "coordinates": [-0.374136, 49.101622]}, "properties": {"stop_id": "FR:14408:ZE:1152750:ATOUMOD040", "stop_name": "MAY-SUR-ORNE - Église", "route_ids": ["ATOUMOD040:Line:1004447:LOC", "ATOUMOD040:Line:1004456:LOC"]}}, {"type": "Feature", "geometry": {"type": "Point", "coordinates": [-0.37135, 49.09691]}, "properties": {"stop_id": "FR:14408:ZE:1152751:ATOUMOD040", "stop_name": "MAY-SUR-ORNE - Tourmalines", "route_ids": ["ATOUMOD040:Line:1004447:LOC"]}}, {"type": "Feature", "geometry": {"type": "Point", "coordinates": [-0.3713, 49.09682]}, "properties": {"stop_id": "FR:14408:ZE:1152752:ATOUMOD040", "stop_name": "MAY-SUR-ORNE - Tourmalines", "route_ids": ["ATOUMOD040:Line:1004447:LOC"]}}, {"type": "Feature", "geometry": {"type": "Point", "coordinates": [-0.36756, 49.09795]}, "properties": {"stop_id": "FR:14408:ZE:1152753:ATOUMOD040", "stop_name": "MAY-SUR-ORNE - Fleurterre", "route_ids": ["ATOUMOD040:Line:1004447:LOC"]}}, {"type": "Feature", "geometry": {"type": "Point", "coordinates": [-0.36722, 49.09762]}, "properties": {"stop_id": "FR:14408:ZE:1152754:ATOUMOD040", "stop_name": "MAY-SUR-ORNE - Fleurterre", "route_ids": ["ATOUMOD040:Line:1004447:LOC"]}}, {"type": "Feature", "geometry": {"type": "Point", "coordinates": [-0.37425, 49.09952]}, "properties": {"stop_id": "FR:14408:ZE:1152755:ATOUMOD040", "stop_name": "MAY-SUR-ORNE - Gaucamps", "route_ids": ["ATOUMOD040:Line:1004447:LOC", "ATOUMOD040:Line:1004456:LOC"]}}, {"type": "Feature", "geometry": {"type": "Point", "coordinates": [-0.374444, 49.099528]}, "properties": {"stop_id": "FR:14408:ZE:1152756:ATOUMOD040", "stop_name": "MAY-SUR-ORNE - Gaucamps", "route_ids": ["ATOUMOD040:Line:1004447:LOC", "ATOUMOD040:Line:1004456:LOC"]}}, {"type": "Feature", "geometry": {"type": "Point", "coordinates": [-0.47352, 49.0829]}, "properties": {"stop_id": "FR:14393:ZE:1152757:ATOUMOD040", "stop_name": "Clos de Maizet", "route_ids": ["ATOUMOD040:Line:1004446:LOC"]}}, {"type": "Feature", "geometry": {"type": "Point", "coordinates": [-0.47276, 49.08261]}, "properties": {"stop_id": "FR:14393:ZE:1152758:ATOUMOD040", "stop_name": "Clos de Maizet", "route_ids": ["ATOUMOD040:Line:1004446:LOC"]}}, {"type": "Feature", "geometry": {"type": "Point", "coordinates": [-0.449, 49.078]}, "properties": {"stop_id": "FR:14393:ZE:1152759:ATOUMOD040", "stop_name": "Les Ifs", "route_ids": ["ATOUMOD040:Line:1004446:LOC"]}}, {"type": "Feature", "geometry": {"type": "Point", "coordinates": [-0.44921, 49.07787]}, "properties": {"stop_id": "FR:14393:ZE:1152760:ATOUMOD040", "stop_name": "Les Ifs", "route_ids": ["ATOUMOD040:Line:1004446:LOC"]}}, {"type": "Feature", "geometry": {"type": "Point", "coordinates": [-0.0831, 49.13612]}, "properties": {"stop_id": "FR:14410:ZE:1152763:ATOUMOD040", "stop_name": "MERY-CORBON - Eglise", "route_ids": ["ATOUMOD040:Line:1004450:LOC", "ATOUMOD040:Line:1004473:LOC"]}}, {"type": "Feature", "geometry": {"type": "Point", "coordinates": [-0.08006, 49.12058]}, "properties": {"stop_id": "FR:14410:ZE:1152765:ATOUMOD040", "stop_name": "MERY-CORBON - Lion d'Or", "route_ids": ["ATOUMOD040:Line:1004450:LOC", "ATOUMOD040:Line:1004473:LOC"]}}, {"type": "Feature", "geometry": {"type": "Point", "coordinates": [-0.08418, 49.120935]}, "properties": {"stop_id": "FR:14410:ZE:1179905:ATOUMOD040", "stop_name": "MERY-CORBON - Lion d'Or", "route_ids": ["ATOUMOD040:Line:1004450:LOC", "ATOUMOD040:Line:1004473:LOC"]}}, {"type": "Feature", "geometry": {"type": "Point", "coordinates": [-0.08821, 49.12923]}, "properties": {"stop_id": "FR:14410:ZE:1152767:ATOUMOD040", "stop_name": "MERY-CORBON - Patis", "route_ids": ["ATOUMOD040:Line:1004450:LOC", "ATOUMOD040:Line:1004473:LOC"]}}, {"type": "Feature", "geometry": {"type": "Point", "coordinates": [-0.08782, 49.12957]}, "properties": {"stop_id": "FR:14410:ZE:1152768:ATOUMOD040", "stop_name": "MERY-CORBON - Patis", "route_ids": ["ATOUMOD040:Line:1004450:LOC", "ATOUMOD040:Line:1004473:LOC"]}}, {"type": "Feature", "geometry": {"type": "Point", "coordinates": [-0.56556, 49.32671]}, "properties": {"stop_id": "FR:14430:ZE:1152775:ATOUMOD040", "stop_name": "Meuvaines", "route_ids": ["ATOUMOD040:Line:1004440:LOC", "ATOUMOD040:Line:1004465:LOC"]}}, {"type": "Feature", "geometry": {"type": "Point", "coordinates": [-0.5659, 49.326742]}, "properties": {"stop_id": "FR:14430:ZE:1152776:ATOUMOD040", "stop_name": "Meuvaines", "route_ids": ["ATOUMOD040:Line:1004440:LOC", "ATOUMOD040:Line:1004465:LOC"]}}, {"type": "Feature", "geometry": {"type": "Point", "coordinates": [-0.06807, 49.0744]}, "properties": {"stop_id": "FR:14431:ZE:1152777:ATOUMOD040", "stop_name": "MEZIDON-CANON - Eglise", "route_ids": ["ATOUMOD040:Line:1004473:LOC"]}}, {"type": "Feature", "geometry": {"type": "Point", "coordinates": [-0.06888, 49.074]}, "properties": {"stop_id": "FR:14431:ZE:1152778:ATOUMOD040", "stop_name": "MEZIDON-CANON - Eglise", "route_ids": ["ATOUMOD040:Line:1004473:LOC"]}}, {"type": "Feature", "geometry": {"type": "Point", "coordinates": [-0.07507, 49.07112]}, "properties": {"stop_id": "FR:14431:ZE:1152779:ATOUMOD040", "stop_name": "MEZIDON-CANON - Gare Sncf", "route_ids": ["ATOUMOD040:Line:1004473:LOC"]}}, {"type": "Feature", "geometry": {"type": "Point", "coordinates": [-0.07761, 49.07302]}, "properties": {"stop_id": "FR:14431:ZE:1152783:ATOUMOD040", "stop_name": "MEZIDON-CANON - Champ de Foire", "route_ids": ["ATOUMOD040:Line:1004473:LOC"]}}, {"type": "Feature", "geometry": {"type": "Point", "coordinates": [-0.07898, 49.07329]}, "properties": {"stop_id": "FR:14431:ZE:1152784:ATOUMOD040", "stop_name": "MEZIDON-CANON - Champ de Foire", "route_ids": ["ATOUMOD040:Line:1004473:LOC"]}}, {"type": "Feature", "geometry": {"type": "Point", "coordinates": [-0.09135, 49.07444]}, "properties": {"stop_id": "FR:14431:ZE:1152789:ATOUMOD040", "stop_name": "Canon - Mairie", "route_ids": ["ATOUMOD040:Line:1004473:LOC"]}}, {"type": "Feature", "geometry": {"type": "Point", "coordinates": [-0.09149, 49.07449]}, "properties": {"stop_id": "FR:14431:ZE:1152790:ATOUMOD040", "stop_name": "Canon - Mairie", "route_ids": ["ATOUMOD040:Line:1004473:LOC"]}}, {"type": "Feature", "geometry": {"type": "Point", "coordinates": [-0.54977, 49.12875]}, "properties": {"stop_id": "FR:14475:ZE:1152799:ATOUMOD040", "stop_name": "MISSY - Route de Bretagne", "route_ids": ["ATOUMOD040:Line:1004455:LOC", "ATOUMOD040:Line:1004477:LOC"]}}, {"type": "Feature", "geometry": {"type": "Point", "coordinates": [-0.54983, 49.12874]}, "properties": {"stop_id": "FR:14475:ZE:1152800:ATOUMOD040", "stop_name": "MISSY - Route de Bretagne", "route_ids": ["ATOUMOD040:Line:1004455:LOC", "ATOUMOD040:Line:1004477:LOC"]}}, {"type": "Feature", "geometry": {"type": "Point", "coordinates": [0.219973, 49.26124]}, "properties": {"stop_id": "FR:14399:ZE:1152813:ATOUMOD040", "stop_name": "Manneville-la-Pipard", "route_ids": ["ATOUMOD040:Line:1004460:LOC"]}}, {"type": "Feature", "geometry": {"type": "Point", "coordinates": [0.21995, 49.26203]}, "properties": {"stop_id": "FR:14399:ZE:1152814:ATOUMOD040", "stop_name": "Manneville-la-Pipard", "route_ids": ["ATOUMOD040:Line:1004460:LOC"]}}, {"type": "Feature", "geometry": {"type": "Point", "coordinates": [-0.18756, 49.11313]}, "properties": {"stop_id": "FR:14456:ZE:1152815:ATOUMOD040", "stop_name": "MOULT - Gare Sncf", "route_ids": ["ATOUMOD040:Line:1004450:LOC", "ATOUMOD040:Line:1004473:LOC"]}}, {"type": "Feature", "geometry": {"type": "Point", "coordinates": [-0.18704, 49.11265]}, "properties": {"stop_id": "FR:14456:ZE:1152816:ATOUMOD040", "stop_name": "MOULT - Gare Sncf", "route_ids": ["ATOUMOD040:Line:1004450:LOC", "ATOUMOD040:Line:1004473:LOC"]}}, {"type": "Feature", "geometry": {"type": "Point", "coordinates": [-0.16567, 49.11686]}, "properties": {"stop_id": "FR:14456:ZE:1152817:ATOUMOD040", "stop_name": "MOULT - Emile Ory", "route_ids": ["ATOUMOD040:Line:1004450:LOC", "ATOUMOD040:Line:1004473:LOC"]}}, {"type": "Feature", "geometry": {"type": "Point", "coordinates": [-0.166142, 49.11818]}, "properties": {"stop_id": "FR:14456:ZE:1152818:ATOUMOD040", "stop_name": "MOULT - Emile Ory", "route_ids": ["ATOUMOD040:Line:1004450:LOC", "ATOUMOD040:Line:1004473:LOC"]}}, {"type": "Feature", "geometry": {"type": "Point", "coordinates": [-0.16439, 49.11318]}, "properties": {"stop_id": "FR:14456:ZE:1152819:ATOUMOD040", "stop_name": "MOULT - Thuyas", "route_ids": ["ATOUMOD040:Line:1004450:LOC", "ATOUMOD040:Line:1004473:LOC"]}}, {"type": "Feature", "geometry": {"type": "Point", "coordinates": [-0.164472, 49.112397]}, "properties": {"stop_id": "FR:14456:ZE:1152820:ATOUMOD040", "stop_name": "MOULT - Thuyas", "route_ids": ["ATOUMOD040:Line:1004450:LOC", "ATOUMOD040:Line:1004473:LOC"]}}, {"type": "Feature", "geometry": {"type": "Point", "coordinates": [-0.16371, 49.11149]}, "properties": {"stop_id": "FR:14456:ZE:1152821:ATOUMOD040", "stop_name": "MOULT - Lotissement", "route_ids": ["ATOUMOD040:Line:1004450:LOC"]}}, {"type": "Feature", "geometry": {"type": "Point", "coordinates": [-0.13188, 49.1223]}, "properties": {"stop_id": "FR:14456:ZE:1152823:ATOUMOD040", "stop_name": "MOULT - Les Pédouzes", "route_ids": ["ATOUMOD040:Line:1004450:LOC", "ATOUMOD040:Line:1004473:LOC"]}}, {"type": "Feature", "geometry": {"type": "Point", "coordinates": [-0.13115, 49.12217]}, "properties": {"stop_id": "FR:14456:ZE:1152824:ATOUMOD040", "stop_name": "MOULT - Les Pédouzes", "route_ids": ["ATOUMOD040:Line:1004450:LOC", "ATOUMOD040:Line:1004473:LOC"]}}, {"type": "Feature", "geometry": {"type": "Point", "coordinates": [-0.76655, 48.97168]}, "properties": {"stop_id": "FR:14061:ZE:1152831:ATOUMOD040", "stop_name": "MONTAMY - Mairie", "route_ids": ["ATOUMOD040:Line:1004455:LOC"]}}, {"type": "Feature", "geometry": {"type": "Point", "coordinates": [-0.7665, 48.97155]}, "properties": {"stop_id": "FR:14061:ZE:1152832:ATOUMOD040", "stop_name": "MONTAMY - Mairie", "route_ids": ["ATOUMOD040:Line:1004455:LOC"]}}, {"type": "Feature", "geometry": {"type": "Point", "coordinates": [-0.51446, 49.13816]}, "properties": {"stop_id": "FR:14438:ZE:1152837:ATOUMOD040", "stop_name": "Château d'Eau", "route_ids": ["ATOUMOD040:Line:1004455:LOC", "ATOUMOD040:Line:1004477:LOC"]}}, {"type": "Feature", "geometry": {"type": "Point", "coordinates": [-0.51563, 49.13796]}, "properties": {"stop_id": "FR:14438:ZE:1152838:ATOUMOD040", "stop_name": "Château d'Eau", "route_ids": ["ATOUMOD040:Line:1004455:LOC", "ATOUMOD040:Line:1004477:LOC"]}}, {"type": "Feature", "geometry": {"type": "Point", "coordinates": [-0.32074, 49.18002]}, "properties": {"stop_id": "FR:14437:ZE:1152839:ATOUMOD040", "stop_name": "Route de Cabourg", "route_ids": ["ATOUMOD040:Line:1004451:LOC"]}}, {"type": "Feature", "geometry": {"type": "Point", "coordinates": [-0.3212, 49.17985]}, "properties": {"stop_id": "FR:14437:ZE:1152840:ATOUMOD040", "stop_name": "Route de Cabourg", "route_ids": ["ATOUMOD040:Line:1004451:LOC"]}}, {"type": "Feature", "geometry": {"type": "Point", "coordinates": [-0.29179, 49.16012]}, "properties": {"stop_id": "FR:14437:ZE:1152841:ATOUMOD040", "stop_name": "Centre Commercial", "route_ids": ["ATOUMOD040:Line:1004450:LOC", "ATOUMOD040:Line:1004473:LOC"]}}, {"type": "Feature", "geometry": {"type": "Point", "coordinates": [-0.29171, 49.16011]}, "properties": {"stop_id": "FR:14437:ZE:1152842:ATOUMOD040", "stop_name": "Centre Commercial", "route_ids": ["ATOUMOD040:Line:1004450:LOC", "ATOUMOD040:Line:1004473:LOC"]}}, {"type": "Feature", "geometry": {"type": "Point", "coordinates": [-0.32418, 49.17018]}, "properties": {"stop_id": "FR:14437:ZE:1152843:ATOUMOD040", "stop_name": "Route de Paris", "route_ids": ["ATOUMOD040:Line:1004450:LOC", "ATOUMOD040:Line:1004473:LOC"]}}, {"type": "Feature", "geometry": {"type": "Point", "coordinates": [-0.32377, 49.16996]}, "properties": {"stop_id": "FR:14437:ZE:1152844:ATOUMOD040", "stop_name": "Route de Paris", "route_ids": ["ATOUMOD040:Line:1004450:LOC", "ATOUMOD040:Line:1004473:LOC"]}}, {"type": "Feature", "geometry": {"type": "Point", "coordinates": [-0.3287, 49.17172]}, "properties": {"stop_id": "FR:14437:ZE:1152845:ATOUMOD040", "stop_name": "Maurice Fouques", "route_ids": ["ATOUMOD040:Line:1004450:LOC", "ATOUMOD040:Line:1004473:LOC"]}}, {"type": "Feature", "geometry": {"type": "Point", "coordinates": [-0.32921, 49.17178]}, "properties": {"stop_id": "FR:14437:ZE:1152846:ATOUMOD040", "stop_name": "Maurice Fouques", "route_ids": ["ATOUMOD040:Line:1004450:LOC", "ATOUMOD040:Line:1004473:LOC"]}}, {"type": "Feature", "geometry": {"type": "Point", "coordinates": [-0.31105, 49.18562]}, "properties": {"stop_id": "FR:14437:ZE:1152847:ATOUMOD040", "stop_name": "Grands Bureaux", "route_ids": ["ATOUMOD040:Line:1004451:LOC"]}}, {"type": "Feature", "geometry": {"type": "Point", "coordinates": [-0.310734, 49.18551]}, "properties": {"stop_id": "FR:14437:ZE:1152848:ATOUMOD040", "stop_name": "Grands Bureaux", "route_ids": ["ATOUMOD040:Line:1004451:LOC"]}}, {"type": "Feature", "geometry": {"type": "Point", "coordinates": [-0.32876, 49.17744]}, "properties": {"stop_id": "FR:14437:ZE:1152849:ATOUMOD040", "stop_name": "Maison du Peuple", "route_ids": ["ATOUMOD040:Line:1004451:LOC"]}}, {"type": "Feature", "geometry": {"type": "Point", "coordinates": [-0.32948, 49.17716]}, "properties": {"stop_id": "FR:14437:ZE:1152850:ATOUMOD040", "stop_name": "Maison du Peuple", "route_ids": ["ATOUMOD040:Line:1004451:LOC"]}}, {"type": "Feature", "geometry": {"type": "Point", "coordinates": [-0.32066, 49.1727]}, "properties": {"stop_id": "FR:14437:ZE:1152851:ATOUMOD040", "stop_name": "Clair Soleil", "route_ids": ["ATOUMOD040:Line:1004458:LOC"]}}, {"type": "Feature", "geometry": {"type": "Point", "coordinates": [-0.32026, 49.17253]}, "properties": {"stop_id": "FR:14437:ZE:1152852:ATOUMOD040", "stop_name": "Clair Soleil", "route_ids": ["ATOUMOD040:Line:1004458:LOC"]}}, {"type": "Feature", "geometry": {"type": "Point", "coordinates": [-0.32625, 49.1735]}, "properties": {"stop_id": "FR:14437:ZE:1152853:ATOUMOD040", "stop_name": "Charmettes", "route_ids": ["ATOUMOD040:Line:1004458:LOC"]}}, {"type": "Feature", "geometry": {"type": "Point", "coordinates": [-0.32572, 49.17339]}, "properties": {"stop_id": "FR:14437:ZE:1152854:ATOUMOD040", "stop_name": "Charmettes", "route_ids": ["ATOUMOD040:Line:1004458:LOC"]}}, {"type": "Feature", "geometry": {"type": "Point", "coordinates": [-0.4853, 49.14583]}, "properties": {"stop_id": "FR:14454:ZE:1152859:ATOUMOD040", "stop_name": "Mairie", "route_ids": ["ATOUMOD040:Line:1004455:LOC", "ATOUMOD040:Line:1004477:LOC"]}}, {"type": "Feature", "geometry": {"type": "Point", "coordinates": [-0.48516, 49.14577]}, "properties": {"stop_id": "FR:14454:ZE:1152860:ATOUMOD040", "stop_name": "Mairie", "route_ids": ["ATOUMOD040:Line:1004455:LOC", "ATOUMOD040:Line:1004477:LOC"]}}, {"type": "Feature", "geometry": {"type": "Point", "coordinates": [-0.49333, 49.14352]}, "properties": {"stop_id": "FR:14454:ZE:1152861:ATOUMOD040", "stop_name": "La Bruyere", "route_ids": ["ATOUMOD040:Line:1004455:LOC", "ATOUMOD040:Line:1004477:LOC"]}}, {"type": "Feature", "geometry": {"type": "Point", "coordinates": [-0.49275, 49.14357]}, "properties": {"stop_id": "FR:14454:ZE:1152862:ATOUMOD040", "stop_name": "La Bruyere", "route_ids": ["ATOUMOD040:Line:1004455:LOC", "ATOUMOD040:Line:1004477:LOC"]}}, {"type": "Feature", "geometry": {"type": "Point", "coordinates": [-0.42149, 49.06483]}, "properties": {"stop_id": "FR:14461:ZE:1152877:ATOUMOD040", "stop_name": "Mairie", "route_ids": ["ATOUMOD040:Line:1004447:LOC"]}}, {"type": "Feature", "geometry": {"type": "Point", "coordinates": [-0.65838, 49.33662]}, "properties": {"stop_id": "FR:14401:ZE:1152880:ATOUMOD040", "stop_name": "Mairie", "route_ids": ["ATOUMOD040:Line:1004465:LOC"]}}, {"type": "Feature", "geometry": {"type": "Point", "coordinates": [-0.5783, 49.11526]}, "properties": {"stop_id": "FR:14475:ZE:1152911:ATOUMOD040", "stop_name": "NOYERS-BOCAGE - Pont Latu", "route_ids": ["ATOUMOD040:Line:1004455:LOC", "ATOUMOD040:Line:1004477:LOC"]}}, {"type": "Feature", "geometry": {"type": "Point", "coordinates": [-0.57843, 49.11527]}, "properties": {"stop_id": "FR:14475:ZE:1152912:ATOUMOD040", "stop_name": "NOYERS-BOCAGE - Pont Latu", "route_ids": ["ATOUMOD040:Line:1004455:LOC", "ATOUMOD040:Line:1004477:LOC"]}}, {"type": "Feature", "geometry": {"type": "Point", "coordinates": [-0.56494, 49.12161]}, "properties": {"stop_id": "FR:14475:ZE:1152913:ATOUMOD040", "stop_name": "NOYERS-BOCAGE - Complexe sportif", "route_ids": ["ATOUMOD040:Line:1004455:LOC", "ATOUMOD040:Line:1004477:LOC"]}}, {"type": "Feature", "geometry": {"type": "Point", "coordinates": [-0.56518, 49.12166]}, "properties": {"stop_id": "FR:14475:ZE:1152914:ATOUMOD040", "stop_name": "NOYERS-BOCAGE - Complexe sportif", "route_ids": ["ATOUMOD040:Line:1004455:LOC", "ATOUMOD040:Line:1004477:LOC"]}}, {"type": "Feature", "geometry": {"type": "Point", "coordinates": [0.22413, 49.1827]}, "properties": {"stop_id": "FR:14487:ZE:1152925:ATOUMOD040", "stop_name": "Mairie", "route_ids": ["ATOUMOD040:Line:1004460:LOC"]}}, {"type": "Feature", "geometry": {"type": "Point", "coordinates": [0.22419, 49.18268]}, "properties": {"stop_id": "FR:14487:ZE:1152926:ATOUMOD040", "stop_name": "Mairie", "route_ids": ["ATOUMOD040:Line:1004460:LOC"]}}, {"type": "Feature", "geometry": {"type": "Point", "coordinates": [-0.1025, 49.0834]}, "properties": {"stop_id": "FR:14482:ZE:1152943:ATOUMOD040", "stop_name": "Eglise", "route_ids": ["ATOUMOD040:Line:1004473:LOC"]}}, {"type": "Feature", "geometry": {"type": "Point", "coordinates": [-0.10198, 49.0832]}, "properties": {"stop_id": "FR:14482:ZE:1152944:ATOUMOD040", "stop_name": "Eglise", "route_ids": ["ATOUMOD040:Line:1004473:LOC"]}}, {"type": "Feature", "geometry": {"type": "Point", "coordinates": [-0.47956, 49.0218]}, "properties": {"stop_id": "FR:14483:ZE:1152945:ATOUMOD040", "stop_name": "Neumer", "route_ids": ["ATOUMOD040:Line:1004446:LOC"]}}, {"type": "Feature", "geometry": {"type": "Point", "coordinates": [-0.47968, 49.02163]}, "properties": {"stop_id": "FR:14483:ZE:1152946:ATOUMOD040", "stop_name": "Neumer", "route_ids": ["ATOUMOD040:Line:1004446:LOC"]}}, {"type": "Feature", "geometry": {"type": "Point", "coordinates": [-0.60918, 49.10054]}, "properties": {"stop_id": "FR:14491:ZE:1152968:ATOUMOD040", "stop_name": "Le Haut Laurent", "route_ids": ["ATOUMOD040:Line:1004455:LOC", "ATOUMOD040:Line:1004477:LOC"]}}, {"type": "Feature", "geometry": {"type": "Point", "coordinates": [-0.61069, 49.09996]}, "properties": {"stop_id": "FR:14475:ZE:1152969:ATOUMOD040", "stop_name": "Le Haut Laurent", "route_ids": ["ATOUMOD040:Line:1004455:LOC", "ATOUMOD040:Line:1004477:LOC"]}}, {"type": "Feature", "geometry": {"type": "Point", "coordinates": [-0.61561, 49.09747]}, "properties": {"stop_id": "FR:14491:ZE:1152970:ATOUMOD040", "stop_name": "Les Bruyeres de Montbrocq", "route_ids": ["ATOUMOD040:Line:1004455:LOC", "ATOUMOD040:Line:1004477:LOC"]}}, {"type": "Feature", "geometry": {"type": "Point", "coordinates": [-0.61585, 49.09749]}, "properties": {"stop_id": "FR:14475:ZE:1152971:ATOUMOD040", "stop_name": "Les Bruyeres de Montbrocq", "route_ids": ["ATOUMOD040:Line:1004455:LOC", "ATOUMOD040:Line:1004477:LOC"]}}, {"type": "Feature", "geometry": {"type": "Point", "coordinates": [0.17061, 49.4061]}, "properties": {"stop_id": "FR:14492:ZE:1152974:ATOUMOD040", "stop_name": "Route de Trouville", "route_ids": ["ATOUMOD040:Line:1004451:LOC"]}}, {"type": "Feature", "geometry": {"type": "Point", "coordinates": [0.17097, 49.40604]}, "properties": {"stop_id": "FR:14492:ZE:1152975:ATOUMOD040", "stop_name": "Route de Trouville", "route_ids": ["ATOUMOD040:Line:1004451:LOC"]}}, {"type": "Feature", "geometry": {"type": "Point", "coordinates": [0.15623, 49.40162]}, "properties": {"stop_id": "FR:14492:ZE:1152976:ATOUMOD040", "stop_name": "Planche Pierre", "route_ids": ["ATOUMOD040:Line:1004451:LOC"]}}, {"type": "Feature", "geometry": {"type": "Point", "coordinates": [0.1564, 49.40161]}, "properties": {"stop_id": "FR:14492:ZE:1152977:ATOUMOD040", "stop_name": "Planche Pierre", "route_ids": ["ATOUMOD040:Line:1004451:LOC"]}}, {"type": "Feature", "geometry": {"type": "Point", "coordinates": [-0.18537, 49.24297]}, "properties": {"stop_id": "FR:14046:ZE:1152984:ATOUMOD040", "stop_name": "Jardinerie", "route_ids": ["ATOUMOD040:Line:1004451:LOC"]}}, {"type": "Feature", "geometry": {"type": "Point", "coordinates": [-0.1853, 49.24297]}, "properties": {"stop_id": "FR:14046:ZE:1152985:ATOUMOD040", "stop_name": "Jardinerie", "route_ids": ["ATOUMOD040:Line:1004451:LOC"]}}, {"type": "Feature", "geometry": {"type": "Point", "coordinates": [-0.357083, 49.279393]}, "properties": {"stop_id": "FR:14509:ZE:1152994:ATOUMOD040", "stop_name": "Mairie", "route_ids": ["ATOUMOD040:Line:1004441:LOC"]}}, {"type": "Feature", "geometry": {"type": "Point", "coordinates": [-0.357109, 49.279323]}, "properties": {"stop_id": "FR:14509:ZE:1152995:ATOUMOD040", "stop_name": "Mairie", "route_ids": ["ATOUMOD040:Line:1004441:LOC"]}}, {"type": "Feature", "geometry": {"type": "Point", "coordinates": [0.191846, 49.287064]}, "properties": {"stop_id": "FR:14514:ZE:1152998:ATOUMOD040", "stop_name": "PONT-L'EVEQUE - Gare Sncf", "route_ids": ["ATOUMOD040:Line:1004458:LOC"]}}, {"type": "Feature", "geometry": {"type": "Point", "coordinates": [0.19341, 49.2894]}, "properties": {"stop_id": "FR:14514:ZE:1153001:ATOUMOD040", "stop_name": "PONT-L'EVEQUE - Général Clémenceau", "route_ids": ["ATOUMOD040:Line:1004458:LOC", "ATOUMOD040:Line:1004460:LOC"]}}, {"type": "Feature", "geometry": {"type": "Point", "coordinates": [0.19347, 49.28937]}, "properties": {"stop_id": "FR:14514:ZE:1153002:ATOUMOD040", "stop_name": "PONT-L'EVEQUE - Général Clémenceau", "route_ids": ["ATOUMOD040:Line:1004458:LOC", "ATOUMOD040:Line:1004460:LOC"]}}, {"type": "Feature", "geometry": {"type": "Point", "coordinates": [0.18898, 49.2885]}, "properties": {"stop_id": "FR:14514:ZE:1153003:ATOUMOD040", "stop_name": "PONT-L'EVEQUE - Hamelin", "route_ids": ["ATOUMOD040:Line:1004458:LOC"]}}, {"type": "Feature", "geometry": {"type": "Point", "coordinates": [0.18902, 49.28845]}, "properties": {"stop_id": "FR:14514:ZE:1153004:ATOUMOD040", "stop_name": "PONT-L'EVEQUE - Hamelin", "route_ids": ["ATOUMOD040:Line:1004458:LOC"]}}, {"type": "Feature", "geometry": {"type": "Point", "coordinates": [0.17887, 49.28293]}, "properties": {"stop_id": "FR:14514:ZE:1153005:ATOUMOD040", "stop_name": "PONT-L'EVEQUE - Monfiquet", "route_ids": ["ATOUMOD040:Line:1004458:LOC"]}}, {"type": "Feature", "geometry": {"type": "Point", "coordinates": [0.17903, 49.28303]}, "properties": {"stop_id": "FR:14514:ZE:1153006:ATOUMOD040", "stop_name": "PONT-L'EVEQUE - Monfiquet", "route_ids": ["ATOUMOD040:Line:1004458:LOC"]}}, {"type": "Feature", "geometry": {"type": "Point", "coordinates": [0.18971, 49.29194]}, "properties": {"stop_id": "FR:14514:ZE:1153007:ATOUMOD040", "stop_name": "PONT-L'EVEQUE - Saint-Mélaine", "route_ids": ["ATOUMOD040:Line:1004460:LOC"]}}, {"type": "Feature", "geometry": {"type": "Point", "coordinates": [0.18973, 49.29213]}, "properties": {"stop_id": "FR:14514:ZE:1153008:ATOUMOD040", "stop_name": "PONT-L'EVEQUE - Saint-Mélaine", "route_ids": ["ATOUMOD040:Line:1004460:LOC"]}}, {"type": "Feature", "geometry": {"type": "Point", "coordinates": [0.17571, 49.27899]}, "properties": {"stop_id": "FR:14514:ZE:1153009:ATOUMOD040", "stop_name": "PONT-L'EVEQUE - Centre hospitalier", "route_ids": ["ATOUMOD040:Line:1004458:LOC"]}}, {"type": "Feature", "geometry": {"type": "Point", "coordinates": [0.17584, 49.27904]}, "properties": {"stop_id": "FR:14514:ZE:1153010:ATOUMOD040", "stop_name": "PONT-L'EVEQUE - Centre hospitalier", "route_ids": ["ATOUMOD040:Line:1004458:LOC"]}}, {"type": "Feature", "geometry": {"type": "Point", "coordinates": [0.20393, 49.28544]}, "properties": {"stop_id": "FR:14514:ZE:1153011:ATOUMOD040", "stop_name": "PONT-L'EVEQUE - Centre commercial", "route_ids": ["ATOUMOD040:Line:1004460:LOC"]}}, {"type": "Feature", "geometry": {"type": "Point", "coordinates": [0.20386, 49.28541]}, "properties": {"stop_id": "FR:14514:ZE:1153012:ATOUMOD040", "stop_name": "PONT-L'EVEQUE - Centre commercial", "route_ids": ["ATOUMOD040:Line:1004460:LOC"]}}, {"type": "Feature", "geometry": {"type": "Point", "coordinates": [0.18396, 49.28546]}, "properties": {"stop_id": "FR:14514:ZE:1153013:ATOUMOD040", "stop_name": "PONT-L'EVEQUE - Canal Bréban", "route_ids": ["ATOUMOD040:Line:1004458:LOC"]}}, {"type": "Feature", "geometry": {"type": "Point", "coordinates": [0.18408, 49.28548]}, "properties": {"stop_id": "FR:14514:ZE:1153014:ATOUMOD040", "stop_name": "PONT-L'EVEQUE - Canal Bréban", "route_ids": ["ATOUMOD040:Line:1004458:LOC"]}}, {"type": "Feature", "geometry": {"type": "Point", "coordinates": [-0.75525, 49.3448]}, "properties": {"stop_id": "FR:14515:ZE:1153015:ATOUMOD040", "stop_name": "Eglise", "route_ids": ["ATOUMOD040:Line:1004464:LOC"]}}, {"type": "Feature", "geometry": {"type": "Point", "coordinates": [-0.75522, 49.34474]}, "properties": {"stop_id": "FR:14515:ZE:1153016:ATOUMOD040", "stop_name": "Eglise", "route_ids": ["ATOUMOD040:Line:1004464:LOC"]}}, {"type": "Feature", "geometry": {"type": "Point", "coordinates": [-0.74589, 49.34238]}, "properties": {"stop_id": "FR:14515:ZE:1153017:ATOUMOD040", "stop_name": "Bernard Blachet", "route_ids": ["ATOUMOD040:Line:1004464:LOC"]}}, {"type": "Feature", "geometry": {"type": "Point", "coordinates": [-0.74605, 49.34239]}, "properties": {"stop_id": "FR:14515:ZE:1153018:ATOUMOD040", "stop_name": "Bernard Blachet", "route_ids": ["ATOUMOD040:Line:1004464:LOC"]}}, {"type": "Feature", "geometry": {"type": "Point", "coordinates": [-0.757606, 49.343915]}, "properties": {"stop_id": "FR:14515:ZE:1153019:ATOUMOD040", "stop_name": "PORT-EN-BESSIN - Les Corsaires", "route_ids": ["ATOUMOD040:Line:1004464:LOC", "ATOUMOD040:Line:1010148:LOC"]}}, {"type": "Feature", "geometry": {"type": "Point", "coordinates": [-0.757676, 49.343874]}, "properties": {"stop_id": "FR:14515:ZE:1153020:ATOUMOD040", "stop_name": "PORT-EN-BESSIN - Les Corsaires", "route_ids": ["ATOUMOD040:Line:1004464:LOC", "ATOUMOD040:Line:1010148:LOC"]}}, {"type": "Feature", "geometry": {"type": "Point", "coordinates": [-0.7535, 49.34556]}, "properties": {"stop_id": "FR:14515:ZE:1153021:ATOUMOD040", "stop_name": "Criée", "route_ids": ["ATOUMOD040:Line:1004464:LOC"]}}, {"type": "Feature", "geometry": {"type": "Point", "coordinates": [-0.75359, 49.34568]}, "properties": {"stop_id": "FR:14515:ZE:1153022:ATOUMOD040", "stop_name": "Criée", "route_ids": ["ATOUMOD040:Line:1004464:LOC"]}}, {"type": "Feature", "geometry": {"type": "Point", "coordinates": [-0.77377, 49.3442]}, "properties": {"stop_id": "FR:14515:ZE:1153023:ATOUMOD040", "stop_name": "HUPPAIN - Huppain", "route_ids": ["ATOUMOD040:Line:1004464:LOC"]}}, {"type": "Feature", "geometry": {"type": "Point", "coordinates": [-0.77401, 49.34427]}, "properties": {"stop_id": "FR:14515:ZE:1153024:ATOUMOD040", "stop_name": "HUPPAIN - Huppain", "route_ids": ["ATOUMOD040:Line:1004464:LOC"]}}, {"type": "Feature", "geometry": {"type": "Point", "coordinates": [-0.778664, 49.345014]}, "properties": {"stop_id": "FR:14515:ZE:1153027:ATOUMOD040", "stop_name": "HUPPAIN - Maison de retraite", "route_ids": ["ATOUMOD040:Line:1004464:LOC", "ATOUMOD040:Line:1010148:LOC"]}}, {"type": "Feature", "geometry": {"type": "Point", "coordinates": [-0.780748, 49.345518]}, "properties": {"stop_id": "FR:14515:ZE:1153028:ATOUMOD040", "stop_name": "HUPPAIN - Maison de retraite", "route_ids": ["ATOUMOD040:Line:1004464:LOC", "ATOUMOD040:Line:1010148:LOC"]}}, {"type": "Feature", "geometry": {"type": "Point", "coordinates": [-0.24365, 48.97283]}, "properties": {"stop_id": "FR:14516:ZE:1153029:ATOUMOD040", "stop_name": "Général Leclerc", "route_ids": ["ATOUMOD040:Line:1004457:LOC"]}}, {"type": "Feature", "geometry": {"type": "Point", "coordinates": [-0.24374, 48.97281]}, "properties": {"stop_id": "FR:14516:ZE:1153030:ATOUMOD040", "stop_name": "Général Leclerc", "route_ids": ["ATOUMOD040:Line:1004457:LOC"]}}, {"type": "Feature", "geometry": {"type": "Point", "coordinates": [-0.24215, 48.97016]}, "properties": {"stop_id": "FR:14516:ZE:1153033:ATOUMOD040", "stop_name": "Mairie", "route_ids": ["ATOUMOD040:Line:1004457:LOC"]}}, {"type": "Feature", "geometry": {"type": "Point", "coordinates": [-0.24218, 48.9702]}, "properties": {"stop_id": "FR:14516:ZE:1153034:ATOUMOD040", "stop_name": "Mairie", "route_ids": ["ATOUMOD040:Line:1004457:LOC"]}}, {"type": "Feature", "geometry": {"type": "Point", "coordinates": [-0.224226, 49.080025]}, "properties": {"stop_id": "FR:14005:ZE:1153037:ATOUMOD040", "stop_name": "POUSSY-LA CAMPAGNE - Rue de la Mairie", "route_ids": ["ATOUMOD040:Line:1004473:LOC"]}}, {"type": "Feature", "geometry": {"type": "Point", "coordinates": [-0.224252, 49.079833]}, "properties": {"stop_id": "FR:14005:ZE:1153038:ATOUMOD040", "stop_name": "POUSSY-LA CAMPAGNE - Rue de la Mairie", "route_ids": ["ATOUMOD040:Line:1004473:LOC"]}}, {"type": "Feature", "geometry": {"type": "Point", "coordinates": [-0.52263, 49.05476]}, "properties": {"stop_id": "FR:14519:ZE:1153039:ATOUMOD040", "stop_name": "La Bijude", "route_ids": ["ATOUMOD040:Line:1004445:LOC"]}}, {"type": "Feature", "geometry": {"type": "Point", "coordinates": [-0.52275, 49.05473]}, "properties": {"stop_id": "FR:14519:ZE:1153040:ATOUMOD040", "stop_name": "La Bijude", "route_ids": ["ATOUMOD040:Line:1004445:LOC"]}}, {"type": "Feature", "geometry": {"type": "Point", "coordinates": [-0.0749, 49.2231]}, "properties": {"stop_id": "FR:14203:ZE:1153049:ATOUMOD040", "stop_name": "Route de Rouen", "route_ids": ["ATOUMOD040:Line:1004458:LOC"]}}, {"type": "Feature", "geometry": {"type": "Point", "coordinates": [-0.07457, 49.22306]}, "properties": {"stop_id": "FR:14524:ZE:1153050:ATOUMOD040", "stop_name": "Route de Rouen", "route_ids": ["ATOUMOD040:Line:1004458:LOC"]}}, {"type": "Feature", "geometry": {"type": "Point", "coordinates": [-0.54239, 49.2114]}, "properties": {"stop_id": "FR:14098:ZE:1153051:ATOUMOD040", "stop_name": "PUTOT-EN-BESSIN - Bourg", "route_ids": ["ATOUMOD040:Line:1004454:LOC"]}}, {"type": "Feature", "geometry": {"type": "Point", "coordinates": [-0.54232, 49.21138]}, "properties": {"stop_id": "FR:14098:ZE:1153052:ATOUMOD040", "stop_name": "PUTOT-EN-BESSIN - Bourg", "route_ids": ["ATOUMOD040:Line:1004454:LOC"]}}, {"type": "Feature", "geometry": {"type": "Point", "coordinates": [-0.5404, 49.21352]}, "properties": {"stop_id": "FR:14098:ZE:1153053:ATOUMOD040", "stop_name": "PUTOT-EN-BESSIN - Primeveres", "route_ids": ["ATOUMOD040:Line:1004454:LOC"]}}, {"type": "Feature", "geometry": {"type": "Point", "coordinates": [-0.54028, 49.21353]}, "properties": {"stop_id": "FR:14098:ZE:1153054:ATOUMOD040", "stop_name": "PUTOT-EN-BESSIN - Primeveres", "route_ids": ["ATOUMOD040:Line:1004454:LOC"]}}, {"type": "Feature", "geometry": {"type": "Point", "coordinates": [-0.252837, 49.231722]}, "properties": {"stop_id": "FR:14530:ZE:1153055:ATOUMOD040", "stop_name": "Albert Camus", "route_ids": ["ATOUMOD040:Line:1004451:LOC"]}}, {"type": "Feature", "geometry": {"type": "Point", "coordinates": [-0.253523, 49.231482]}, "properties": {"stop_id": "FR:14530:ZE:1153056:ATOUMOD040", "stop_name": "Albert Camus", "route_ids": ["ATOUMOD040:Line:1004451:LOC"]}}, {"type": "Feature", "geometry": {"type": "Point", "coordinates": [0.1098, 49.26078]}, "properties": {"stop_id": "FR:14230:ZE:1153061:ATOUMOD040", "stop_name": "La Haie Tondue", "route_ids": ["ATOUMOD040:Line:1004458:LOC"]}}, {"type": "Feature", "geometry": {"type": "Point", "coordinates": [0.11041, 49.26074]}, "properties": {"stop_id": "FR:14230:ZE:1153062:ATOUMOD040", "stop_name": "La Haie Tondue", "route_ids": ["ATOUMOD040:Line:1004458:LOC"]}}, {"type": "Feature", "geometry": {"type": "Point", "coordinates": [0.14917, 49.26482]}, "properties": {"stop_id": "FR:14534:ZE:1153063:ATOUMOD040", "stop_name": "Reux", "route_ids": ["ATOUMOD040:Line:1004458:LOC"]}}, {"type": "Feature", "geometry": {"type": "Point", "coordinates": [0.14998, 49.26485]}, "properties": {"stop_id": "FR:14534:ZE:1153064:ATOUMOD040", "stop_name": "Reux", "route_ids": ["ATOUMOD040:Line:1004458:LOC"]}}, {"type": "Feature", "geometry": {"type": "Point", "coordinates": [-0.4629, 49.30168]}, "properties": {"stop_id": "FR:14535:ZE:1153065:ATOUMOD040", "stop_name": "Rue des Moulins", "route_ids": ["ATOUMOD040:Line:1004442:LOC"]}}, {"type": "Feature", "geometry": {"type": "Point", "coordinates": [-0.46291, 49.30173]}, "properties": {"stop_id": "FR:14535:ZE:1153066:ATOUMOD040", "stop_name": "Rue des Moulins", "route_ids": ["ATOUMOD040:Line:1004442:LOC"]}}, {"type": "Feature", "geometry": {"type": "Point", "coordinates": [0.2675, 49.407521]}, "properties": {"stop_id": "FR:14536:ZE:1153067:ATOUMOD040", "stop_name": "Rue du Bourg", "route_ids": ["ATOUMOD040:Line:1004451:LOC", "ATOUMOD040:Line:1004460:LOC", "ATOUMOD040:Line:1003293:LOC"]}}, {"type": "Feature", "geometry": {"type": "Point", "coordinates": [0.266553, 49.407466]}, "properties": {"stop_id": "FR:14536:ZE:1153068:ATOUMOD040", "stop_name": "Rue du Bourg", "route_ids": ["ATOUMOD040:Line:1004451:LOC", "ATOUMOD040:Line:1004460:LOC"]}}, {"type": "Feature", "geometry": {"type": "Point", "coordinates": [0.25897, 49.40848]}, "properties": {"stop_id": "FR:14536:ZE:1153069:ATOUMOD040", "stop_name": "Saint-Clair", "route_ids": ["ATOUMOD040:Line:1004451:LOC", "ATOUMOD040:Line:1004460:LOC", "ATOUMOD040:Line:1003293:LOC"]}}, {"type": "Feature", "geometry": {"type": "Point", "coordinates": [0.25928, 49.40839]}, "properties": {"stop_id": "FR:14536:ZE:1153070:ATOUMOD040", "stop_name": "Saint-Clair", "route_ids": ["ATOUMOD040:Line:1004451:LOC", "ATOUMOD040:Line:1004460:LOC", "ATOUMOD040:Line:1003293:LOC"]}}, {"type": "Feature", "geometry": {"type": "Point", "coordinates": [-0.32316, 49.09451]}, "properties": {"stop_id": "FR:14538:ZE:1153071:ATOUMOD040", "stop_name": "ROCQUANCOURT - Bourg", "route_ids": ["ATOUMOD040:Line:1004447:LOC"]}}, {"type": "Feature", "geometry": {"type": "Point", "coordinates": [-0.32316, 49.09449]}, "properties": {"stop_id": "FR:14538:ZE:1153072:ATOUMOD040", "stop_name": "ROCQUANCOURT - Bourg", "route_ids": ["ATOUMOD040:Line:1004447:LOC"]}}, {"type": "Feature", "geometry": {"type": "Point", "coordinates": [-0.33729, 49.09528]}, "properties": {"stop_id": "FR:14277:ZE:1153073:ATOUMOD040", "stop_name": "Cité Albert Taraud", "route_ids": ["ATOUMOD040:Line:1004447:LOC"]}}, {"type": "Feature", "geometry": {"type": "Point", "coordinates": [-0.337027, 49.095225]}, "properties": {"stop_id": "FR:14277:ZE:1153074:ATOUMOD040", "stop_name": "Cité Albert Taraud", "route_ids": ["ATOUMOD040:Line:1004447:LOC"]}}, {"type": "Feature", "geometry": {"type": "Point", "coordinates": [-0.4593, 49.22833]}, "properties": {"stop_id": "FR:14542:ZE:1153079:ATOUMOD040", "stop_name": "Rosel", "route_ids": ["ATOUMOD040:Line:1004442:LOC"]}}, {"type": "Feature", "geometry": {"type": "Point", "coordinates": [-0.45942, 49.22845]}, "properties": {"stop_id": "FR:14542:ZE:1153080:ATOUMOD040", "stop_name": "Rosel", "route_ids": ["ATOUMOD040:Line:1004442:LOC"]}}, {"type": "Feature", "geometry": {"type": "Point", "coordinates": [-0.43612, 49.21664]}, "properties": {"stop_id": "FR:14542:ZE:1153081:ATOUMOD040", "stop_name": "Gruchy", "route_ids": ["ATOUMOD040:Line:1004442:LOC"]}}, {"type": "Feature", "geometry": {"type": "Point", "coordinates": [-0.43607, 49.21668]}, "properties": {"stop_id": "FR:14542:ZE:1153082:ATOUMOD040", "stop_name": "Gruchy", "route_ids": ["ATOUMOD040:Line:1004442:LOC"]}}, {"type": "Feature", "geometry": {"type": "Point", "coordinates": [-0.47867, 49.19887]}, "properties": {"stop_id": "FR:14543:ZE:1153085:ATOUMOD040", "stop_name": "Bourg", "route_ids": ["ATOUMOD040:Line:1004454:LOC"]}}, {"type": "Feature", "geometry": {"type": "Point", "coordinates": [-0.47795, 49.1999]}, "properties": {"stop_id": "FR:14543:ZE:1153086:ATOUMOD040", "stop_name": "Bourg", "route_ids": ["ATOUMOD040:Line:1004454:LOC"]}}, {"type": "Feature", "geometry": {"type": "Point", "coordinates": [-0.47193, 49.19939]}, "properties": {"stop_id": "FR:14543:ZE:1153089:ATOUMOD040", "stop_name": "Centre", "route_ids": ["ATOUMOD040:Line:1004454:LOC"]}}, {"type": "Feature", "geometry": {"type": "Point", "coordinates": [-0.4724, 49.19951]}, "properties": {"stop_id": "FR:14543:ZE:1153090:ATOUMOD040", "stop_name": "Centre", "route_ids": ["ATOUMOD040:Line:1004454:LOC"]}}, {"type": "Feature", "geometry": {"type": "Point", "coordinates": [-0.45715, 49.19816]}, "properties": {"stop_id": "FR:14543:ZE:1153095:ATOUMOD040", "stop_name": "Zone commerciale", "route_ids": ["ATOUMOD040:Line:1004454:LOC"]}}, {"type": "Feature", "geometry": {"type": "Point", "coordinates": [-0.45728, 49.19817]}, "properties": {"stop_id": "FR:14543:ZE:1153096:ATOUMOD040", "stop_name": "Zone commerciale", "route_ids": ["ATOUMOD040:Line:1004454:LOC"]}}, {"type": "Feature", "geometry": {"type": "Point", "coordinates": [-0.623291, 49.312607]}, "properties": {"stop_id": "FR:14552:ZE:1153100:ATOUMOD040", "stop_name": "Ryes", "route_ids": ["ATOUMOD040:Line:1004465:LOC"]}}, {"type": "Feature", "geometry": {"type": "Point", "coordinates": [-0.623232, 49.312619]}, "properties": {"stop_id": "FR:14552:ZE:1153101:ATOUMOD040", "stop_name": "Ryes", "route_ids": ["ATOUMOD040:Line:1004465:LOC"]}}, {"type": "Feature", "geometry": {"type": "Point", "coordinates": [-0.300435, 49.071715]}, "properties": {"stop_id": "FR:14160:ZE:1153104:ATOUMOD040", "stop_name": "Auberge", "route_ids": ["ATOUMOD040:Line:1004457:LOC"]}}, {"type": "Feature", "geometry": {"type": "Point", "coordinates": [-0.296905, 49.074352]}, "properties": {"stop_id": "FR:14554:ZE:1153105:ATOUMOD040", "stop_name": "La Jalousie", "route_ids": ["ATOUMOD040:Line:1004457:LOC"]}}, {"type": "Feature", "geometry": {"type": "Point", "coordinates": [-0.295537, 49.074383]}, "properties": {"stop_id": "FR:14554:ZE:1153106:ATOUMOD040", "stop_name": "La Jalousie", "route_ids": ["ATOUMOD040:Line:1004457:LOC"]}}, {"type": "Feature", "geometry": {"type": "Point", "coordinates": [-0.39198, 49.32797]}, "properties": {"stop_id": "FR:14562:ZE:1153109:ATOUMOD040", "stop_name": "Gare", "route_ids": ["ATOUMOD040:Line:1004440:LOC"]}}, {"type": "Feature", "geometry": {"type": "Point", "coordinates": [-0.392153, 49.328014]}, "properties": {"stop_id": "FR:14562:ZE:1153110:ATOUMOD040", "stop_name": "Gare", "route_ids": ["ATOUMOD040:Line:1004440:LOC"]}}, {"type": "Feature", "geometry": {"type": "Point", "coordinates": [-0.38158, 49.32646]}, "properties": {"stop_id": "FR:14562:ZE:1153111:ATOUMOD040", "stop_name": "Massenet", "route_ids": ["ATOUMOD040:Line:1004440:LOC"]}}, {"type": "Feature", "geometry": {"type": "Point", "coordinates": [-0.382603, 49.326722]}, "properties": {"stop_id": "FR:14562:ZE:1153112:ATOUMOD040", "stop_name": "Massenet", "route_ids": ["ATOUMOD040:Line:1004440:LOC"]}}, {"type": "Feature", "geometry": {"type": "Point", "coordinates": [-0.398742, 49.328199]}, "properties": {"stop_id": "FR:14562:ZE:1153113:ATOUMOD040", "stop_name": "Eugene Papin", "route_ids": ["ATOUMOD040:Line:1004440:LOC"]}}, {"type": "Feature", "geometry": {"type": "Point", "coordinates": [-0.398635, 49.328245]}, "properties": {"stop_id": "FR:14562:ZE:1153114:ATOUMOD040", "stop_name": "Eugene Papin", "route_ids": ["ATOUMOD040:Line:1004440:LOC"]}}, {"type": "Feature", "geometry": {"type": "Point", "coordinates": [-0.23015, 49.26333]}, "properties": {"stop_id": "FR:14665:ZE:1153115:ATOUMOD040", "stop_name": "Baie de l'Orne", "route_ids": ["ATOUMOD040:Line:1004451:LOC"]}}, {"type": "Feature", "geometry": {"type": "Point", "coordinates": [-0.23001, 49.26336]}, "properties": {"stop_id": "FR:14665:ZE:1153116:ATOUMOD040", "stop_name": "Baie de l'Orne", "route_ids": ["ATOUMOD040:Line:1004451:LOC"]}}, {"type": "Feature", "geometry": {"type": "Point", "coordinates": [-0.16015, 49.18532]}, "properties": {"stop_id": "FR:14657:ZE:1153117:ATOUMOD040", "stop_name": "Route de Rouen", "route_ids": ["ATOUMOD040:Line:1004458:LOC"]}}, {"type": "Feature", "geometry": {"type": "Point", "coordinates": [-0.160163, 49.185224]}, "properties": {"stop_id": "FR:14657:ZE:1153118:ATOUMOD040", "stop_name": "Route de Rouen", "route_ids": ["ATOUMOD040:Line:1004458:LOC"]}}, {"type": "Feature", "geometry": {"type": "Point", "coordinates": [-0.22211, 49.18098]}, "properties": {"stop_id": "FR:14666:ZE:1153119:ATOUMOD040", "stop_name": "Libération", "route_ids": ["ATOUMOD040:Line:1004458:LOC"]}}, {"type": "Feature", "geometry": {"type": "Point", "coordinates": [-0.22212, 49.18093]}, "properties": {"stop_id": "FR:14666:ZE:1153120:ATOUMOD040", "stop_name": "Libération", "route_ids": ["ATOUMOD040:Line:1004458:LOC"]}}, {"type": "Feature", "geometry": {"type": "Point", "coordinates": [-0.22727, 49.18256]}, "properties": {"stop_id": "FR:14666:ZE:1153121:ATOUMOD040", "stop_name": "Mont du Saule", "route_ids": ["ATOUMOD040:Line:1004458:LOC"]}}, {"type": "Feature", "geometry": {"type": "Point", "coordinates": [-0.22727, 49.18254]}, "properties": {"stop_id": "FR:14666:ZE:1153122:ATOUMOD040", "stop_name": "Mont du Saule", "route_ids": ["ATOUMOD040:Line:1004458:LOC"]}}, {"type": "Feature", "geometry": {"type": "Point", "coordinates": [-0.22038, 49.17804]}, "properties": {"stop_id": "FR:14666:ZE:1153123:ATOUMOD040", "stop_name": "Bourg", "route_ids": ["ATOUMOD040:Line:1004458:LOC"]}}, {"type": "Feature", "geometry": {"type": "Point", "coordinates": [-0.21963, 49.17805]}, "properties": {"stop_id": "FR:14036:ZE:1153124:ATOUMOD040", "stop_name": "Bourg", "route_ids": ["ATOUMOD040:Line:1004458:LOC"]}}, {"type": "Feature", "geometry": {"type": "Point", "coordinates": [-0.9787, 49.38752]}, "properties": {"stop_id": "FR:14652:ZE:1153125:ATOUMOD040", "stop_name": "Saint-Pierre-du-Mont", "route_ids": ["ATOUMOD040:Line:1004464:LOC"]}}, {"type": "Feature", "geometry": {"type": "Point", "coordinates": [-0.97866, 49.38744]}, "properties": {"stop_id": "FR:14652:ZE:1153126:ATOUMOD040", "stop_name": "Saint-Pierre-du-Mont", "route_ids": ["ATOUMOD040:Line:1004464:LOC"]}}, {"type": "Feature", "geometry": {"type": "Point", "coordinates": [0.09241, 49.33764]}, "properties": {"stop_id": "FR:14557:ZE:1153133:ATOUMOD040", "stop_name": "Mairie", "route_ids": ["ATOUMOD040:Line:1004452:LOC"]}}, {"type": "Feature", "geometry": {"type": "Point", "coordinates": [0.09227, 49.33789]}, "properties": {"stop_id": "FR:14557:ZE:1153134:ATOUMOD040", "stop_name": "Mairie", "route_ids": ["ATOUMOD040:Line:1004452:LOC"]}}, {"type": "Feature", "geometry": {"type": "Point", "coordinates": [0.08587, 49.32832]}, "properties": {"stop_id": "FR:14557:ZE:1153135:ATOUMOD040", "stop_name": "Camping", "route_ids": ["ATOUMOD040:Line:1004452:LOC"]}}, {"type": "Feature", "geometry": {"type": "Point", "coordinates": [0.08425, 49.34503]}, "properties": {"stop_id": "FR:14557:ZE:1153137:ATOUMOD040", "stop_name": "Maison de retraite", "route_ids": ["ATOUMOD040:Line:1004452:LOC"]}}, {"type": "Feature", "geometry": {"type": "Point", "coordinates": [0.084443, 49.345349]}, "properties": {"stop_id": "FR:14557:ZE:1153138:ATOUMOD040", "stop_name": "Maison de retraite", "route_ids": ["ATOUMOD040:Line:1004452:LOC"]}}, {"type": "Feature", "geometry": {"type": "Point", "coordinates": [-0.605366, 49.338298]}, "properties": {"stop_id": "FR:14565:ZE:1153151:ATOUMOD040", "stop_name": "Eglise", "route_ids": ["ATOUMOD040:Line:1004465:LOC", "ATOUMOD040:Line:1010148:LOC"]}}, {"type": "Feature", "geometry": {"type": "Point", "coordinates": [-0.60513, 49.33816]}, "properties": {"stop_id": "FR:14565:ZE:1153152:ATOUMOD040", "stop_name": "Eglise", "route_ids": ["ATOUMOD040:Line:1010148:LOC", "ATOUMOD040:Line:1004465:LOC"]}}, {"type": "Feature", "geometry": {"type": "Point", "coordinates": [-0.59553, 49.3397]}, "properties": {"stop_id": "FR:14565:ZE:1153153:ATOUMOD040", "stop_name": "Parc a Huîtres", "route_ids": ["ATOUMOD040:Line:1004465:LOC", "ATOUMOD040:Line:1010148:LOC"]}}, {"type": "Feature", "geometry": {"type": "Point", "coordinates": [-0.59526, 49.33966]}, "properties": {"stop_id": "FR:14565:ZE:1153154:ATOUMOD040", "stop_name": "Parc a Huîtres", "route_ids": ["ATOUMOD040:Line:1010148:LOC", "ATOUMOD040:Line:1004465:LOC"]}}, {"type": "Feature", "geometry": {"type": "Point", "coordinates": [-0.60348, 49.33111]}, "properties": {"stop_id": "FR:14565:ZE:1153155:ATOUMOD040", "stop_name": "Château de Fresné", "route_ids": ["ATOUMOD040:Line:1004465:LOC"]}}, {"type": "Feature", "geometry": {"type": "Point", "coordinates": [-0.60358, 49.33107]}, "properties": {"stop_id": "FR:14565:ZE:1153156:ATOUMOD040", "stop_name": "Château de Fresné", "route_ids": ["ATOUMOD040:Line:1004465:LOC"]}}, {"type": "Feature", "geometry": {"type": "Point", "coordinates": [-0.51031, 49.31315]}, "properties": {"stop_id": "FR:14569:ZE:1153157:ATOUMOD040", "stop_name": "Sainte-Croix-sur-Mer", "route_ids": ["ATOUMOD040:Line:1004442:LOC"]}}, {"type": "Feature", "geometry": {"type": "Point", "coordinates": [-0.51034, 49.3132]}, "properties": {"stop_id": "FR:14569:ZE:1153158:ATOUMOD040", "stop_name": "Sainte-Croix-sur-Mer", "route_ids": ["ATOUMOD040:Line:1004442:LOC"]}}, {"type": "Feature", "geometry": {"type": "Point", "coordinates": [-0.51968, 48.87175]}, "properties": {"stop_id": "FR:14572:ZE:1153167:ATOUMOD040", "stop_name": "Les Landes", "route_ids": ["ATOUMOD040:Line:1004456:LOC"]}}, {"type": "Feature", "geometry": {"type": "Point", "coordinates": [-0.519418, 48.871875]}, "properties": {"stop_id": "FR:14572:ZE:1153168:ATOUMOD040", "stop_name": "Les Landes", "route_ids": ["ATOUMOD040:Line:1004456:LOC"]}}, {"type": "Feature", "geometry": {"type": "Point", "coordinates": [-0.70126, 49.03214]}, "properties": {"stop_id": "FR:14579:ZE:1153189:ATOUMOD040", "stop_name": "SAINT-GEORGES-D'AUNAY - Les Marronniers", "route_ids": ["ATOUMOD040:Line:1004455:LOC"]}}, {"type": "Feature", "geometry": {"type": "Point", "coordinates": [-0.56609, 48.765]}, "properties": {"stop_id": "FR:61391:ZE:1153210:ATOUMOD040", "stop_name": "Launay Cornu", "route_ids": ["ATOUMOD040:Line:1004456:LOC"]}}, {"type": "Feature", "geometry": {"type": "Point", "coordinates": [-0.5662, 48.76538]}, "properties": {"stop_id": "FR:61391:ZE:1153211:ATOUMOD040", "stop_name": "Launay Cornu", "route_ids": ["ATOUMOD040:Line:1004456:LOC"]}}, {"type": "Feature", "geometry": {"type": "Point", "coordinates": [0.18569, 49.34821]}, "properties": {"stop_id": "FR:14578:ZE:1153224:ATOUMOD040", "stop_name": "Eglise", "route_ids": ["ATOUMOD040:Line:1004451:LOC"]}}, {"type": "Feature", "geometry": {"type": "Point", "coordinates": [0.189568, 49.347185]}, "properties": {"stop_id": "FR:14578:ZE:1153226:ATOUMOD040", "stop_name": "Brioleurs", "route_ids": ["ATOUMOD040:Line:1004451:LOC"]}}, {"type": "Feature", "geometry": {"type": "Point", "coordinates": [0.15801, 49.36067]}, "properties": {"stop_id": "FR:14578:ZE:1153227:ATOUMOD040", "stop_name": "Aéroport", "route_ids": ["ATOUMOD040:Line:1004451:LOC"]}}, {"type": "Feature", "geometry": {"type": "Point", "coordinates": [0.19871, 49.34656]}, "properties": {"stop_id": "FR:14578:ZE:1153229:ATOUMOD040", "stop_name": "Portes Rouges", "route_ids": ["ATOUMOD040:Line:1004460:LOC"]}}, {"type": "Feature", "geometry": {"type": "Point", "coordinates": [0.19898, 49.34655]}, "properties": {"stop_id": "FR:14578:ZE:1153230:ATOUMOD040", "stop_name": "Portes Rouges", "route_ids": ["ATOUMOD040:Line:1004460:LOC"]}}, {"type": "Feature", "geometry": {"type": "Point", "coordinates": [-0.3029, 49.00084]}, "properties": {"stop_id": "FR:14589:ZE:1153231:ATOUMOD040", "stop_name": "Eglise", "route_ids": ["ATOUMOD040:Line:1004448:LOC"]}}, {"type": "Feature", "geometry": {"type": "Point", "coordinates": [-0.30268, 49.00105]}, "properties": {"stop_id": "FR:14589:ZE:1153232:ATOUMOD040", "stop_name": "Eglise", "route_ids": ["ATOUMOD040:Line:1004448:LOC"]}}, {"type": "Feature", "geometry": {"type": "Point", "coordinates": [-0.31805, 49.00777]}, "properties": {"stop_id": "FR:14589:ZE:1153233:ATOUMOD040", "stop_name": "Le Livet", "route_ids": ["ATOUMOD040:Line:1004448:LOC"]}}, {"type": "Feature", "geometry": {"type": "Point", "coordinates": [-0.29635, 49.00574]}, "properties": {"stop_id": "FR:14589:ZE:1153235:ATOUMOD040", "stop_name": "Moulin a Vade", "route_ids": ["ATOUMOD040:Line:1004448:LOC"]}}, {"type": "Feature", "geometry": {"type": "Point", "coordinates": [-0.807181, 49.347034]}, "properties": {"stop_id": "FR:14591:ZE:1153237:ATOUMOD040", "stop_name": "SAINTE-HONORINE-DES-PERTES - Route de Port-en-Bessin", "route_ids": ["ATOUMOD040:Line:1004464:LOC", "ATOUMOD040:Line:1010148:LOC"]}}, {"type": "Feature", "geometry": {"type": "Point", "coordinates": [-0.807424, 49.347127]}, "properties": {"stop_id": "FR:14591:ZE:1153238:ATOUMOD040", "stop_name": "SAINTE-HONORINE-DES-PERTES - Route de Port-en-Bessin", "route_ids": ["ATOUMOD040:Line:1004464:LOC", "ATOUMOD040:Line:1010148:LOC"]}}, {"type": "Feature", "geometry": {"type": "Point", "coordinates": [-0.79876, 49.34882]}, "properties": {"stop_id": "FR:14591:ZE:1153241:ATOUMOD040", "stop_name": "SAINTE-HONORINE-DES-PERTES - Ecole", "route_ids": ["ATOUMOD040:Line:1004464:LOC"]}}, {"type": "Feature", "geometry": {"type": "Point", "coordinates": [-0.79857, 49.34901]}, "properties": {"stop_id": "FR:14591:ZE:1153242:ATOUMOD040", "stop_name": "SAINTE-HONORINE-DES-PERTES - Ecole", "route_ids": ["ATOUMOD040:Line:1004464:LOC"]}}, {"type": "Feature", "geometry": {"type": "Point", "coordinates": [-0.882621, 49.359573]}, "properties": {"stop_id": "FR:14605:ZE:1153257:ATOUMOD040", "stop_name": "Avenue de la Libération", "route_ids": ["ATOUMOD040:Line:1004464:LOC"]}}, {"type": "Feature", "geometry": {"type": "Point", "coordinates": [-0.881033, 49.359133]}, "properties": {"stop_id": "FR:14605:ZE:1153258:ATOUMOD040", "stop_name": "Avenue de la Libération", "route_ids": ["ATOUMOD040:Line:1004464:LOC", "ATOUMOD040:Line:1010148:LOC"]}}, {"type": "Feature", "geometry": {"type": "Point", "coordinates": [-0.374391, 49.114287]}, "properties": {"stop_id": "FR:14623:ZE:1153289:ATOUMOD040", "stop_name": "SAINT-MARTIN-DE-FONTENAY - Commerces", "route_ids": ["ATOUMOD040:Line:1004447:LOC", "ATOUMOD040:Line:1004456:LOC"]}}, {"type": "Feature", "geometry": {"type": "Point", "coordinates": [-0.374329, 49.11437]}, "properties": {"stop_id": "FR:14623:ZE:1153290:ATOUMOD040", "stop_name": "SAINT-MARTIN-DE-FONTENAY - Commerces", "route_ids": ["ATOUMOD040:Line:1004447:LOC", "ATOUMOD040:Line:1004456:LOC"]}}, {"type": "Feature", "geometry": {"type": "Point", "coordinates": [-0.37431, 49.11018]}, "properties": {"stop_id": "FR:14623:ZE:1153291:ATOUMOD040", "stop_name": "SAINT-MARTIN-DE-FONTENAY - Pont Minier", "route_ids": ["ATOUMOD040:Line:1004447:LOC", "ATOUMOD040:Line:1004456:LOC"]}}, {"type": "Feature", "geometry": {"type": "Point", "coordinates": [-0.37432, 49.11016]}, "properties": {"stop_id": "FR:14623:ZE:1153292:ATOUMOD040", "stop_name": "SAINT-MARTIN-DE-FONTENAY - Pont Minier", "route_ids": ["ATOUMOD040:Line:1004447:LOC", "ATOUMOD040:Line:1004456:LOC"]}}, {"type": "Feature", "geometry": {"type": "Point", "coordinates": [0.270872, 49.450951]}, "properties": {"stop_id": "FR:76660:ZE:1153310:ATOUMOD040", "stop_name": "Pont de Normandie", "route_ids": ["ATOUMOD040:Line:1004459:LOC"]}}, {"type": "Feature", "geometry": {"type": "Point", "coordinates": [0.27185, 49.45126]}, "properties": {"stop_id": "FR:76660:ZE:1153311:ATOUMOD040", "stop_name": "Pont de Normandie", "route_ids": ["ATOUMOD040:Line:1004459:LOC"]}}, {"type": "Feature", "geometry": {"type": "Point", "coordinates": [-0.6501, 49.29192]}, "properties": {"stop_id": "FR:14676:ZE:1153320:ATOUMOD040", "stop_name": "L'Orangerie", "route_ids": ["ATOUMOD040:Line:1004465:LOC"]}}, {"type": "Feature", "geometry": {"type": "Point", "coordinates": [-0.65005, 49.29187]}, "properties": {"stop_id": "FR:14676:ZE:1153321:ATOUMOD040", "stop_name": "L'Orangerie", "route_ids": ["ATOUMOD040:Line:1004465:LOC"]}}, {"type": "Feature", "geometry": {"type": "Point", "coordinates": [-0.65713, 49.29105]}, "properties": {"stop_id": "FR:14676:ZE:1153322:ATOUMOD040", "stop_name": "Château d'Eau", "route_ids": ["ATOUMOD040:Line:1004465:LOC"]}}, {"type": "Feature", "geometry": {"type": "Point", "coordinates": [-0.65717, 49.291]}, "properties": {"stop_id": "FR:14676:ZE:1153323:ATOUMOD040", "stop_name": "Château d'Eau", "route_ids": ["ATOUMOD040:Line:1004465:LOC"]}}, {"type": "Feature", "geometry": {"type": "Point", "coordinates": [-0.63887, 49.28902]}, "properties": {"stop_id": "FR:14676:ZE:1153325:ATOUMOD040", "stop_name": "Les Pérelles", "route_ids": ["ATOUMOD040:Line:1004465:LOC"]}}, {"type": "Feature", "geometry": {"type": "Point", "coordinates": [-0.65655, 49.29323]}, "properties": {"stop_id": "FR:14676:ZE:1153326:ATOUMOD040", "stop_name": "Stade", "route_ids": ["ATOUMOD040:Line:1004465:LOC"]}}, {"type": "Feature", "geometry": {"type": "Point", "coordinates": [-0.21717, 48.94248]}, "properties": {"stop_id": "FR:14677:ZE:1153333:ATOUMOD040", "stop_name": "Mairie", "route_ids": ["ATOUMOD040:Line:1004457:LOC"]}}, {"type": "Feature", "geometry": {"type": "Point", "coordinates": [-0.21715, 48.9424]}, "properties": {"stop_id": "FR:14677:ZE:1153334:ATOUMOD040", "stop_name": "Mairie", "route_ids": ["ATOUMOD040:Line:1004457:LOC"]}}, {"type": "Feature", "geometry": {"type": "Point", "coordinates": [-0.215942, 48.936649]}, "properties": {"stop_id": "FR:14677:ZE:1153335:ATOUMOD040", "stop_name": "Saint-Loup", "route_ids": ["ATOUMOD040:Line:1004457:LOC"]}}, {"type": "Feature", "geometry": {"type": "Point", "coordinates": [-0.216076, 48.936688]}, "properties": {"stop_id": "FR:14677:ZE:1153336:ATOUMOD040", "stop_name": "Saint-Loup", "route_ids": ["ATOUMOD040:Line:1004457:LOC"]}}, {"type": "Feature", "geometry": {"type": "Point", "coordinates": [-0.21524, 48.92893]}, "properties": {"stop_id": "FR:14646:ZE:1153337:ATOUMOD040", "stop_name": "Route de Caen", "route_ids": ["ATOUMOD040:Line:1004457:LOC"]}}, {"type": "Feature", "geometry": {"type": "Point", "coordinates": [-0.21508, 48.92893]}, "properties": {"stop_id": "FR:14646:ZE:1153338:ATOUMOD040", "stop_name": "Route de Caen", "route_ids": ["ATOUMOD040:Line:1004457:LOC"]}}, {"type": "Feature", "geometry": {"type": "Point", "coordinates": [-0.79012, 48.95711]}, "properties": {"stop_id": "FR:14061:ZE:1153381:ATOUMOD040", "stop_name": "SAINT-PIERRE-TARENTAINE - La Vauteliere", "route_ids": ["ATOUMOD040:Line:1004455:LOC"]}}, {"type": "Feature", "geometry": {"type": "Point", "coordinates": [-0.79112, 48.95632]}, "properties": {"stop_id": "FR:14061:ZE:1153382:ATOUMOD040", "stop_name": "SAINT-PIERRE-TARENTAINE - La Vauteliere", "route_ids": ["ATOUMOD040:Line:1004455:LOC"]}}, {"type": "Feature", "geometry": {"type": "Point", "coordinates": [-0.50373, 48.93996]}, "properties": {"stop_id": "FR:14656:ZE:1153387:ATOUMOD040", "stop_name": "Mairie", "route_ids": ["ATOUMOD040:Line:1004456:LOC"]}}, {"type": "Feature", "geometry": {"type": "Point", "coordinates": [-0.50423, 48.93962]}, "properties": {"stop_id": "FR:14656:ZE:1153388:ATOUMOD040", "stop_name": "Mairie", "route_ids": ["ATOUMOD040:Line:1004456:LOC"]}}, {"type": "Feature", "geometry": {"type": "Point", "coordinates": [-0.500921, 48.95058]}, "properties": {"stop_id": "FR:14656:ZE:1153389:ATOUMOD040", "stop_name": "Pont de la Mousse", "route_ids": ["ATOUMOD040:Line:1004456:LOC"]}}, {"type": "Feature", "geometry": {"type": "Point", "coordinates": [-0.500171, 48.951316]}, "properties": {"stop_id": "FR:14656:ZE:1153390:ATOUMOD040", "stop_name": "Pont de la Mousse", "route_ids": ["ATOUMOD040:Line:1004456:LOC"]}}, {"type": "Feature", "geometry": {"type": "Point", "coordinates": [-0.245774, 48.976557]}, "properties": {"stop_id": "FR:14678:ZE:1153393:ATOUMOD040", "stop_name": "Grands Bureaux", "route_ids": ["ATOUMOD040:Line:1004457:LOC"]}}, {"type": "Feature", "geometry": {"type": "Point", "coordinates": [-0.245848, 48.976509]}, "properties": {"stop_id": "FR:14678:ZE:1153394:ATOUMOD040", "stop_name": "Grands Bureaux", "route_ids": ["ATOUMOD040:Line:1004457:LOC"]}}, {"type": "Feature", "geometry": {"type": "Point", "coordinates": [-0.37518, 49.119758]}, "properties": {"stop_id": "FR:14556:ZE:1153395:ATOUMOD040", "stop_name": "Clos du Hamel", "route_ids": ["ATOUMOD040:Line:1004447:LOC"]}}, {"type": "Feature", "geometry": {"type": "Point", "coordinates": [-0.374921, 49.119029]}, "properties": {"stop_id": "FR:14556:ZE:1153396:ATOUMOD040", "stop_name": "Clos du Hamel", "route_ids": ["ATOUMOD040:Line:1004447:LOC"]}}, {"type": "Feature", "geometry": {"type": "Point", "coordinates": [-0.37826, 49.12097]}, "properties": {"stop_id": "FR:14556:ZE:1153397:ATOUMOD040", "stop_name": "Luxembourg", "route_ids": ["ATOUMOD040:Line:1004447:LOC"]}}, {"type": "Feature", "geometry": {"type": "Point", "coordinates": [-0.37793, 49.12088]}, "properties": {"stop_id": "FR:14556:ZE:1153398:ATOUMOD040", "stop_name": "Luxembourg", "route_ids": ["ATOUMOD040:Line:1004447:LOC"]}}, {"type": "Feature", "geometry": {"type": "Point", "coordinates": [-0.38228, 49.12178]}, "properties": {"stop_id": "FR:14556:ZE:1153399:ATOUMOD040", "stop_name": "Prévert", "route_ids": ["ATOUMOD040:Line:1004447:LOC"]}}, {"type": "Feature", "geometry": {"type": "Point", "coordinates": [-0.38215, 49.12186]}, "properties": {"stop_id": "FR:14556:ZE:1153400:ATOUMOD040", "stop_name": "Prévert", "route_ids": ["ATOUMOD040:Line:1004447:LOC"]}}, {"type": "Feature", "geometry": {"type": "Point", "coordinates": [-0.38055, 49.11773]}, "properties": {"stop_id": "FR:14556:ZE:1153401:ATOUMOD040", "stop_name": "René Goscinny", "route_ids": ["ATOUMOD040:Line:1004447:LOC"]}}, {"type": "Feature", "geometry": {"type": "Point", "coordinates": [-0.38057, 49.11766]}, "properties": {"stop_id": "FR:14556:ZE:1153402:ATOUMOD040", "stop_name": "René Goscinny", "route_ids": ["ATOUMOD040:Line:1004447:LOC"]}}, {"type": "Feature", "geometry": {"type": "Point", "coordinates": [-0.41575, 49.21651]}, "properties": {"stop_id": "FR:14566:ZE:1153403:ATOUMOD040", "stop_name": "Champ Bailly", "route_ids": ["ATOUMOD040:Line:1004442:LOC"]}}, {"type": "Feature", "geometry": {"type": "Point", "coordinates": [-0.41582, 49.21667]}, "properties": {"stop_id": "FR:14566:ZE:1153404:ATOUMOD040", "stop_name": "Champ Bailly", "route_ids": ["ATOUMOD040:Line:1004442:LOC"]}}, {"type": "Feature", "geometry": {"type": "Point", "coordinates": [-0.42, 49.21815]}, "properties": {"stop_id": "FR:14566:ZE:1153405:ATOUMOD040", "stop_name": "Arromanches", "route_ids": ["ATOUMOD040:Line:1004441:LOC"]}}, {"type": "Feature", "geometry": {"type": "Point", "coordinates": [-0.42009, 49.21827]}, "properties": {"stop_id": "FR:14566:ZE:1153406:ATOUMOD040", "stop_name": "Arromanches", "route_ids": ["ATOUMOD040:Line:1004441:LOC"]}}, {"type": "Feature", "geometry": {"type": "Point", "coordinates": [-0.4058, 49.21029]}, "properties": {"stop_id": "FR:14566:ZE:1153407:ATOUMOD040", "stop_name": "Bitot", "route_ids": ["ATOUMOD040:Line:1004441:LOC"]}}, {"type": "Feature", "geometry": {"type": "Point", "coordinates": [-0.40749, 49.21107]}, "properties": {"stop_id": "FR:14566:ZE:1153408:ATOUMOD040", "stop_name": "Bitot", "route_ids": ["ATOUMOD040:Line:1004441:LOC", "ATOUMOD040:Line:1004442:LOC"]}}, {"type": "Feature", "geometry": {"type": "Point", "coordinates": [-0.39228, 49.20383]}, "properties": {"stop_id": "FR:14566:ZE:1153409:ATOUMOD040", "stop_name": "Parc Athéna", "route_ids": ["ATOUMOD040:Line:1004441:LOC", "ATOUMOD040:Line:1004442:LOC"]}}, {"type": "Feature", "geometry": {"type": "Point", "coordinates": [-0.39278, 49.20446]}, "properties": {"stop_id": "FR:14566:ZE:1153410:ATOUMOD040", "stop_name": "Parc Athéna", "route_ids": ["ATOUMOD040:Line:1004441:LOC", "ATOUMOD040:Line:1004442:LOC"]}}, {"type": "Feature", "geometry": {"type": "Point", "coordinates": [-0.42335, 49.21915]}, "properties": {"stop_id": "FR:14566:ZE:1153411:ATOUMOD040", "stop_name": "Bergerie", "route_ids": ["ATOUMOD040:Line:1004442:LOC"]}}, {"type": "Feature", "geometry": {"type": "Point", "coordinates": [-0.42341, 49.21923]}, "properties": {"stop_id": "FR:14566:ZE:1153412:ATOUMOD040", "stop_name": "Bergerie", "route_ids": ["ATOUMOD040:Line:1004442:LOC"]}}, {"type": "Feature", "geometry": {"type": "Point", "coordinates": [-0.49192, 49.07789]}, "properties": {"stop_id": "FR:14592:ZE:1153413:ATOUMOD040", "stop_name": "Eglise", "route_ids": ["ATOUMOD040:Line:1004445:LOC"]}}, {"type": "Feature", "geometry": {"type": "Point", "coordinates": [-0.49198, 49.07792]}, "properties": {"stop_id": "FR:14592:ZE:1153414:ATOUMOD040", "stop_name": "Eglise", "route_ids": ["ATOUMOD040:Line:1004445:LOC"]}}, {"type": "Feature", "geometry": {"type": "Point", "coordinates": [-0.49515, 49.07448]}, "properties": {"stop_id": "FR:14592:ZE:1153415:ATOUMOD040", "stop_name": "Le Ronceray", "route_ids": ["ATOUMOD040:Line:1004445:LOC"]}}, {"type": "Feature", "geometry": {"type": "Point", "coordinates": [-0.27195, 49.21036]}, "properties": {"stop_id": "FR:14328:ZE:1153417:ATOUMOD040", "stop_name": "Sainte-Honorine la Chardronnette", "route_ids": ["ATOUMOD040:Line:1004451:LOC"]}}, {"type": "Feature", "geometry": {"type": "Point", "coordinates": [-0.27198, 49.21026]}, "properties": {"stop_id": "FR:14328:ZE:1153418:ATOUMOD040", "stop_name": "Sainte-Honorine la Chardronnette", "route_ids": ["ATOUMOD040:Line:1004451:LOC"]}}, {"type": "Feature", "geometry": {"type": "Point", "coordinates": [-0.415563, 49.041098]}, "properties": {"stop_id": "FR:14603:ZE:1153419:ATOUMOD040", "stop_name": "Mairie", "route_ids": ["ATOUMOD040:Line:1004456:LOC"]}}, {"type": "Feature", "geometry": {"type": "Point", "coordinates": [-0.418131, 49.039059]}, "properties": {"stop_id": "FR:14603:ZE:1153420:ATOUMOD040", "stop_name": "Mairie", "route_ids": ["ATOUMOD040:Line:1004456:LOC"]}}, {"type": "Feature", "geometry": {"type": "Point", "coordinates": [-0.66593, 49.29461]}, "properties": {"stop_id": "FR:14663:ZE:1153432:ATOUMOD040", "stop_name": "Saint-Sulpice", "route_ids": ["ATOUMOD040:Line:1004465:LOC"]}}, {"type": "Feature", "geometry": {"type": "Point", "coordinates": [-0.66587, 49.29463]}, "properties": {"stop_id": "FR:14663:ZE:1153433:ATOUMOD040", "stop_name": "Saint-Sulpice", "route_ids": ["ATOUMOD040:Line:1004465:LOC"]}}, {"type": "Feature", "geometry": {"type": "Point", "coordinates": [-0.68418, 49.28449]}, "properties": {"stop_id": "FR:14663:ZE:1153434:ATOUMOD040", "stop_name": "Stade Garnier", "route_ids": ["ATOUMOD040:Line:1004465:LOC"]}}, {"type": "Feature", "geometry": {"type": "Point", "coordinates": [-0.68396, 49.28451]}, "properties": {"stop_id": "FR:14663:ZE:1153435:ATOUMOD040", "stop_name": "Stade Garnier", "route_ids": ["ATOUMOD040:Line:1004465:LOC"]}}, {"type": "Feature", "geometry": {"type": "Point", "coordinates": [-0.21848, 49.05628]}, "properties": {"stop_id": "FR:14659:ZE:1153439:ATOUMOD040", "stop_name": "Saint-Sylvain", "route_ids": ["ATOUMOD040:Line:1004473:LOC"]}}, {"type": "Feature", "geometry": {"type": "Point", "coordinates": [-0.21846, 49.05623]}, "properties": {"stop_id": "FR:14659:ZE:1153440:ATOUMOD040", "stop_name": "Saint-Sylvain", "route_ids": ["ATOUMOD040:Line:1004473:LOC"]}}, {"type": "Feature", "geometry": {"type": "Point", "coordinates": [-0.40888, 49.30423]}, "properties": {"stop_id": "FR:14228:ZE:1153441:ATOUMOD040", "stop_name": "Tailleville", "route_ids": ["ATOUMOD040:Line:1004440:LOC"]}}, {"type": "Feature", "geometry": {"type": "Point", "coordinates": [-0.40894, 49.30428]}, "properties": {"stop_id": "FR:14228:ZE:1153442:ATOUMOD040", "stop_name": "Tailleville", "route_ids": ["ATOUMOD040:Line:1004440:LOC"]}}, {"type": "Feature", "geometry": {"type": "Point", "coordinates": [-0.45672, 49.2608]}, "properties": {"stop_id": "FR:14685:ZE:1153448:ATOUMOD040", "stop_name": "Eglise", "route_ids": ["ATOUMOD040:Line:1004442:LOC"]}}, {"type": "Feature", "geometry": {"type": "Point", "coordinates": [-0.45659, 49.260886]}, "properties": {"stop_id": "FR:14685:ZE:1153449:ATOUMOD040", "stop_name": "Eglise", "route_ids": ["ATOUMOD040:Line:1004442:LOC"]}}, {"type": "Feature", "geometry": {"type": "Point", "coordinates": [-0.456804, 49.258058]}, "properties": {"stop_id": "FR:14685:ZE:1153450:ATOUMOD040", "stop_name": "Mairie", "route_ids": ["ATOUMOD040:Line:1004442:LOC"]}}, {"type": "Feature", "geometry": {"type": "Point", "coordinates": [-0.454689, 49.258354]}, "properties": {"stop_id": "FR:14685:ZE:1172518:ATOUMOD040", "stop_name": "Mairie", "route_ids": ["ATOUMOD040:Line:1004442:LOC"]}}, {"type": "Feature", "geometry": {"type": "Point", "coordinates": [-0.45284, 49.257115]}, "properties": {"stop_id": "FR:14685:ZE:1153451:ATOUMOD040", "stop_name": "Place des Saules", "route_ids": ["ATOUMOD040:Line:1004442:LOC"]}}, {"type": "Feature", "geometry": {"type": "Point", "coordinates": [-0.45271, 49.25729]}, "properties": {"stop_id": "FR:14685:ZE:1153452:ATOUMOD040", "stop_name": "Place des Saules", "route_ids": ["ATOUMOD040:Line:1004442:LOC"]}}, {"type": "Feature", "geometry": {"type": "Point", "coordinates": [-0.459644, 49.258014]}, "properties": {"stop_id": "FR:14685:ZE:1153454:ATOUMOD040", "stop_name": "Calvaire", "route_ids": ["ATOUMOD040:Line:1004442:LOC"]}}, {"type": "Feature", "geometry": {"type": "Point", "coordinates": [-0.459459, 49.257974]}, "properties": {"stop_id": "FR:14685:ZE:1177275:ATOUMOD040", "stop_name": "Calvaire", "route_ids": ["ATOUMOD040:Line:1004442:LOC"]}}, {"type": "Feature", "geometry": {"type": "Point", "coordinates": [-0.45656, 49.25568]}, "properties": {"stop_id": "FR:14685:ZE:1153455:ATOUMOD040", "stop_name": "Hauts de Thaon", "route_ids": ["ATOUMOD040:Line:1004442:LOC"]}}, {"type": "Feature", "geometry": {"type": "Point", "coordinates": [-0.45651, 49.25565]}, "properties": {"stop_id": "FR:14685:ZE:1153456:ATOUMOD040", "stop_name": "Hauts de Thaon", "route_ids": ["ATOUMOD040:Line:1004442:LOC"]}}, {"type": "Feature", "geometry": {"type": "Point", "coordinates": [-0.47685, 48.98609]}, "properties": {"stop_id": "FR:14689:ZE:1153457:ATOUMOD040", "stop_name": "THURY-HARCOURT - Eglise", "route_ids": ["ATOUMOD040:Line:1004456:LOC"]}}, {"type": "Feature", "geometry": {"type": "Point", "coordinates": [-0.47697, 48.98576]}, "properties": {"stop_id": "FR:14689:ZE:1153458:ATOUMOD040", "stop_name": "THURY-HARCOURT - Eglise", "route_ids": ["ATOUMOD040:Line:1004456:LOC"]}}, {"type": "Feature", "geometry": {"type": "Point", "coordinates": [-0.48147, 48.98944]}, "properties": {"stop_id": "FR:14689:ZE:1153459:ATOUMOD040", "stop_name": "THURY-HARCOURT - Base de loisirs", "route_ids": ["ATOUMOD040:Line:1004456:LOC"]}}, {"type": "Feature", "geometry": {"type": "Point", "coordinates": [-0.47552, 48.9797]}, "properties": {"stop_id": "FR:14689:ZE:1153461:ATOUMOD040", "stop_name": "THURY-HARCOURT - Maison de retraite", "route_ids": ["ATOUMOD040:Line:1004456:LOC"]}}, {"type": "Feature", "geometry": {"type": "Point", "coordinates": [-0.47544, 48.97997]}, "properties": {"stop_id": "FR:14689:ZE:1153462:ATOUMOD040", "stop_name": "THURY-HARCOURT - Maison de retraite", "route_ids": ["ATOUMOD040:Line:1004456:LOC"]}}, {"type": "Feature", "geometry": {"type": "Point", "coordinates": [-0.614041, 49.178289]}, "properties": {"stop_id": "FR:14692:ZE:1153469:ATOUMOD040", "stop_name": "Saint-Pierre", "route_ids": ["ATOUMOD040:Line:1004477:LOC"]}}, {"type": "Feature", "geometry": {"type": "Point", "coordinates": [-0.613987, 49.178322]}, "properties": {"stop_id": "FR:14692:ZE:1153470:ATOUMOD040", "stop_name": "Saint-Pierre", "route_ids": ["ATOUMOD040:Line:1004477:LOC"]}}, {"type": "Feature", "geometry": {"type": "Point", "coordinates": [-0.62545, 49.17588]}, "properties": {"stop_id": "FR:14692:ZE:1153472:ATOUMOD040", "stop_name": "Stade", "route_ids": ["ATOUMOD040:Line:1004477:LOC"]}}, {"type": "Feature", "geometry": {"type": "Point", "coordinates": [-0.62525, 49.17428]}, "properties": {"stop_id": "FR:14692:ZE:1153476:ATOUMOD040", "stop_name": "Mairie", "route_ids": ["ATOUMOD040:Line:1004477:LOC"]}}, {"type": "Feature", "geometry": {"type": "Point", "coordinates": [-0.59039, 49.10943]}, "properties": {"stop_id": "FR:14475:ZE:1153481:ATOUMOD040", "stop_name": "TOURNAY-SUR-ODON - Chemin de Sallen", "route_ids": ["ATOUMOD040:Line:1004455:LOC", "ATOUMOD040:Line:1004477:LOC"]}}, {"type": "Feature", "geometry": {"type": "Point", "coordinates": [-0.59102, 49.10935]}, "properties": {"stop_id": "FR:14475:ZE:1153482:ATOUMOD040", "stop_name": "TOURNAY-SUR-ODON - Chemin de Sallen", "route_ids": ["ATOUMOD040:Line:1004455:LOC", "ATOUMOD040:Line:1004477:LOC"]}}, {"type": "Feature", "geometry": {"type": "Point", "coordinates": [0.1041, 49.3454]}, "properties": {"stop_id": "FR:14699:ZE:1153492:ATOUMOD040", "stop_name": "Eglise", "route_ids": ["ATOUMOD040:Line:1004451:LOC"]}}, {"type": "Feature", "geometry": {"type": "Point", "coordinates": [0.10371, 49.34528]}, "properties": {"stop_id": "FR:14699:ZE:1153493:ATOUMOD040", "stop_name": "Eglise", "route_ids": ["ATOUMOD040:Line:1004451:LOC"]}}, {"type": "Feature", "geometry": {"type": "Point", "coordinates": [0.12781, 49.37271]}, "properties": {"stop_id": "FR:14715:ZE:1153498:ATOUMOD040", "stop_name": "Croix Sonnet", "route_ids": ["ATOUMOD040:Line:1004451:LOC"]}}, {"type": "Feature", "geometry": {"type": "Point", "coordinates": [0.12795, 49.37276]}, "properties": {"stop_id": "FR:14699:ZE:1153499:ATOUMOD040", "stop_name": "Croix Sonnet", "route_ids": ["ATOUMOD040:Line:1004451:LOC"]}}, {"type": "Feature", "geometry": {"type": "Point", "coordinates": [0.098535, 49.348892]}, "properties": {"stop_id": "FR:14699:ZE:1153500:ATOUMOD040", "stop_name": "Reine Mathilde", "route_ids": ["ATOUMOD040:Line:1004451:LOC", "ATOUMOD040:Line:1004453:LOC"]}}, {"type": "Feature", "geometry": {"type": "Point", "coordinates": [0.098424, 49.349126]}, "properties": {"stop_id": "FR:14699:ZE:1153501:ATOUMOD040", "stop_name": "Reine Mathilde", "route_ids": ["ATOUMOD040:Line:1004451:LOC", "ATOUMOD040:Line:1004453:LOC"]}}, {"type": "Feature", "geometry": {"type": "Point", "coordinates": [0.1086, 49.34915]}, "properties": {"stop_id": "FR:14699:ZE:1153502:ATOUMOD040", "stop_name": "Plateau de Rollon", "route_ids": ["ATOUMOD040:Line:1004453:LOC"]}}, {"type": "Feature", "geometry": {"type": "Point", "coordinates": [0.1086, 49.34919]}, "properties": {"stop_id": "FR:14699:ZE:1153503:ATOUMOD040", "stop_name": "Plateau de Rollon", "route_ids": ["ATOUMOD040:Line:1004453:LOC"]}}, {"type": "Feature", "geometry": {"type": "Point", "coordinates": [0.09534, 49.35253]}, "properties": {"stop_id": "FR:14699:ZE:1153504:ATOUMOD040", "stop_name": "Nouveau Monde", "route_ids": ["ATOUMOD040:Line:1004453:LOC"]}}, {"type": "Feature", "geometry": {"type": "Point", "coordinates": [0.09517, 49.35251]}, "properties": {"stop_id": "FR:14699:ZE:1153505:ATOUMOD040", "stop_name": "Nouveau Monde", "route_ids": ["ATOUMOD040:Line:1004453:LOC"]}}, {"type": "Feature", "geometry": {"type": "Point", "coordinates": [0.09821, 49.34557]}, "properties": {"stop_id": "FR:14699:ZE:1153506:ATOUMOD040", "stop_name": "Zone commerciale", "route_ids": ["ATOUMOD040:Line:1004452:LOC", "ATOUMOD040:Line:1004453:LOC"]}}, {"type": "Feature", "geometry": {"type": "Point", "coordinates": [0.10375, 49.34522]}, "properties": {"stop_id": "FR:14699:ZE:1153508:ATOUMOD040", "stop_name": "Eglise Saint-Thomas", "route_ids": ["ATOUMOD040:Line:1004453:LOC"]}}, {"type": "Feature", "geometry": {"type": "Point", "coordinates": [0.10411, 49.34546]}, "properties": {"stop_id": "FR:14699:ZE:1153509:ATOUMOD040", "stop_name": "Eglise Saint-Thomas", "route_ids": ["ATOUMOD040:Line:1004453:LOC"]}}, {"type": "Feature", "geometry": {"type": "Point", "coordinates": [0.10359, 49.35129]}, "properties": {"stop_id": "FR:14699:ZE:1153510:ATOUMOD040", "stop_name": "Rue des Roses", "route_ids": ["ATOUMOD040:Line:1004453:LOC"]}}, {"type": "Feature", "geometry": {"type": "Point", "coordinates": [0.10355, 49.35126]}, "properties": {"stop_id": "FR:14699:ZE:1153511:ATOUMOD040", "stop_name": "Rue des Roses", "route_ids": ["ATOUMOD040:Line:1004453:LOC"]}}, {"type": "Feature", "geometry": {"type": "Point", "coordinates": [0.10178, 49.35227]}, "properties": {"stop_id": "FR:14699:ZE:1153512:ATOUMOD040", "stop_name": "Rue du Haut Bois", "route_ids": ["ATOUMOD040:Line:1004453:LOC"]}}, {"type": "Feature", "geometry": {"type": "Point", "coordinates": [0.10156, 49.35223]}, "properties": {"stop_id": "FR:14699:ZE:1153513:ATOUMOD040", "stop_name": "Rue du Haut Bois", "route_ids": ["ATOUMOD040:Line:1004453:LOC"]}}, {"type": "Feature", "geometry": {"type": "Point", "coordinates": [0.0928, 49.35538]}, "properties": {"stop_id": "FR:14699:ZE:1153514:ATOUMOD040", "stop_name": "Mont Joly", "route_ids": ["ATOUMOD040:Line:1004453:LOC"]}}, {"type": "Feature", "geometry": {"type": "Point", "coordinates": [0.09263, 49.35535]}, "properties": {"stop_id": "FR:14699:ZE:1153515:ATOUMOD040", "stop_name": "Mont Joly", "route_ids": ["ATOUMOD040:Line:1004453:LOC"]}}, {"type": "Feature", "geometry": {"type": "Point", "coordinates": [-0.643812, 49.336656]}, "properties": {"stop_id": "FR:14709:ZE:1153516:ATOUMOD040", "stop_name": "Eglise", "route_ids": ["ATOUMOD040:Line:1004465:LOC"]}}, {"type": "Feature", "geometry": {"type": "Point", "coordinates": [-0.651069, 49.323511]}, "properties": {"stop_id": "FR:14709:ZE:1153518:ATOUMOD040", "stop_name": "La Rosiere", "route_ids": ["ATOUMOD040:Line:1004465:LOC"]}}, {"type": "Feature", "geometry": {"type": "Point", "coordinates": [-0.651227, 49.323208]}, "properties": {"stop_id": "FR:14709:ZE:1153519:ATOUMOD040", "stop_name": "La Rosiere", "route_ids": ["ATOUMOD040:Line:1004465:LOC"]}}, {"type": "Feature", "geometry": {"type": "Point", "coordinates": [0.0654, 49.32313]}, "properties": {"stop_id": "FR:14701:ZE:1153526:ATOUMOD040", "stop_name": "Mairie", "route_ids": ["ATOUMOD040:Line:1004452:LOC"]}}, {"type": "Feature", "geometry": {"type": "Point", "coordinates": [0.06544, 49.32316]}, "properties": {"stop_id": "FR:14701:ZE:1153527:ATOUMOD040", "stop_name": "Mairie", "route_ids": ["ATOUMOD040:Line:1004452:LOC"]}}, {"type": "Feature", "geometry": {"type": "Point", "coordinates": [0.06099, 49.35257]}, "properties": {"stop_id": "FR:14701:ZE:1153528:ATOUMOD040", "stop_name": "Clairefontaine", "route_ids": ["ATOUMOD040:Line:1004451:LOC"]}}, {"type": "Feature", "geometry": {"type": "Point", "coordinates": [0.0597, 49.35204]}, "properties": {"stop_id": "FR:14701:ZE:1153529:ATOUMOD040", "stop_name": "Clairefontaine", "route_ids": ["ATOUMOD040:Line:1004451:LOC"]}}, {"type": "Feature", "geometry": {"type": "Point", "coordinates": [0.06813, 49.33478]}, "properties": {"stop_id": "FR:14701:ZE:1153530:ATOUMOD040", "stop_name": "Golf", "route_ids": ["ATOUMOD040:Line:1004452:LOC"]}}, {"type": "Feature", "geometry": {"type": "Point", "coordinates": [0.06829, 49.33489]}, "properties": {"stop_id": "FR:14701:ZE:1153531:ATOUMOD040", "stop_name": "Golf", "route_ids": ["ATOUMOD040:Line:1004452:LOC"]}}, {"type": "Feature", "geometry": {"type": "Point", "coordinates": [0.06081, 49.35189]}, "properties": {"stop_id": "FR:14701:ZE:1153532:ATOUMOD040", "stop_name": "Supermarché", "route_ids": ["ATOUMOD040:Line:1004452:LOC"]}}, {"type": "Feature", "geometry": {"type": "Point", "coordinates": [0.06072, 49.35189]}, "properties": {"stop_id": "FR:14701:ZE:1153533:ATOUMOD040", "stop_name": "Supermarché", "route_ids": ["ATOUMOD040:Line:1004452:LOC"]}}, {"type": "Feature", "geometry": {"type": "Point", "coordinates": [-0.47441, 49.05612]}, "properties": {"stop_id": "FR:14713:ZE:1153534:ATOUMOD040", "stop_name": "TROIS-MONTS - Croix du Mesnil", "route_ids": ["ATOUMOD040:Line:1004446:LOC"]}}, {"type": "Feature", "geometry": {"type": "Point", "coordinates": [-0.47448, 49.05615]}, "properties": {"stop_id": "FR:14713:ZE:1153535:ATOUMOD040", "stop_name": "TROIS-MONTS - Croix du Mesnil", "route_ids": ["ATOUMOD040:Line:1004446:LOC"]}}, {"type": "Feature", "geometry": {"type": "Point", "coordinates": [-0.47731, 49.04932]}, "properties": {"stop_id": "FR:14713:ZE:1153536:ATOUMOD040", "stop_name": "TROIS-MONTS - Trois Monteaux", "route_ids": ["ATOUMOD040:Line:1004446:LOC"]}}, {"type": "Feature", "geometry": {"type": "Point", "coordinates": [-0.47711, 49.0495]}, "properties": {"stop_id": "FR:14713:ZE:1153537:ATOUMOD040", "stop_name": "TROIS-MONTS - Trois Monteaux", "route_ids": ["ATOUMOD040:Line:1004446:LOC"]}}, {"type": "Feature", "geometry": {"type": "Point", "coordinates": [-0.18463, 49.18096]}, "properties": {"stop_id": "FR:14712:ZE:1153542:ATOUMOD040", "stop_name": "TROARN - Acacia", "route_ids": ["ATOUMOD040:Line:1004458:LOC"]}}, {"type": "Feature", "geometry": {"type": "Point", "coordinates": [-0.183207, 49.181844]}, "properties": {"stop_id": "FR:14712:ZE:1153543:ATOUMOD040", "stop_name": "TROARN - Acacia", "route_ids": ["ATOUMOD040:Line:1004458:LOC"]}}, {"type": "Feature", "geometry": {"type": "Point", "coordinates": [0.09541, 49.35971]}, "properties": {"stop_id": "FR:14715:ZE:1153548:ATOUMOD040", "stop_name": "College Charles Mozin", "route_ids": ["ATOUMOD040:Line:1004453:LOC"]}}, {"type": "Feature", "geometry": {"type": "Point", "coordinates": [0.09241, 49.36194]}, "properties": {"stop_id": "FR:14715:ZE:1153554:ATOUMOD040", "stop_name": "Centre des Impôts", "route_ids": ["ATOUMOD040:Line:1004451:LOC", "ATOUMOD040:Line:1004453:LOC"]}}, {"type": "Feature", "geometry": {"type": "Point", "coordinates": [0.09248, 49.36195]}, "properties": {"stop_id": "FR:14715:ZE:1153555:ATOUMOD040", "stop_name": "Centre des Impôts", "route_ids": ["ATOUMOD040:Line:1004451:LOC", "ATOUMOD040:Line:1004453:LOC"]}}, {"type": "Feature", "geometry": {"type": "Point", "coordinates": [0.08648, 49.37233]}, "properties": {"stop_id": "FR:14715:ZE:1153556:ATOUMOD040", "stop_name": "Tamaris", "route_ids": ["ATOUMOD040:Line:1004453:LOC"]}}, {"type": "Feature", "geometry": {"type": "Point", "coordinates": [0.0865, 49.37238]}, "properties": {"stop_id": "FR:14715:ZE:1153557:ATOUMOD040", "stop_name": "Tamaris", "route_ids": ["ATOUMOD040:Line:1004453:LOC"]}}, {"type": "Feature", "geometry": {"type": "Point", "coordinates": [0.09009, 49.35831]}, "properties": {"stop_id": "FR:14715:ZE:1153560:ATOUMOD040", "stop_name": "Avenue du Général de Gaulle", "route_ids": ["ATOUMOD040:Line:1004453:LOC"]}}, {"type": "Feature", "geometry": {"type": "Point", "coordinates": [0.09062, 49.35909]}, "properties": {"stop_id": "FR:14715:ZE:1153561:ATOUMOD040", "stop_name": "Maison de retraite", "route_ids": ["ATOUMOD040:Line:1004453:LOC"]}}, {"type": "Feature", "geometry": {"type": "Point", "coordinates": [0.11865, 49.3709]}, "properties": {"stop_id": "FR:14715:ZE:1153562:ATOUMOD040", "stop_name": "Cité Jardin", "route_ids": ["ATOUMOD040:Line:1004453:LOC", "ATOUMOD040:Line:1004451:LOC"]}}, {"type": "Feature", "geometry": {"type": "Point", "coordinates": [0.116665, 49.370141]}, "properties": {"stop_id": "FR:14715:ZE:1179674:ATOUMOD040", "stop_name": "Cité Jardin", "route_ids": ["ATOUMOD040:Line:1004451:LOC"]}}, {"type": "Feature", "geometry": {"type": "Point", "coordinates": [0.11542, 49.37677]}, "properties": {"stop_id": "FR:14715:ZE:1153564:ATOUMOD040", "stop_name": "Zone d'activités Les Aubets", "route_ids": ["ATOUMOD040:Line:1004453:LOC"]}}, {"type": "Feature", "geometry": {"type": "Point", "coordinates": [0.1118, 49.37948]}, "properties": {"stop_id": "FR:14715:ZE:1153566:ATOUMOD040", "stop_name": "Les Aubets", "route_ids": ["ATOUMOD040:Line:1004453:LOC"]}}, {"type": "Feature", "geometry": {"type": "Point", "coordinates": [0.10368, 49.37688]}, "properties": {"stop_id": "FR:14715:ZE:1153568:ATOUMOD040", "stop_name": "Ecole Delamarre", "route_ids": ["ATOUMOD040:Line:1004453:LOC"]}}, {"type": "Feature", "geometry": {"type": "Point", "coordinates": [0.0841, 49.36489]}, "properties": {"stop_id": "FR:14715:ZE:1153569:ATOUMOD040", "stop_name": "Eglise Notre-Dame", "route_ids": ["ATOUMOD040:Line:1004453:LOC"]}}, {"type": "Feature", "geometry": {"type": "Point", "coordinates": [0.08406, 49.36491]}, "properties": {"stop_id": "FR:14715:ZE:1153570:ATOUMOD040", "stop_name": "Eglise Notre-Dame", "route_ids": ["ATOUMOD040:Line:1004453:LOC"]}}, {"type": "Feature", "geometry": {"type": "Point", "coordinates": [0.08482, 49.36918]}, "properties": {"stop_id": "FR:14715:ZE:1153571:ATOUMOD040", "stop_name": "Parc Cordier", "route_ids": ["ATOUMOD040:Line:1004453:LOC"]}}, {"type": "Feature", "geometry": {"type": "Point", "coordinates": [0.08994, 49.37149]}, "properties": {"stop_id": "FR:14715:ZE:1153572:ATOUMOD040", "stop_name": "Chemin des Frémonts", "route_ids": ["ATOUMOD040:Line:1004453:LOC"]}}, {"type": "Feature", "geometry": {"type": "Point", "coordinates": [0.09191, 49.3753]}, "properties": {"stop_id": "FR:14715:ZE:1153573:ATOUMOD040", "stop_name": "Prémanoir", "route_ids": ["ATOUMOD040:Line:1004453:LOC"]}}, {"type": "Feature", "geometry": {"type": "Point", "coordinates": [0.07925, 49.36575]}, "properties": {"stop_id": "FR:14715:ZE:1153574:ATOUMOD040", "stop_name": "Plage Casino", "route_ids": ["ATOUMOD040:Line:1004453:LOC"]}}, {"type": "Feature", "geometry": {"type": "Point", "coordinates": [0.115729, 49.369582]}, "properties": {"stop_id": "FR:14715:ZE:1172209:ATOUMOD040", "stop_name": "Les Prés Clairs", "route_ids": ["ATOUMOD040:Line:1004453:LOC"]}}, {"type": "Feature", "geometry": {"type": "Point", "coordinates": [0.09174, 49.35599]}, "properties": {"stop_id": "FR:14715:ZE:1153579:ATOUMOD040", "stop_name": "Quai de la Touques", "route_ids": ["ATOUMOD040:Line:1004453:LOC"]}}, {"type": "Feature", "geometry": {"type": "Point", "coordinates": [-0.50246, 49.13174]}, "properties": {"stop_id": "FR:14707:ZE:1153586:ATOUMOD040", "stop_name": "Val d'Odon", "route_ids": ["ATOUMOD040:Line:1004477:LOC"]}}, {"type": "Feature", "geometry": {"type": "Point", "coordinates": [-0.50247, 49.13178]}, "properties": {"stop_id": "FR:14707:ZE:1153587:ATOUMOD040", "stop_name": "Val d'Odon", "route_ids": ["ATOUMOD040:Line:1004477:LOC"]}}, {"type": "Feature", "geometry": {"type": "Point", "coordinates": [-0.50763, 49.13977]}, "properties": {"stop_id": "FR:14707:ZE:1153588:ATOUMOD040", "stop_name": "Pressoir", "route_ids": ["ATOUMOD040:Line:1004455:LOC", "ATOUMOD040:Line:1004477:LOC"]}}, {"type": "Feature", "geometry": {"type": "Point", "coordinates": [-0.50745, 49.13993]}, "properties": {"stop_id": "FR:14707:ZE:1153589:ATOUMOD040", "stop_name": "Pressoir", "route_ids": ["ATOUMOD040:Line:1004455:LOC", "ATOUMOD040:Line:1004477:LOC"]}}, {"type": "Feature", "geometry": {"type": "Point", "coordinates": [-0.50324, 49.14088]}, "properties": {"stop_id": "FR:14707:ZE:1153590:ATOUMOD040", "stop_name": "Tourville Centre", "route_ids": ["ATOUMOD040:Line:1004455:LOC", "ATOUMOD040:Line:1004477:LOC"]}}, {"type": "Feature", "geometry": {"type": "Point", "coordinates": [-0.50339, 49.14078]}, "properties": {"stop_id": "FR:14707:ZE:1153591:ATOUMOD040", "stop_name": "Tourville Centre", "route_ids": ["ATOUMOD040:Line:1004455:LOC", "ATOUMOD040:Line:1004477:LOC"]}}, {"type": "Feature", "geometry": {"type": "Point", "coordinates": [-0.294217, 49.026078]}, "properties": {"stop_id": "FR:14719:ZE:1153594:ATOUMOD040", "stop_name": "Urville", "route_ids": ["ATOUMOD040:Line:1004448:LOC"]}}, {"type": "Feature", "geometry": {"type": "Point", "coordinates": [-0.294175, 49.026157]}, "properties": {"stop_id": "FR:14719:ZE:1153595:ATOUMOD040", "stop_name": "Urville", "route_ids": ["ATOUMOD040:Line:1004448:LOC"]}}, {"type": "Feature", "geometry": {"type": "Point", "coordinates": [-0.5225, 49.073066]}, "properties": {"stop_id": "FR:14721:ZE:1153604:ATOUMOD040", "stop_name": "Salle des Fetes", "route_ids": ["ATOUMOD040:Line:1004445:LOC"]}}, {"type": "Feature", "geometry": {"type": "Point", "coordinates": [-0.522247, 49.07285]}, "properties": {"stop_id": "FR:14721:ZE:1177341:ATOUMOD040", "stop_name": "Salle des Fetes", "route_ids": ["ATOUMOD040:Line:1004445:LOC"]}}, {"type": "Feature", "geometry": {"type": "Point", "coordinates": [-0.5097, 49.07063]}, "properties": {"stop_id": "FR:14592:ZE:1153606:ATOUMOD040", "stop_name": "Hameau Longchamp", "route_ids": ["ATOUMOD040:Line:1004445:LOC"]}}, {"type": "Feature", "geometry": {"type": "Point", "coordinates": [-0.54171, 49.0835]}, "properties": {"stop_id": "FR:14721:ZE:1153608:ATOUMOD040", "stop_name": "NEUILLY-LE-MALHERBE - RD8", "route_ids": ["ATOUMOD040:Line:1004445:LOC"]}}, {"type": "Feature", "geometry": {"type": "Point", "coordinates": [-0.54354, 49.08396]}, "properties": {"stop_id": "FR:14721:ZE:1153609:ATOUMOD040", "stop_name": "NEUILLY-LE-MALHERBE - RD8", "route_ids": ["ATOUMOD040:Line:1004445:LOC"]}}, {"type": "Feature", "geometry": {"type": "Point", "coordinates": [-0.16067, 49.25397]}, "properties": {"stop_id": "FR:14724:ZE:1153620:ATOUMOD040", "stop_name": "Varaville", "route_ids": ["ATOUMOD040:Line:1004451:LOC"]}}, {"type": "Feature", "geometry": {"type": "Point", "coordinates": [-0.16065, 49.25384]}, "properties": {"stop_id": "FR:14724:ZE:1153621:ATOUMOD040", "stop_name": "Varaville", "route_ids": ["ATOUMOD040:Line:1004451:LOC"]}}, {"type": "Feature", "geometry": {"type": "Point", "coordinates": [-0.16075, 49.28473]}, "properties": {"stop_id": "FR:14724:ZE:1153622:ATOUMOD040", "stop_name": "Le Home", "route_ids": ["ATOUMOD040:Line:1004451:LOC"]}}, {"type": "Feature", "geometry": {"type": "Point", "coordinates": [-0.16096, 49.28462]}, "properties": {"stop_id": "FR:14724:ZE:1153623:ATOUMOD040", "stop_name": "Le Home", "route_ids": ["ATOUMOD040:Line:1004451:LOC"]}}, {"type": "Feature", "geometry": {"type": "Point", "coordinates": [-0.14448, 49.28493]}, "properties": {"stop_id": "FR:14724:ZE:1153624:ATOUMOD040", "stop_name": "Panorama", "route_ids": ["ATOUMOD040:Line:1004451:LOC"]}}, {"type": "Feature", "geometry": {"type": "Point", "coordinates": [-0.14471, 49.2848]}, "properties": {"stop_id": "FR:14724:ZE:1153625:ATOUMOD040", "stop_name": "Panorama", "route_ids": ["ATOUMOD040:Line:1004451:LOC"]}}, {"type": "Feature", "geometry": {"type": "Point", "coordinates": [-0.625181, 49.249127]}, "properties": {"stop_id": "FR:14135:ZE:1153645:ATOUMOD040", "stop_name": "Vieux Pont", "route_ids": ["ATOUMOD040:Line:1004454:LOC"]}}, {"type": "Feature", "geometry": {"type": "Point", "coordinates": [-0.62531, 49.2493]}, "properties": {"stop_id": "FR:14733:ZE:1153646:ATOUMOD040", "stop_name": "Vieux Pont", "route_ids": ["ATOUMOD040:Line:1004454:LOC"]}}, {"type": "Feature", "geometry": {"type": "Point", "coordinates": [-0.529626, 49.331312]}, "properties": {"stop_id": "FR:14739:ZE:1153647:ATOUMOD040", "stop_name": "Eglise", "route_ids": ["ATOUMOD040:Line:1004440:LOC", "ATOUMOD040:Line:1004465:LOC"]}}, {"type": "Feature", "geometry": {"type": "Point", "coordinates": [-0.52968, 49.33143]}, "properties": {"stop_id": "FR:14739:ZE:1153648:ATOUMOD040", "stop_name": "Eglise", "route_ids": ["ATOUMOD040:Line:1004440:LOC", "ATOUMOD040:Line:1004465:LOC"]}}, {"type": "Feature", "geometry": {"type": "Point", "coordinates": [-0.514605, 49.343177]}, "properties": {"stop_id": "FR:14739:ZE:1153649:ATOUMOD040", "stop_name": "Plage", "route_ids": ["ATOUMOD040:Line:1004440:LOC", "ATOUMOD040:Line:1010148:LOC", "ATOUMOD040:Line:1004465:LOC"]}}, {"type": "Feature", "geometry": {"type": "Point", "coordinates": [-0.514679, 49.343262]}, "properties": {"stop_id": "FR:14739:ZE:1153650:ATOUMOD040", "stop_name": "Plage", "route_ids": ["ATOUMOD040:Line:1004465:LOC", "ATOUMOD040:Line:1004440:LOC", "ATOUMOD040:Line:1010148:LOC"]}}, {"type": "Feature", "geometry": {"type": "Point", "coordinates": [-0.526722, 49.341765]}, "properties": {"stop_id": "FR:14739:ZE:1153651:ATOUMOD040", "stop_name": "Goelands", "route_ids": ["ATOUMOD040:Line:1004440:LOC", "ATOUMOD040:Line:1004465:LOC", "ATOUMOD040:Line:1010148:LOC"]}}, {"type": "Feature", "geometry": {"type": "Point", "coordinates": [-0.527178, 49.341751]}, "properties": {"stop_id": "FR:14739:ZE:1153652:ATOUMOD040", "stop_name": "Goelands", "route_ids": ["ATOUMOD040:Line:1004440:LOC", "ATOUMOD040:Line:1004465:LOC", "ATOUMOD040:Line:1010148:LOC"]}}, {"type": "Feature", "geometry": {"type": "Point", "coordinates": [-0.527029, 49.336929]}, "properties": {"stop_id": "FR:14739:ZE:1153653:ATOUMOD040", "stop_name": "Paul Poret", "route_ids": ["ATOUMOD040:Line:1004440:LOC", "ATOUMOD040:Line:1004465:LOC"]}}, {"type": "Feature", "geometry": {"type": "Point", "coordinates": [-0.526945, 49.336875]}, "properties": {"stop_id": "FR:14739:ZE:1153654:ATOUMOD040", "stop_name": "Paul Poret", "route_ids": ["ATOUMOD040:Line:1004465:LOC", "ATOUMOD040:Line:1010148:LOC", "ATOUMOD040:Line:1004440:LOC"]}}, {"type": "Feature", "geometry": {"type": "Point", "coordinates": [-0.44865, 49.1563]}, "properties": {"stop_id": "FR:14738:ZE:1153663:ATOUMOD040", "stop_name": "Verson Centre", "route_ids": ["ATOUMOD040:Line:1004444:LOC"]}}, {"type": "Feature", "geometry": {"type": "Point", "coordinates": [-0.4486, 49.15635]}, "properties": {"stop_id": "FR:14738:ZE:1153664:ATOUMOD040", "stop_name": "Verson Centre", "route_ids": ["ATOUMOD040:Line:1004444:LOC"]}}, {"type": "Feature", "geometry": {"type": "Point", "coordinates": [-0.45588, 49.15648]}, "properties": {"stop_id": "FR:14738:ZE:1153666:ATOUMOD040", "stop_name": "College Jacques Prévert", "route_ids": ["ATOUMOD040:Line:1004444:LOC"]}}, {"type": "Feature", "geometry": {"type": "Point", "coordinates": [-0.46747, 49.15086]}, "properties": {"stop_id": "FR:14738:ZE:1153667:ATOUMOD040", "stop_name": "Grand Bois", "route_ids": ["ATOUMOD040:Line:1004444:LOC"]}}, {"type": "Feature", "geometry": {"type": "Point", "coordinates": [-0.468185, 49.150744]}, "properties": {"stop_id": "FR:14738:ZE:1153668:ATOUMOD040", "stop_name": "Grand Bois", "route_ids": ["ATOUMOD040:Line:1004444:LOC"]}}, {"type": "Feature", "geometry": {"type": "Point", "coordinates": [-0.456432, 49.154032]}, "properties": {"stop_id": "FR:14738:ZE:1153669:ATOUMOD040", "stop_name": "Saint-Manvieu", "route_ids": ["ATOUMOD040:Line:1004444:LOC"]}}, {"type": "Feature", "geometry": {"type": "Point", "coordinates": [-0.456778, 49.154046]}, "properties": {"stop_id": "FR:14738:ZE:1153670:ATOUMOD040", "stop_name": "Saint-Manvieu", "route_ids": ["ATOUMOD040:Line:1004444:LOC", "ATOUMOD040:Line:1004477:LOC"]}}, {"type": "Feature", "geometry": {"type": "Point", "coordinates": [-0.4708, 49.14987]}, "properties": {"stop_id": "FR:14738:ZE:1153671:ATOUMOD040", "stop_name": "Rond Point", "route_ids": ["ATOUMOD040:Line:1004455:LOC", "ATOUMOD040:Line:1004477:LOC"]}}, {"type": "Feature", "geometry": {"type": "Point", "coordinates": [-0.47145, 49.14979]}, "properties": {"stop_id": "FR:14738:ZE:1153672:ATOUMOD040", "stop_name": "Rond Point", "route_ids": ["ATOUMOD040:Line:1004455:LOC", "ATOUMOD040:Line:1004477:LOC"]}}, {"type": "Feature", "geometry": {"type": "Point", "coordinates": [-0.462029, 49.152413]}, "properties": {"stop_id": "FR:14738:ZE:1153673:ATOUMOD040", "stop_name": "Hameau Foulon", "route_ids": ["ATOUMOD040:Line:1004444:LOC"]}}, {"type": "Feature", "geometry": {"type": "Point", "coordinates": [-0.462199, 49.152471]}, "properties": {"stop_id": "FR:14738:ZE:1153674:ATOUMOD040", "stop_name": "Hameau Foulon", "route_ids": ["ATOUMOD040:Line:1004444:LOC"]}}, {"type": "Feature", "geometry": {"type": "Point", "coordinates": [-0.44295, 49.15795]}, "properties": {"stop_id": "FR:14738:ZE:1153675:ATOUMOD040", "stop_name": "Les Pommiers", "route_ids": ["ATOUMOD040:Line:1004444:LOC"]}}, {"type": "Feature", "geometry": {"type": "Point", "coordinates": [-0.44269, 49.1581]}, "properties": {"stop_id": "FR:14738:ZE:1153676:ATOUMOD040", "stop_name": "Les Pommiers", "route_ids": ["ATOUMOD040:Line:1004444:LOC"]}}, {"type": "Feature", "geometry": {"type": "Point", "coordinates": [-0.45241, 49.15523]}, "properties": {"stop_id": "FR:14738:ZE:1153677:ATOUMOD040", "stop_name": "Loup Pendu", "route_ids": ["ATOUMOD040:Line:1004444:LOC"]}}, {"type": "Feature", "geometry": {"type": "Point", "coordinates": [-0.45246, 49.15527]}, "properties": {"stop_id": "FR:14738:ZE:1153678:ATOUMOD040", "stop_name": "Loup Pendu", "route_ids": ["ATOUMOD040:Line:1004444:LOC"]}}, {"type": "Feature", "geometry": {"type": "Point", "coordinates": [-0.47184, 49.15461]}, "properties": {"stop_id": "FR:14738:ZE:1153679:ATOUMOD040", "stop_name": "Avenue du Parc", "route_ids": ["ATOUMOD040:Line:1004444:LOC"]}}, {"type": "Feature", "geometry": {"type": "Point", "coordinates": [-0.47374, 49.15062]}, "properties": {"stop_id": "FR:14454:ZE:1153681:ATOUMOD040", "stop_name": "Odon", "route_ids": ["ATOUMOD040:Line:1004444:LOC"]}}, {"type": "Feature", "geometry": {"type": "Point", "coordinates": [-0.47208, 49.15228]}, "properties": {"stop_id": "FR:14738:ZE:1153683:ATOUMOD040", "stop_name": "Avenir", "route_ids": ["ATOUMOD040:Line:1004444:LOC"]}}, {"type": "Feature", "geometry": {"type": "Point", "coordinates": [-0.40833, 49.24025]}, "properties": {"stop_id": "FR:14758:ZE:1153691:ATOUMOD040", "stop_name": "Villons Centre", "route_ids": ["ATOUMOD040:Line:1004441:LOC"]}}, {"type": "Feature", "geometry": {"type": "Point", "coordinates": [-0.40825, 49.24022]}, "properties": {"stop_id": "FR:14758:ZE:1153692:ATOUMOD040", "stop_name": "Villons Centre", "route_ids": ["ATOUMOD040:Line:1004441:LOC"]}}, {"type": "Feature", "geometry": {"type": "Point", "coordinates": [-0.41369, 49.23354]}, "properties": {"stop_id": "FR:14758:ZE:1153693:ATOUMOD040", "stop_name": "Coopérative", "route_ids": ["ATOUMOD040:Line:1004441:LOC"]}}, {"type": "Feature", "geometry": {"type": "Point", "coordinates": [-0.41359, 49.23348]}, "properties": {"stop_id": "FR:14758:ZE:1153694:ATOUMOD040", "stop_name": "Coopérative", "route_ids": ["ATOUMOD040:Line:1004441:LOC"]}}, {"type": "Feature", "geometry": {"type": "Point", "coordinates": [-0.433, 49.10918]}, "properties": {"stop_id": "FR:14747:ZE:1153709:ATOUMOD040", "stop_name": "Rue du 13 juin 1944", "route_ids": ["ATOUMOD040:Line:1004446:LOC"]}}, {"type": "Feature", "geometry": {"type": "Point", "coordinates": [-0.43313, 49.10925]}, "properties": {"stop_id": "FR:14747:ZE:1153710:ATOUMOD040", "stop_name": "Rue du 13 juin 1944", "route_ids": ["ATOUMOD040:Line:1004446:LOC"]}}, {"type": "Feature", "geometry": {"type": "Point", "coordinates": [-0.427538, 49.111285]}, "properties": {"stop_id": "FR:14747:ZE:1153711:ATOUMOD040", "stop_name": "Musée archéologique", "route_ids": ["ATOUMOD040:Line:1004446:LOC"]}}, {"type": "Feature", "geometry": {"type": "Point", "coordinates": [-0.427297, 49.111394]}, "properties": {"stop_id": "FR:14747:ZE:1153712:ATOUMOD040", "stop_name": "Musée archéologique", "route_ids": ["ATOUMOD040:Line:1004446:LOC"]}}, {"type": "Feature", "geometry": {"type": "Point", "coordinates": [-0.65481, 49.08063]}, "properties": {"stop_id": "FR:14752:ZE:1153715:ATOUMOD040", "stop_name": "Eglise", "route_ids": ["ATOUMOD040:Line:1004455:LOC", "ATOUMOD040:Line:1004477:LOC"]}}, {"type": "Feature", "geometry": {"type": "Point", "coordinates": [-0.65506, 49.08067]}, "properties": {"stop_id": "FR:14752:ZE:1153716:ATOUMOD040", "stop_name": "Eglise", "route_ids": ["ATOUMOD040:Line:1004455:LOC", "ATOUMOD040:Line:1004477:LOC"]}}, {"type": "Feature", "geometry": {"type": "Point", "coordinates": [-0.64439, 49.08372]}, "properties": {"stop_id": "FR:14752:ZE:1153717:ATOUMOD040", "stop_name": "Calvaire", "route_ids": ["ATOUMOD040:Line:1004455:LOC", "ATOUMOD040:Line:1004477:LOC"]}}, {"type": "Feature", "geometry": {"type": "Point", "coordinates": [-0.64698, 49.08262]}, "properties": {"stop_id": "FR:14752:ZE:1153718:ATOUMOD040", "stop_name": "Calvaire", "route_ids": ["ATOUMOD040:Line:1004455:LOC", "ATOUMOD040:Line:1004477:LOC"]}}, {"type": "Feature", "geometry": {"type": "Point", "coordinates": [-0.65928, 49.0773]}, "properties": {"stop_id": "FR:14752:ZE:1153719:ATOUMOD040", "stop_name": "Route d'Aunay", "route_ids": ["ATOUMOD040:Line:1004455:LOC", "ATOUMOD040:Line:1004477:LOC"]}}, {"type": "Feature", "geometry": {"type": "Point", "coordinates": [-0.6594, 49.07723]}, "properties": {"stop_id": "FR:14752:ZE:1153720:ATOUMOD040", "stop_name": "Route d'Aunay", "route_ids": ["ATOUMOD040:Line:1004455:LOC", "ATOUMOD040:Line:1004477:LOC"]}}, {"type": "Feature", "geometry": {"type": "Point", "coordinates": [-0.888514, 48.83995]}, "properties": {"stop_id": "FR:14762:ZE:1153731:ATOUMOD040", "stop_name": "VIRE - Champ de Foire", "route_ids": ["ATOUMOD040:Line:1002036:LOC", "ATOUMOD040:Line:1004455:LOC"]}}, {"type": "Feature", "geometry": {"type": "Point", "coordinates": [-0.85951, 48.87902]}, "properties": {"stop_id": "FR:14762:ZE:1153733:ATOUMOD040", "stop_name": "VIRE - Champ de Tracy", "route_ids": ["ATOUMOD040:Line:1004455:LOC"]}}, {"type": "Feature", "geometry": {"type": "Point", "coordinates": [-0.85902, 48.8793]}, "properties": {"stop_id": "FR:14762:ZE:1153734:ATOUMOD040", "stop_name": "VIRE - Champ de Tracy", "route_ids": ["ATOUMOD040:Line:1004455:LOC"]}}, {"type": "Feature", "geometry": {"type": "Point", "coordinates": [-0.883792, 48.846102]}, "properties": {"stop_id": "FR:14762:ZE:1153735:ATOUMOD040", "stop_name": "VIRE - Gare Sncf", "route_ids": ["ATOUMOD040:Line:1002036:LOC", "ATOUMOD040:Line:1004455:LOC"]}}, {"type": "Feature", "geometry": {"type": "Point", "coordinates": [-0.87199, 48.86609]}, "properties": {"stop_id": "FR:14762:ZE:1153737:ATOUMOD040", "stop_name": "VIRE - La Papillonniere", "route_ids": ["ATOUMOD040:Line:1004455:LOC"]}}, {"type": "Feature", "geometry": {"type": "Point", "coordinates": [-0.87176, 48.86594]}, "properties": {"stop_id": "FR:14762:ZE:1153738:ATOUMOD040", "stop_name": "VIRE - La Papillonniere", "route_ids": ["ATOUMOD040:Line:1004455:LOC"]}}, {"type": "Feature", "geometry": {"type": "Point", "coordinates": [-0.87957, 48.85403]}, "properties": {"stop_id": "FR:14762:ZE:1153739:ATOUMOD040", "stop_name": "VIRE - La Planche", "route_ids": ["ATOUMOD040:Line:1004455:LOC"]}}, {"type": "Feature", "geometry": {"type": "Point", "coordinates": [-0.87934, 48.85423]}, "properties": {"stop_id": "FR:14762:ZE:1153740:ATOUMOD040", "stop_name": "VIRE - La Planche", "route_ids": ["ATOUMOD040:Line:1004455:LOC"]}}, {"type": "Feature", "geometry": {"type": "Point", "coordinates": [-0.87907, 48.838486]}, "properties": {"stop_id": "FR:14762:ZE:1153741:ATOUMOD040", "stop_name": "VIRE - Lycée Jean Mermoz", "route_ids": ["ATOUMOD040:Line:1004455:LOC"]}}, {"type": "Feature", "geometry": {"type": "Point", "coordinates": [-0.86201, 48.88043]}, "properties": {"stop_id": "FR:14762:ZE:1153743:ATOUMOD040", "stop_name": "VIRE - Lycée agricole", "route_ids": ["ATOUMOD040:Line:1004455:LOC"]}}, {"type": "Feature", "geometry": {"type": "Point", "coordinates": [-0.86205, 48.88037]}, "properties": {"stop_id": "FR:14762:ZE:1153744:ATOUMOD040", "stop_name": "VIRE - Lycée agricole", "route_ids": ["ATOUMOD040:Line:1004455:LOC"]}}, {"type": "Feature", "geometry": {"type": "Point", "coordinates": [0.13105, 49.40097]}, "properties": {"stop_id": "FR:14755:ZE:1153757:ATOUMOD040", "stop_name": "Parking des Tennis", "route_ids": ["ATOUMOD040:Line:1004451:LOC"]}}, {"type": "Feature", "geometry": {"type": "Point", "coordinates": [-0.0067, 49.32053]}, "properties": {"stop_id": "FR:14754:ZE:1153759:ATOUMOD040", "stop_name": "Eglise", "route_ids": ["ATOUMOD040:Line:1004451:LOC"]}}, {"type": "Feature", "geometry": {"type": "Point", "coordinates": [-0.00331, 49.32152]}, "properties": {"stop_id": "FR:14754:ZE:1153760:ATOUMOD040", "stop_name": "Avenue Brigade Piron", "route_ids": ["ATOUMOD040:Line:1004451:LOC"]}}, {"type": "Feature", "geometry": {"type": "Point", "coordinates": [0.00638, 49.32765]}, "properties": {"stop_id": "FR:14754:ZE:1153761:ATOUMOD040", "stop_name": "Plage", "route_ids": ["ATOUMOD040:Line:1004451:LOC"]}}, {"type": "Feature", "geometry": {"type": "Point", "coordinates": [0.00666, 49.32791]}, "properties": {"stop_id": "FR:14754:ZE:1153762:ATOUMOD040", "stop_name": "Plage", "route_ids": ["ATOUMOD040:Line:1004451:LOC"]}}, {"type": "Feature", "geometry": {"type": "Point", "coordinates": [-0.01259, 49.31294]}, "properties": {"stop_id": "FR:14754:ZE:1153763:ATOUMOD040", "stop_name": "Les Hauts de Villers", "route_ids": ["ATOUMOD040:Line:1004451:LOC"]}}, {"type": "Feature", "geometry": {"type": "Point", "coordinates": [-0.01201, 49.31329]}, "properties": {"stop_id": "FR:14754:ZE:1153764:ATOUMOD040", "stop_name": "Les Hauts de Villers", "route_ids": ["ATOUMOD040:Line:1004451:LOC"]}}, {"type": "Feature", "geometry": {"type": "Point", "coordinates": [-0.19817, 49.12224]}, "properties": {"stop_id": "FR:14761:ZE:1153766:ATOUMOD040", "stop_name": "Vimont", "route_ids": ["ATOUMOD040:Line:1004450:LOC", "ATOUMOD040:Line:1004473:LOC"]}}, {"type": "Feature", "geometry": {"type": "Point", "coordinates": [-0.199211, 49.122269]}, "properties": {"stop_id": "FR:14761:ZE:1153767:ATOUMOD040", "stop_name": "Vimont", "route_ids": ["ATOUMOD040:Line:1004450:LOC", "ATOUMOD040:Line:1004473:LOC"]}}, {"type": "Feature", "geometry": {"type": "Point", "coordinates": [-0.904101, 49.374361]}, "properties": {"stop_id": "FR:14745:ZE:1153776:ATOUMOD040", "stop_name": "Mairie", "route_ids": ["ATOUMOD040:Line:1004464:LOC"]}}, {"type": "Feature", "geometry": {"type": "Point", "coordinates": [-0.903621, 49.37434]}, "properties": {"stop_id": "FR:14745:ZE:1153777:ATOUMOD040", "stop_name": "Mairie", "route_ids": ["ATOUMOD040:Line:1004464:LOC"]}}, {"type": "Feature", "geometry": {"type": "Point", "coordinates": [-0.63179, 49.08977]}, "properties": {"stop_id": "FR:14752:ZE:1153778:ATOUMOD040", "stop_name": "Montbrocq", "route_ids": ["ATOUMOD040:Line:1004455:LOC", "ATOUMOD040:Line:1004477:LOC"]}}, {"type": "Feature", "geometry": {"type": "Point", "coordinates": [-0.6328, 49.08939]}, "properties": {"stop_id": "FR:14752:ZE:1153779:ATOUMOD040", "stop_name": "Montbrocq", "route_ids": ["ATOUMOD040:Line:1004455:LOC", "ATOUMOD040:Line:1004477:LOC"]}}, {"type": "Feature", "geometry": {"type": "Point", "coordinates": [-0.62594, 49.09255]}, "properties": {"stop_id": "FR:14491:ZE:1153780:ATOUMOD040", "stop_name": "Antenne Relais", "route_ids": ["ATOUMOD040:Line:1004455:LOC", "ATOUMOD040:Line:1004477:LOC"]}}, {"type": "Feature", "geometry": {"type": "Point", "coordinates": [-0.62632, 49.09251]}, "properties": {"stop_id": "FR:14760:ZE:1153781:ATOUMOD040", "stop_name": "Antenne Relais", "route_ids": ["ATOUMOD040:Line:1004455:LOC", "ATOUMOD040:Line:1004477:LOC"]}}, {"type": "Feature", "geometry": {"type": "Point", "coordinates": [0.892403, 49.356451]}, "properties": {"stop_id": "FR:27580:ZE:1155501:ATOUMOD040", "stop_name": "RD675 - Mairie", "route_ids": ["ATOUMOD040:Line:1006959:LOC", "ATOUMOD040:Line:1003275:LOC"]}}, {"type": "Feature", "geometry": {"type": "Point", "coordinates": [1.46764, 49.398189]}, "properties": {"stop_id": "FR:27377:ZE:1155661:ATOUMOD040", "stop_name": "Eglise via RD6", "route_ids": ["ATOUMOD040:Line:1003296:LOC"]}}, {"type": "Feature", "geometry": {"type": "Point", "coordinates": [-0.338099, 48.986489]}, "properties": {"stop_id": "FR:14455:ZE:1156108:ATOUMOD040", "stop_name": "Moulines", "route_ids": ["ATOUMOD040:Line:1004448:LOC"]}}, {"type": "Feature", "geometry": {"type": "Point", "coordinates": [1.246746, 49.82794]}, "properties": {"stop_id": "FR:76288:ZE:1157168:ATOUMOD040", "stop_name": "Freulleville", "route_ids": ["ATOUMOD040:Line:1006919:LOC"]}}, {"type": "Feature", "geometry": {"type": "Point", "coordinates": [1.246959, 49.827697]}, "properties": {"stop_id": "FR:76288:ZE:1171471:ATOUMOD040", "stop_name": "Freulleville", "route_ids": ["ATOUMOD040:Line:1006919:LOC"]}}, {"type": "Feature", "geometry": {"type": "Point", "coordinates": [1.071977, 49.411973]}, "properties": {"stop_id": "FR:76498:ZE:1157210:ATOUMOD040", "stop_name": "Stade Robert Diochon", "route_ids": ["ATOUMOD040:Line:1006959:LOC"]}}, {"type": "Feature", "geometry": {"type": "Point", "coordinates": [1.073183, 49.41236]}, "properties": {"stop_id": "FR:76681:ZE:1180411:ATOUMOD040", "stop_name": "Stade Robert Diochon", "route_ids": ["ATOUMOD040:Line:1006959:LOC"]}}, {"type": "Feature", "geometry": {"type": "Point", "coordinates": [1.057997, 49.392303]}, "properties": {"stop_id": "FR:76497:ZE:1157212:ATOUMOD040", "stop_name": "Zénith - Parc Expo", "route_ids": ["ATOUMOD040:Line:1006959:LOC"]}}, {"type": "Feature", "geometry": {"type": "Point", "coordinates": [1.058427, 49.392152]}, "properties": {"stop_id": "FR:76497:ZE:1171827:ATOUMOD040", "stop_name": "Zénith - Parc Expo", "route_ids": ["ATOUMOD040:Line:1006959:LOC"]}}, {"type": "Feature", "geometry": {"type": "Point", "coordinates": [0.932078, 49.345091]}, "properties": {"stop_id": "FR:76131:ZE:1157214:ATOUMOD040", "stop_name": "LA LONDE - Maison Brulée (RD 675)", "route_ids": ["ATOUMOD040:Line:1006959:LOC"]}}, {"type": "Feature", "geometry": {"type": "Point", "coordinates": [0.587751, 49.34292]}, "properties": {"stop_id": "FR:27174:ZE:1157216:ATOUMOD040", "stop_name": "RD675", "route_ids": ["ATOUMOD040:Line:1006959:LOC"]}}, {"type": "Feature", "geometry": {"type": "Point", "coordinates": [0.721782, 49.764036]}, "properties": {"stop_id": "FR:76653:ZE:1157808:ATOUMOD040", "stop_name": "Carrefour D53 x D250", "route_ids": ["ATOUMOD040:Line:1006899:LOC"]}}, {"type": "Feature", "geometry": {"type": "Point", "coordinates": [0.707811, 49.822828]}, "properties": {"stop_id": "FR:76467:ZE:1157810:ATOUMOD040", "stop_name": "Les Broussailles (Grande Rue)", "route_ids": ["ATOUMOD040:Line:1006899:LOC"]}}, {"type": "Feature", "geometry": {"type": "Point", "coordinates": [0.860668, 49.471135]}, "properties": {"stop_id": "FR:76222:ZE:1157854:ATOUMOD040", "stop_name": "Route du Halage", "route_ids": ["ATOUMOD040:Line:1003061:LOC"]}}, {"type": "Feature", "geometry": {"type": "Point", "coordinates": [0.860546, 49.471124]}, "properties": {"stop_id": "FR:76222:ZE:1174790:ATOUMOD040", "stop_name": "Route du Halage", "route_ids": ["ATOUMOD040:Line:1003061:LOC"]}}, {"type": "Feature", "geometry": {"type": "Point", "coordinates": [0.600073, 49.094312]}, "properties": {"stop_id": "FR:27056:ZE:1157868:ATOUMOD040", "stop_name": "Sainte Croix cimetiere", "route_ids": ["ATOUMOD040:Line:1003295:LOC"]}}, {"type": "Feature", "geometry": {"type": "Point", "coordinates": [1.725585, 49.479583]}, "properties": {"stop_id": "FR:76312:ZE:1157952:ATOUMOD040", "stop_name": "Félix Faure", "route_ids": ["ATOUMOD040:Line:1006919:LOC"]}}, {"type": "Feature", "geometry": {"type": "Point", "coordinates": [1.725728, 49.479521]}, "properties": {"stop_id": "FR:76312:ZE:1175129:ATOUMOD040", "stop_name": "Félix Faure", "route_ids": ["ATOUMOD040:Line:1006919:LOC"]}}, {"type": "Feature", "geometry": {"type": "Point", "coordinates": [1.769629, 49.359394]}, "properties": {"stop_id": "FR:60616:ZE:1157956:ATOUMOD040", "stop_name": "Stade", "route_ids": ["ATOUMOD040:Line:1006919:LOC"]}}, {"type": "Feature", "geometry": {"type": "Point", "coordinates": [1.769782, 49.359599]}, "properties": {"stop_id": "FR:60616:ZE:1175894:ATOUMOD040", "stop_name": "Stade", "route_ids": ["ATOUMOD040:Line:1006919:LOC"]}}, {"type": "Feature", "geometry": {"type": "Point", "coordinates": [1.77268, 49.354712]}, "properties": {"stop_id": "FR:60616:ZE:1157958:ATOUMOD040", "stop_name": "Parc Jacques Duclos", "route_ids": ["ATOUMOD040:Line:1006919:LOC"]}}, {"type": "Feature", "geometry": {"type": "Point", "coordinates": [1.772829, 49.354815]}, "properties": {"stop_id": "FR:60616:ZE:1175893:ATOUMOD040", "stop_name": "Parc Jacques Duclos", "route_ids": ["ATOUMOD040:Line:1006919:LOC"]}}, {"type": "Feature", "geometry": {"type": "Point", "coordinates": [1.774125, 49.348543]}, "properties": {"stop_id": "FR:60616:ZE:1157960:ATOUMOD040", "stop_name": "La Vigne", "route_ids": ["ATOUMOD040:Line:1006919:LOC"]}}, {"type": "Feature", "geometry": {"type": "Point", "coordinates": [1.774213, 49.348135]}, "properties": {"stop_id": "FR:60616:ZE:1175892:ATOUMOD040", "stop_name": "La Vigne", "route_ids": ["ATOUMOD040:Line:1006919:LOC"]}}, {"type": "Feature", "geometry": {"type": "Point", "coordinates": [1.775382, 49.329844]}, "properties": {"stop_id": "FR:60616:ZE:1157962:ATOUMOD040", "stop_name": "Droittecourt", "route_ids": ["ATOUMOD040:Line:1006919:LOC"]}}, {"type": "Feature", "geometry": {"type": "Point", "coordinates": [1.775568, 49.329695]}, "properties": {"stop_id": "FR:60616:ZE:1175891:ATOUMOD040", "stop_name": "Droittecourt", "route_ids": ["ATOUMOD040:Line:1006919:LOC"]}}, {"type": "Feature", "geometry": {"type": "Point", "coordinates": [1.774951, 49.314264]}, "properties": {"stop_id": "FR:60211:ZE:1157964:ATOUMOD040", "stop_name": "Mairie", "route_ids": ["ATOUMOD040:Line:1006919:LOC"]}}, {"type": "Feature", "geometry": {"type": "Point", "coordinates": [1.775024, 49.314386]}, "properties": {"stop_id": "FR:60211:ZE:1175890:ATOUMOD040", "stop_name": "Mairie", "route_ids": ["ATOUMOD040:Line:1006919:LOC"]}}, {"type": "Feature", "geometry": {"type": "Point", "coordinates": [0.876808, 49.48146]}, "properties": {"stop_id": "FR:76222:ZE:1177195:ATOUMOD040", "stop_name": "Cale du Bac", "route_ids": ["ATOUMOD040:Line:1003061:LOC"]}}, {"type": "Feature", "geometry": {"type": "Point", "coordinates": [0.877284, 49.481651]}, "properties": {"stop_id": "FR:76222:ZE:1177196:ATOUMOD040", "stop_name": "Cale du Bac", "route_ids": ["ATOUMOD040:Line:1003061:LOC"]}}, {"type": "Feature", "geometry": {"type": "Point", "coordinates": [0.596636, 49.60863]}, "properties": {"stop_id": "FR:76279:ZE:1158617:ATOUMOD040", "stop_name": "Gare", "route_ids": ["ATOUMOD040:Line:1003043:LOC"]}}, {"type": "Feature", "geometry": {"type": "Point", "coordinates": [-0.60177, 49.24095]}, "properties": {"stop_id": "FR:14135:ZE:1160879:ATOUMOD040", "stop_name": "Saint Léger", "route_ids": ["ATOUMOD040:Line:1004454:LOC"]}}, {"type": "Feature", "geometry": {"type": "Point", "coordinates": [-0.60152, 49.24111]}, "properties": {"stop_id": "FR:14135:ZE:1160880:ATOUMOD040", "stop_name": "Saint Léger", "route_ids": ["ATOUMOD040:Line:1004454:LOC"]}}, {"type": "Feature", "geometry": {"type": "Point", "coordinates": [-0.62745, 49.17203]}, "properties": {"stop_id": "FR:14692:ZE:1160897:ATOUMOD040", "stop_name": "TILLY-SUR - SEULLES - College", "route_ids": ["ATOUMOD040:Line:1004477:LOC"]}}, {"type": "Feature", "geometry": {"type": "Point", "coordinates": [-0.18956, 48.87124]}, "properties": {"stop_id": "FR:14332:ZE:1161342:ATOUMOD040", "stop_name": "Saint-clair", "route_ids": ["ATOUMOD040:Line:1008231:LOC"]}}, {"type": "Feature", "geometry": {"type": "Point", "coordinates": [0.79849, 48.324385]}, "properties": {"stop_id": "FR:28280:ZE:1162112:ATOUMOD040", "stop_name": "College Public Brossolette", "route_ids": ["ATOUMOD040:Line:1008249:LOC"]}}, {"type": "Feature", "geometry": {"type": "Point", "coordinates": [0.8105, 48.311472]}, "properties": {"stop_id": "FR:28280:ZE:1162116:ATOUMOD040", "stop_name": "Lycée Agricole Privé du Perche", "route_ids": ["ATOUMOD040:Line:1008247:LOC", "ATOUMOD040:Line:1008249:LOC"]}}, {"type": "Feature", "geometry": {"type": "Point", "coordinates": [0.089259, 48.407233]}, "properties": {"stop_id": "FR:72006:ZE:1162172:ATOUMOD040", "stop_name": "Lycée Marguerite de Navarre (Route du Mans)", "route_ids": ["ATOUMOD040:Line:1008221:LOC", "ATOUMOD040:Line:1008223:LOC", "ATOUMOD040:Line:1008245:LOC", "ATOUMOD040:Line:1008249:LOC", "ATOUMOD040:Line:1008247:LOC"]}}, {"type": "Feature", "geometry": {"type": "Point", "coordinates": [0.094559, 48.410838]}, "properties": {"stop_id": "FR:61001:ZE:1162178:ATOUMOD040", "stop_name": "Lycée Professionnel Marechal Leclerc", "route_ids": ["ATOUMOD040:Line:1008223:LOC", "ATOUMOD040:Line:1008245:LOC"]}}, {"type": "Feature", "geometry": {"type": "Point", "coordinates": [0.103175, 48.436083]}, "properties": {"stop_id": "FR:61001:ZE:1162196:ATOUMOD040", "stop_name": "College Public Saint-Exupéry", "route_ids": ["ATOUMOD040:Line:1008245:LOC", "ATOUMOD040:Line:1008221:LOC"]}}, {"type": "Feature", "geometry": {"type": "Point", "coordinates": [0.077422, 48.439402]}, "properties": {"stop_id": "FR:61001:ZE:1162200:ATOUMOD040", "stop_name": "College Public Balzac", "route_ids": ["ATOUMOD040:Line:1008223:LOC"]}}, {"type": "Feature", "geometry": {"type": "Point", "coordinates": [-0.009569, 48.752594]}, "properties": {"stop_id": "FR:61006:ZE:1162216:ATOUMOD040", "stop_name": "Lycée technique Gabriel", "route_ids": ["ATOUMOD040:Line:1008231:LOC", "ATOUMOD040:Line:1008237:LOC", "ATOUMOD040:Line:1008235:LOC"]}}, {"type": "Feature", "geometry": {"type": "Point", "coordinates": [-0.007334, 48.754376]}, "properties": {"stop_id": "FR:61006:ZE:1162230:ATOUMOD040", "stop_name": "College Jean Rostand", "route_ids": ["ATOUMOD040:Line:1008231:LOC", "ATOUMOD040:Line:1008237:LOC", "ATOUMOD040:Line:1008235:LOC"]}}, {"type": "Feature", "geometry": {"type": "Point", "coordinates": [0.566759, 48.368476]}, "properties": {"stop_id": "FR:61038:ZE:1162260:ATOUMOD040", "stop_name": "College Roger Martin du Gard", "route_ids": ["ATOUMOD040:Line:1008249:LOC"]}}, {"type": "Feature", "geometry": {"type": "Point", "coordinates": [-0.642286, 48.592401]}, "properties": {"stop_id": "FR:61145:ZE:1162344:ATOUMOD040", "stop_name": "DOMFRONT - Lycée Auguste Chevalier", "route_ids": ["ATOUMOD040:Line:1008225:LOC", "ATOUMOD040:Line:1008227:LOC"]}}, {"type": "Feature", "geometry": {"type": "Point", "coordinates": [-0.646277, 48.587914]}, "properties": {"stop_id": "FR:61145:ZE:1162346:ATOUMOD040", "stop_name": "DOMFRONT - École Georges Brassens / Jacques Brel", "route_ids": ["ATOUMOD040:Line:1008225:LOC", "ATOUMOD040:Line:1008227:LOC"]}}, {"type": "Feature", "geometry": {"type": "Point", "coordinates": [-0.644887, 48.587442]}, "properties": {"stop_id": "FR:61145:ZE:1162350:ATOUMOD040", "stop_name": "DOMFRONT - College Public Jacques Prévert", "route_ids": ["ATOUMOD040:Line:1008225:LOC", "ATOUMOD040:Line:1008227:LOC"]}}, {"type": "Feature", "geometry": {"type": "Point", "coordinates": [-0.651583, 48.591138]}, "properties": {"stop_id": "FR:61145:ZE:1162354:ATOUMOD040", "stop_name": "DOMFRONT - College Privé Sacré Cour", "route_ids": ["ATOUMOD040:Line:1008225:LOC", "ATOUMOD040:Line:1008227:LOC"]}}, {"type": "Feature", "geometry": {"type": "Point", "coordinates": [-0.516497, 48.664594]}, "properties": {"stop_id": "FR:61163:ZE:1162378:ATOUMOD040", "stop_name": "College Public Charles Léandre", "route_ids": ["ATOUMOD040:Line:1008221:LOC"]}}, {"type": "Feature", "geometry": {"type": "Point", "coordinates": [-0.360466, 48.593367]}, "properties": {"stop_id": "FR:61168:ZE:1162384:ATOUMOD040", "stop_name": "LA FERTE-MACE - Lycée Professionnel Flora Tristan", "route_ids": ["ATOUMOD040:Line:1008221:LOC", "ATOUMOD040:Line:1008223:LOC"]}}, {"type": "Feature", "geometry": {"type": "Point", "coordinates": [-0.359145, 48.585549]}, "properties": {"stop_id": "FR:61168:ZE:1162386:ATOUMOD040", "stop_name": "LA FERTE-MACE - Lycées des Andaines", "route_ids": ["ATOUMOD040:Line:1008221:LOC", "ATOUMOD040:Line:1008223:LOC", "ATOUMOD040:Line:1008225:LOC", "ATOUMOD040:Line:1008229:LOC"]}}, {"type": "Feature", "geometry": {"type": "Point", "coordinates": [-0.349823, 48.598257]}, "properties": {"stop_id": "FR:61168:ZE:1162388:ATOUMOD040", "stop_name": "LA FERTE-MACE - E.R.E.A Pierre-Mendes-France", "route_ids": ["ATOUMOD040:Line:1008223:LOC", "ATOUMOD040:Line:1008221:LOC"]}}, {"type": "Feature", "geometry": {"type": "Point", "coordinates": [0.632466, 48.76284]}, "properties": {"stop_id": "FR:61214:ZE:1162472:ATOUMOD040", "stop_name": "College Françoise Dolto", "route_ids": ["ATOUMOD040:Line:1008241:LOC", "ATOUMOD040:Line:1003304:LOC"]}}, {"type": "Feature", "geometry": {"type": "Point", "coordinates": [0.630073, 48.762731]}, "properties": {"stop_id": "FR:61214:ZE:1162476:ATOUMOD040", "stop_name": "College Privé Foch", "route_ids": ["ATOUMOD040:Line:1008239:LOC", "ATOUMOD040:Line:1008241:LOC", "ATOUMOD040:Line:1008243:LOC"]}}, {"type": "Feature", "geometry": {"type": "Point", "coordinates": [0.55363, 48.513816]}, "properties": {"stop_id": "FR:61293:ZE:1162520:ATOUMOD040", "stop_name": "Lycée Jean Monnet", "route_ids": ["ATOUMOD040:Line:1008243:LOC", "ATOUMOD040:Line:1008247:LOC", "ATOUMOD040:Line:1008251:LOC", "ATOUMOD040:Line:1008253:LOC"]}}, {"type": "Feature", "geometry": {"type": "Point", "coordinates": [0.546428, 48.513469]}, "properties": {"stop_id": "FR:61414:ZE:1162524:ATOUMOD040", "stop_name": "College Emile Chartier", "route_ids": ["ATOUMOD040:Line:1008243:LOC", "ATOUMOD040:Line:1008247:LOC", "ATOUMOD040:Line:1008251:LOC", "ATOUMOD040:Line:1008253:LOC"]}}, {"type": "Feature", "geometry": {"type": "Point", "coordinates": [0.546912, 48.513702]}, "properties": {"stop_id": "FR:61414:ZE:1176578:ATOUMOD040", "stop_name": "College Emile Chartier", "route_ids": ["ATOUMOD040:Line:1008251:LOC"]}}, {"type": "Feature", "geometry": {"type": "Point", "coordinates": [0.544942, 48.523032]}, "properties": {"stop_id": "FR:61293:ZE:1175196:ATOUMOD040", "stop_name": "Etablissement Bignon", "route_ids": ["ATOUMOD040:Line:1008247:LOC", "ATOUMOD040:Line:1008251:LOC", "ATOUMOD040:Line:1008243:LOC"]}}, {"type": "Feature", "geometry": {"type": "Point", "coordinates": [0.901103, 48.541977]}, "properties": {"stop_id": "FR:61230:ZE:1162534:ATOUMOD040", "stop_name": "NEUILLY-SUR-EURE - École Publique", "route_ids": ["ATOUMOD040:Line:1008253:LOC"]}}, {"type": "Feature", "geometry": {"type": "Point", "coordinates": [0.225233, 48.709799]}, "properties": {"stop_id": "FR:61310:ZE:1162538:ATOUMOD040", "stop_name": "NONANT-LE-PIN - Lycée Professionnel Rural Privé", "route_ids": ["ATOUMOD040:Line:1008233:LOC"]}}, {"type": "Feature", "geometry": {"type": "Point", "coordinates": [-0.247992, 48.75942]}, "properties": {"stop_id": "FR:61339:ZE:1162558:ATOUMOD040", "stop_name": "PUTANGES-PONT-ECREPIN - College Public Gaston Lefavrais", "route_ids": ["ATOUMOD040:Line:1008217:LOC"]}}, {"type": "Feature", "geometry": {"type": "Point", "coordinates": [0.782165, 48.426743]}, "properties": {"stop_id": "FR:61345:ZE:1162568:ATOUMOD040", "stop_name": "REMALARD - College Public Paul Harel", "route_ids": ["ATOUMOD040:Line:1008247:LOC"]}}, {"type": "Feature", "geometry": {"type": "Point", "coordinates": [0.171392, 48.593901]}, "properties": {"stop_id": "FR:61464:ZE:1162640:ATOUMOD040", "stop_name": "Lycée Agricole Auguste Loutreuil", "route_ids": ["ATOUMOD040:Line:1008233:LOC"]}}, {"type": "Feature", "geometry": {"type": "Point", "coordinates": [0.172858, 48.595537]}, "properties": {"stop_id": "FR:61464:ZE:1162644:ATOUMOD040", "stop_name": "College Nicolas Jacques Conté", "route_ids": ["ATOUMOD040:Line:1008233:LOC"]}}, {"type": "Feature", "geometry": {"type": "Point", "coordinates": [-0.733417, 48.766078]}, "properties": {"stop_id": "FR:61486:ZE:1162666:ATOUMOD040", "stop_name": "TINCHEBRAY - College Albert Camus", "route_ids": ["ATOUMOD040:Line:1008219:LOC"]}}, {"type": "Feature", "geometry": {"type": "Point", "coordinates": [0.032474, 48.841597]}, "properties": {"stop_id": "FR:61494:ZE:1162682:ATOUMOD040", "stop_name": "École Primaire Sainte Famille", "route_ids": ["ATOUMOD040:Line:1008235:LOC"]}}, {"type": "Feature", "geometry": {"type": "Point", "coordinates": [-0.188659, 48.889932]}, "properties": {"stop_id": "FR:14258:ZE:1162824:ATOUMOD040", "stop_name": "Lycée Professionnel Guibray", "route_ids": ["ATOUMOD040:Line:1008231:LOC"]}}, {"type": "Feature", "geometry": {"type": "Point", "coordinates": [0.093634, 48.410052]}, "properties": {"stop_id": "FR:72308:ZE:1163164:ATOUMOD040", "stop_name": "Route du Mans (3 I.F.A)", "route_ids": ["ATOUMOD040:Line:1008221:LOC"]}}, {"type": "Feature", "geometry": {"type": "Point", "coordinates": [0.098436, 48.400567]}, "properties": {"stop_id": "FR:72308:ZE:1163166:ATOUMOD040", "stop_name": "CFA / ETPN Plaine Saint Gilles", "route_ids": ["ATOUMOD040:Line:1008245:LOC", "ATOUMOD040:Line:1008249:LOC"]}}, {"type": "Feature", "geometry": {"type": "Point", "coordinates": [0.808664, 48.317324]}, "properties": {"stop_id": "FR:28280:ZE:1163198:ATOUMOD040", "stop_name": "Lycée Rémy Belleau", "route_ids": ["ATOUMOD040:Line:1008247:LOC", "ATOUMOD040:Line:1008249:LOC"]}}, {"type": "Feature", "geometry": {"type": "Point", "coordinates": [0.081258, 48.438336]}, "properties": {"stop_id": "FR:61001:ZE:1163202:ATOUMOD040", "stop_name": "Lycée Alain Boulevard Mézeray", "route_ids": ["ATOUMOD040:Line:1008221:LOC", "ATOUMOD040:Line:1008223:LOC"]}}, {"type": "Feature", "geometry": {"type": "Point", "coordinates": [0.087349, 48.422442]}, "properties": {"stop_id": "FR:61001:ZE:1163204:ATOUMOD040", "stop_name": "College Racine Boulevard Koutiala", "route_ids": ["ATOUMOD040:Line:1008221:LOC"]}}, {"type": "Feature", "geometry": {"type": "Point", "coordinates": [0.29822, 48.792087]}, "properties": {"stop_id": "FR:61181:ZE:1163210:ATOUMOD040", "stop_name": "École Primaire Edgar Degas", "route_ids": ["ATOUMOD040:Line:1008233:LOC"]}}, {"type": "Feature", "geometry": {"type": "Point", "coordinates": [0.295376, 48.793525]}, "properties": {"stop_id": "FR:61181:ZE:1163212:ATOUMOD040", "stop_name": "Établissement Tregaro - Sainte Thérese", "route_ids": ["ATOUMOD040:Line:1008233:LOC"]}}, {"type": "Feature", "geometry": {"type": "Point", "coordinates": [0.816604, 48.316545]}, "properties": {"stop_id": "FR:28280:ZE:1163214:ATOUMOD040", "stop_name": "College Meunier / College Delfeuille", "route_ids": ["ATOUMOD040:Line:1008247:LOC"]}}, {"type": "Feature", "geometry": {"type": "Point", "coordinates": [0.816865, 48.316452]}, "properties": {"stop_id": "FR:28280:ZE:1175195:ATOUMOD040", "stop_name": "College Meunier / College Delfeuille", "route_ids": ["ATOUMOD040:Line:1008247:LOC", "ATOUMOD040:Line:1008249:LOC"]}}, {"type": "Feature", "geometry": {"type": "Point", "coordinates": [0.820434, 48.325794]}, "properties": {"stop_id": "FR:28236:ZE:1163216:ATOUMOD040", "stop_name": "Lycée Sully Rue de la Serine", "route_ids": ["ATOUMOD040:Line:1008247:LOC"]}}, {"type": "Feature", "geometry": {"type": "Point", "coordinates": [0.818909, 48.324567]}, "properties": {"stop_id": "FR:28236:ZE:1178216:ATOUMOD040", "stop_name": "Lycée Sully Avenue des Prés", "route_ids": ["ATOUMOD040:Line:1008247:LOC"]}}, {"type": "Feature", "geometry": {"type": "Point", "coordinates": [0.082454, 48.439832]}, "properties": {"stop_id": "FR:61001:ZE:1163222:ATOUMOD040", "stop_name": "Lycée Alain Chemin de Maures", "route_ids": ["ATOUMOD040:Line:1008223:LOC", "ATOUMOD040:Line:1008247:LOC", "ATOUMOD040:Line:1008249:LOC"]}}, {"type": "Feature", "geometry": {"type": "Point", "coordinates": [0.357253, 48.349566]}, "properties": {"stop_id": "FR:72295:ZE:1163240:ATOUMOD040", "stop_name": "Cité Scolaire", "route_ids": ["ATOUMOD040:Line:1008249:LOC"]}}, {"type": "Feature", "geometry": {"type": "Point", "coordinates": [0.456801, 48.862324]}, "properties": {"stop_id": "FR:61167:ZE:1163278:ATOUMOD040", "stop_name": "VILLERS-EN-OUCHE - École", "route_ids": ["ATOUMOD040:Line:1008241:LOC"]}}, {"type": "Feature", "geometry": {"type": "Point", "coordinates": [0.645211, 48.573614]}, "properties": {"stop_id": "FR:61491:ZE:1163280:ATOUMOD040", "stop_name": "TOUROUVRE - Le Gué a Pont", "route_ids": ["ATOUMOD040:Line:1008243:LOC"]}}, {"type": "Feature", "geometry": {"type": "Point", "coordinates": [0.645318, 48.575167]}, "properties": {"stop_id": "FR:61491:ZE:1172591:ATOUMOD040", "stop_name": "TOUROUVRE - Le Gué a Pont", "route_ids": ["ATOUMOD040:Line:1008243:LOC"]}}, {"type": "Feature", "geometry": {"type": "Point", "coordinates": [0.545041, 48.519163]}, "properties": {"stop_id": "FR:61293:ZE:1163282:ATOUMOD040", "stop_name": "Rue Montcacune", "route_ids": ["ATOUMOD040:Line:1008243:LOC", "ATOUMOD040:Line:1008247:LOC", "ATOUMOD040:Line:1008251:LOC", "ATOUMOD040:Line:1008253:LOC"]}}, {"type": "Feature", "geometry": {"type": "Point", "coordinates": [0.637693, 48.74455]}, "properties": {"stop_id": "FR:61214:ZE:1163288:ATOUMOD040", "stop_name": "Zone Industrielle n°1 / CAT", "route_ids": ["ATOUMOD040:Line:1008243:LOC"]}}, {"type": "Feature", "geometry": {"type": "Point", "coordinates": [-0.414721, 48.512267]}, "properties": {"stop_id": "FR:61096:ZE:1163300:ATOUMOD040", "stop_name": "COUTERNE - Mairie", "route_ids": ["ATOUMOD040:Line:1008221:LOC"]}}, {"type": "Feature", "geometry": {"type": "Point", "coordinates": [0.195896, 48.652255]}, "properties": {"stop_id": "FR:61081:ZE:1163312:ATOUMOD040", "stop_name": "CHAILLOUE - Bourg / École", "route_ids": ["ATOUMOD040:Line:1008233:LOC"]}}, {"type": "Feature", "geometry": {"type": "Point", "coordinates": [-0.519603, 48.678011]}, "properties": {"stop_id": "FR:61362:ZE:1163320:ATOUMOD040", "stop_name": "l'Etre Gallet (RD 18)", "route_ids": ["ATOUMOD040:Line:1008221:LOC"]}}, {"type": "Feature", "geometry": {"type": "Point", "coordinates": [-0.375408, 48.607238]}, "properties": {"stop_id": "FR:61463:ZE:1163322:ATOUMOD040", "stop_name": "SAINT-MAURICE-DU-DESERT - Beausoleil (RD 18)", "route_ids": ["ATOUMOD040:Line:1008221:LOC"]}}, {"type": "Feature", "geometry": {"type": "Point", "coordinates": [0.689966, 48.59938]}, "properties": {"stop_id": "FR:61491:ZE:1163346:ATOUMOD040", "stop_name": "TOUROUVRE - Sainte-Anne", "route_ids": ["ATOUMOD040:Line:1008243:LOC"]}}, {"type": "Feature", "geometry": {"type": "Point", "coordinates": [0.149591, 48.475366]}, "properties": {"stop_id": "FR:61467:ZE:1163374:ATOUMOD040", "stop_name": "Mairie", "route_ids": ["ATOUMOD040:Line:1008245:LOC"]}}, {"type": "Feature", "geometry": {"type": "Point", "coordinates": [-0.210011, 48.641186]}, "properties": {"stop_id": "FR:61344:ZE:1163414:ATOUMOD040", "stop_name": "Rue Marquet", "route_ids": ["ATOUMOD040:Line:1008229:LOC"]}}, {"type": "Feature", "geometry": {"type": "Point", "coordinates": [-0.537773, 48.712202]}, "properties": {"stop_id": "FR:61278:ZE:1163416:ATOUMOD040", "stop_name": "Rue Riegler", "route_ids": ["ATOUMOD040:Line:1008221:LOC", "ATOUMOD040:Line:1009928:LOC"]}}, {"type": "Feature", "geometry": {"type": "Point", "coordinates": [0.671764, 48.648395]}, "properties": {"stop_id": "FR:61491:ZE:1163422:ATOUMOD040", "stop_name": "RANDONNAI - École Nouvelle France", "route_ids": ["ATOUMOD040:Line:1008243:LOC"]}}, {"type": "Feature", "geometry": {"type": "Point", "coordinates": [0.188895, 48.508168]}, "properties": {"stop_id": "FR:61263:ZE:1163430:ATOUMOD040", "stop_name": "Mairie", "route_ids": ["ATOUMOD040:Line:1008245:LOC"]}}, {"type": "Feature", "geometry": {"type": "Point", "coordinates": [-0.560806, 48.748414]}, "properties": {"stop_id": "FR:61169:ZE:1163436:ATOUMOD040", "stop_name": "Gare scolaire (Champ de Foire)", "route_ids": ["ATOUMOD040:Line:1004456:LOC", "ATOUMOD040:Line:1008217:LOC", "ATOUMOD040:Line:1008219:LOC", "ATOUMOD040:Line:1008221:LOC", "ATOUMOD040:Line:1008227:LOC"]}}, {"type": "Feature", "geometry": {"type": "Point", "coordinates": [-0.55562, 48.742815]}, "properties": {"stop_id": "FR:61169:ZE:1163438:ATOUMOD040", "stop_name": "Cité Scolaire (rue de la Géroudiere)", "route_ids": ["ATOUMOD040:Line:1004456:LOC", "ATOUMOD040:Line:1008217:LOC", "ATOUMOD040:Line:1008219:LOC", "ATOUMOD040:Line:1008221:LOC", "ATOUMOD040:Line:1008227:LOC"]}}, {"type": "Feature", "geometry": {"type": "Point", "coordinates": [0.459435, 48.51686]}, "properties": {"stop_id": "FR:61048:ZE:1163462:ATOUMOD040", "stop_name": "La Gottiere", "route_ids": ["ATOUMOD040:Line:1008247:LOC"]}}, {"type": "Feature", "geometry": {"type": "Point", "coordinates": [0.106177, 48.76115]}, "properties": {"stop_id": "FR:61474:ZE:1163816:ATOUMOD040", "stop_name": "LE BOURG-SAINT-LÉONARD - Place de la Liberté", "route_ids": ["ATOUMOD040:Line:1008237:LOC"]}}, {"type": "Feature", "geometry": {"type": "Point", "coordinates": [0.002524, 48.797336]}, "properties": {"stop_id": "FR:61023:ZE:1163820:ATOUMOD040", "stop_name": "Place Ulysse Houel", "route_ids": ["ATOUMOD040:Line:1008235:LOC"]}}, {"type": "Feature", "geometry": {"type": "Point", "coordinates": [0.468458, 48.370928]}, "properties": {"stop_id": "FR:61196:ZE:1163838:ATOUMOD040", "stop_name": "ORIGNY-LE-BUTIN - Mairie", "route_ids": ["ATOUMOD040:Line:1008183:LOC", "ATOUMOD040:Line:1008187:LOC"]}}, {"type": "Feature", "geometry": {"type": "Point", "coordinates": [0.46837, 48.370886]}, "properties": {"stop_id": "FR:61196:ZE:1172133:ATOUMOD040", "stop_name": "ORIGNY-LE-BUTIN - Mairie", "route_ids": ["ATOUMOD040:Line:1008187:LOC"]}}, {"type": "Feature", "geometry": {"type": "Point", "coordinates": [-0.000402, 48.447272]}, "properties": {"stop_id": "FR:61321:ZE:1163844:ATOUMOD040", "stop_name": "La Gouverie (RN12)", "route_ids": ["ATOUMOD040:Line:1008221:LOC"]}}, {"type": "Feature", "geometry": {"type": "Point", "coordinates": [0.384381, 48.350486]}, "properties": {"stop_id": "FR:72180:ZE:1163862:ATOUMOD040", "stop_name": "Centre Commercial", "route_ids": ["ATOUMOD040:Line:1008187:LOC", "ATOUMOD040:Line:1008249:LOC"]}}, {"type": "Feature", "geometry": {"type": "Point", "coordinates": [0.384873, 48.350419]}, "properties": {"stop_id": "FR:72180:ZE:1172608:ATOUMOD040", "stop_name": "Centre Commercial", "route_ids": ["ATOUMOD040:Line:1008187:LOC", "ATOUMOD040:Line:1008249:LOC"]}}, {"type": "Feature", "geometry": {"type": "Point", "coordinates": [0.246688, 48.376633]}, "properties": {"stop_id": "FR:72215:ZE:1163864:ATOUMOD040", "stop_name": "Bourg", "route_ids": ["ATOUMOD040:Line:1008249:LOC"]}}, {"type": "Feature", "geometry": {"type": "Point", "coordinates": [0.58667, 48.754348]}, "properties": {"stop_id": "FR:61342:ZE:1163932:ATOUMOD040", "stop_name": "Maison Pour tous (Rue Pierre Quentin)", "route_ids": ["ATOUMOD040:Line:1008239:LOC"]}}, {"type": "Feature", "geometry": {"type": "Point", "coordinates": [0.443693, 48.364171]}, "properties": {"stop_id": "FR:61105:ZE:1178325:ATOUMOD040", "stop_name": "Place de l'Église", "route_ids": ["ATOUMOD040:Line:1008187:LOC"]}}, {"type": "Feature", "geometry": {"type": "Point", "coordinates": [0.265579, 48.561423]}, "properties": {"stop_id": "FR:61051:ZE:1163978:ATOUMOD040", "stop_name": "Mairie (Parking)", "route_ids": ["ATOUMOD040:Line:1008245:LOC"]}}, {"type": "Feature", "geometry": {"type": "Point", "coordinates": [-0.557485, 48.74138]}, "properties": {"stop_id": "FR:61466:ZE:1163992:ATOUMOD040", "stop_name": "Le Moulin (Arret Urbain)", "route_ids": ["ATOUMOD040:Line:1008221:LOC"]}}, {"type": "Feature", "geometry": {"type": "Point", "coordinates": [0.85045, 48.380359]}, "properties": {"stop_id": "FR:61116:ZE:1163996:ATOUMOD040", "stop_name": "CONDE-SUR-HUISNE - Plc du Général de Gaulle", "route_ids": ["ATOUMOD040:Line:1008247:LOC"]}}, {"type": "Feature", "geometry": {"type": "Point", "coordinates": [0.152218, 48.411169]}, "properties": {"stop_id": "FR:72308:ZE:1164002:ATOUMOD040", "stop_name": "LE CHEVAIN - Les Brosses", "route_ids": ["ATOUMOD040:Line:1008249:LOC"]}}, {"type": "Feature", "geometry": {"type": "Point", "coordinates": [0.186358, 48.4068]}, "properties": {"stop_id": "FR:72137:ZE:1164004:ATOUMOD040", "stop_name": "SAINT-RIGOMER-DES-BOIS - Le Buisson", "route_ids": ["ATOUMOD040:Line:1008249:LOC"]}}, {"type": "Feature", "geometry": {"type": "Point", "coordinates": [0.665267, 48.704774]}, "properties": {"stop_id": "FR:61140:ZE:1164010:ATOUMOD040", "stop_name": "Place du Lavoir", "route_ids": ["ATOUMOD040:Line:1008243:LOC"]}}, {"type": "Feature", "geometry": {"type": "Point", "coordinates": [-0.029677, 48.750364]}, "properties": {"stop_id": "FR:61006:ZE:1164026:ATOUMOD040", "stop_name": "Musiciens (Arret urbain)", "route_ids": ["ATOUMOD040:Line:1008231:LOC"]}}, {"type": "Feature", "geometry": {"type": "Point", "coordinates": [-0.198467, 48.895676]}, "properties": {"stop_id": "FR:14258:ZE:1164028:ATOUMOD040", "stop_name": "Boulevard de La Libération", "route_ids": ["ATOUMOD040:Line:1008231:LOC"]}}, {"type": "Feature", "geometry": {"type": "Point", "coordinates": [-0.188654, 48.889934]}, "properties": {"stop_id": "FR:14258:ZE:1164030:ATOUMOD040", "stop_name": "Lycée Guibray", "route_ids": ["ATOUMOD040:Line:1008231:LOC"]}}, {"type": "Feature", "geometry": {"type": "Point", "coordinates": [0.405884, 48.509033]}, "properties": {"stop_id": "FR:61066:ZE:1164034:ATOUMOD040", "stop_name": "La Choletiere", "route_ids": ["ATOUMOD040:Line:1008247:LOC"]}}, {"type": "Feature", "geometry": {"type": "Point", "coordinates": [0.632703, 48.760781]}, "properties": {"stop_id": "FR:61214:ZE:1164080:ATOUMOD040", "stop_name": "Rue Marcel Angot", "route_ids": ["ATOUMOD040:Line:1008239:LOC", "ATOUMOD040:Line:1008241:LOC", "ATOUMOD040:Line:1008243:LOC"]}}, {"type": "Feature", "geometry": {"type": "Point", "coordinates": [-0.032639, 48.512781]}, "properties": {"stop_id": "FR:61228:ZE:1164096:ATOUMOD040", "stop_name": "LIVAIE - Bourg (Aire d'Arret)", "route_ids": ["ATOUMOD040:Line:1008223:LOC"]}}, {"type": "Feature", "geometry": {"type": "Point", "coordinates": [0.244508, 48.541139]}, "properties": {"stop_id": "FR:61156:ZE:1164166:ATOUMOD040", "stop_name": "Parking de la Communauté de Communes", "route_ids": ["ATOUMOD040:Line:1008245:LOC"]}}, {"type": "Feature", "geometry": {"type": "Point", "coordinates": [0.42067, 48.879289]}, "properties": {"stop_id": "FR:61167:ZE:1164232:ATOUMOD040", "stop_name": "MONNAI - Ternant (RD 12)", "route_ids": ["ATOUMOD040:Line:1008241:LOC"]}}, {"type": "Feature", "geometry": {"type": "Point", "coordinates": [0.450381, 48.513082]}, "properties": {"stop_id": "FR:61048:ZE:1164242:ATOUMOD040", "stop_name": "Mairie", "route_ids": ["ATOUMOD040:Line:1008247:LOC"]}}, {"type": "Feature", "geometry": {"type": "Point", "coordinates": [0.659935, 48.589474]}, "properties": {"stop_id": "FR:61491:ZE:1164248:ATOUMOD040", "stop_name": "TOUROUVRE - Rue Victor Linart", "route_ids": ["ATOUMOD040:Line:1008243:LOC"]}}, {"type": "Feature", "geometry": {"type": "Point", "coordinates": [0.445728, 48.871374]}, "properties": {"stop_id": "FR:61167:ZE:1164252:ATOUMOD040", "stop_name": "VILLERS-EN-OUCHE - La Boulaye / Gournay", "route_ids": ["ATOUMOD040:Line:1008241:LOC"]}}, {"type": "Feature", "geometry": {"type": "Point", "coordinates": [0.478867, 48.852102]}, "properties": {"stop_id": "FR:61167:ZE:1164254:ATOUMOD040", "stop_name": "VILLERS-EN-OUCHE - La Brousse (RD 12)", "route_ids": ["ATOUMOD040:Line:1008241:LOC"]}}, {"type": "Feature", "geometry": {"type": "Point", "coordinates": [0.499384, 48.84834]}, "properties": {"stop_id": "FR:61167:ZE:1164256:ATOUMOD040", "stop_name": "ANCEINS - Noirval", "route_ids": ["ATOUMOD040:Line:1008241:LOC"]}}, {"type": "Feature", "geometry": {"type": "Point", "coordinates": [0.743229, 48.346516]}, "properties": {"stop_id": "FR:61043:ZE:1164260:ATOUMOD040", "stop_name": "Salle des Fetes", "route_ids": ["ATOUMOD040:Line:1008249:LOC"]}}, {"type": "Feature", "geometry": {"type": "Point", "coordinates": [-0.419935, 48.548047]}, "properties": {"stop_id": "FR:61483:ZE:1164264:ATOUMOD040", "stop_name": "BAGNOLES DE L'ORNE - Camping - Avenue du Président Coty", "route_ids": ["ATOUMOD040:Line:1008221:LOC"]}}, {"type": "Feature", "geometry": {"type": "Point", "coordinates": [-0.170976, 48.582057]}, "properties": {"stop_id": "FR:61074:ZE:1164266:ATOUMOD040", "stop_name": "La Babiziere", "route_ids": ["ATOUMOD040:Line:1008223:LOC"]}}, {"type": "Feature", "geometry": {"type": "Point", "coordinates": [0.069138, 48.443186]}, "properties": {"stop_id": "FR:61143:ZE:1164268:ATOUMOD040", "stop_name": "Pont du Fresne-Arret urbain", "route_ids": ["ATOUMOD040:Line:1008223:LOC"]}}, {"type": "Feature", "geometry": {"type": "Point", "coordinates": [0.499082, 48.664302]}, "properties": {"stop_id": "FR:61162:ZE:1164332:ATOUMOD040", "stop_name": "Le Bourg (RD 3)", "route_ids": ["ATOUMOD040:Line:1008245:LOC"]}}, {"type": "Feature", "geometry": {"type": "Point", "coordinates": [0.093643, 48.446108]}, "properties": {"stop_id": "FR:61001:ZE:1164352:ATOUMOD040", "stop_name": "Lazare Carnot-Arret urbain", "route_ids": ["ATOUMOD040:Line:1008247:LOC"]}}, {"type": "Feature", "geometry": {"type": "Point", "coordinates": [0.782045, 48.679676]}, "properties": {"stop_id": "FR:27155:ZE:1164354:ATOUMOD040", "stop_name": "Bourg", "route_ids": ["ATOUMOD040:Line:1008185:LOC"]}}, {"type": "Feature", "geometry": {"type": "Point", "coordinates": [0.708489, 48.690023]}, "properties": {"stop_id": "FR:61208:ZE:1164356:ATOUMOD040", "stop_name": "Chalumele", "route_ids": ["ATOUMOD040:Line:1008185:LOC"]}}, {"type": "Feature", "geometry": {"type": "Point", "coordinates": [0.705755, 48.672196]}, "properties": {"stop_id": "FR:61208:ZE:1164360:ATOUMOD040", "stop_name": "Champ Hubert", "route_ids": ["ATOUMOD040:Line:1008185:LOC"]}}, {"type": "Feature", "geometry": {"type": "Point", "coordinates": [0.534964, 48.525447]}, "properties": {"stop_id": "FR:61414:ZE:1164362:ATOUMOD040", "stop_name": "Hôtel des Impôts", "route_ids": ["ATOUMOD040:Line:1008243:LOC", "ATOUMOD040:Line:1008247:LOC"]}}, {"type": "Feature", "geometry": {"type": "Point", "coordinates": [0.535061, 48.52557]}, "properties": {"stop_id": "FR:61414:ZE:1172592:ATOUMOD040", "stop_name": "Hôtel des Impôts", "route_ids": ["ATOUMOD040:Line:1008247:LOC"]}}, {"type": "Feature", "geometry": {"type": "Point", "coordinates": [0.621054, 48.450644]}, "properties": {"stop_id": "FR:61255:ZE:1164364:ATOUMOD040", "stop_name": "Le Bourg / Mini-Golf", "route_ids": ["ATOUMOD040:Line:1008247:LOC"]}}, {"type": "Feature", "geometry": {"type": "Point", "coordinates": [0.491419, 48.377669]}, "properties": {"stop_id": "FR:61196:ZE:1164370:ATOUMOD040", "stop_name": "LE-GUE-DE-LA-CHAINE - Les Batailles", "route_ids": ["ATOUMOD040:Line:1008183:LOC", "ATOUMOD040:Line:1008187:LOC"]}}, {"type": "Feature", "geometry": {"type": "Point", "coordinates": [0.482781, 48.355821]}, "properties": {"stop_id": "FR:61498:ZE:1164374:ATOUMOD040", "stop_name": "Carrefour du Calvaire (RD 374)", "route_ids": ["ATOUMOD040:Line:1008183:LOC"]}}, {"type": "Feature", "geometry": {"type": "Point", "coordinates": [-0.011582, 48.752932]}, "properties": {"stop_id": "FR:61006:ZE:1164376:ATOUMOD040", "stop_name": "Le Cocqueret (Centre Commercial)", "route_ids": ["ATOUMOD040:Line:1008235:LOC"]}}, {"type": "Feature", "geometry": {"type": "Point", "coordinates": [0.075671, 48.433371]}, "properties": {"stop_id": "FR:61001:ZE:1164386:ATOUMOD040", "stop_name": "Chapeau Rouge", "route_ids": ["ATOUMOD040:Line:1008221:LOC"]}}, {"type": "Feature", "geometry": {"type": "Point", "coordinates": [0.821674, 48.320672]}, "properties": {"stop_id": "FR:28280:ZE:1164408:ATOUMOD040", "stop_name": "Mairie / Notre-Dame", "route_ids": ["ATOUMOD040:Line:1008247:LOC", "ATOUMOD040:Line:1008249:LOC"]}}, {"type": "Feature", "geometry": {"type": "Point", "coordinates": [-0.54918, 48.732478]}, "properties": {"stop_id": "FR:61466:ZE:1164414:ATOUMOD040", "stop_name": "Le Jardinet (Arret Urbain)", "route_ids": ["ATOUMOD040:Line:1008221:LOC"]}}, {"type": "Feature", "geometry": {"type": "Point", "coordinates": [0.574518, 48.373028]}, "properties": {"stop_id": "FR:61196:ZE:1164416:ATOUMOD040", "stop_name": "SERIGNY - Saint Laurent", "route_ids": ["ATOUMOD040:Line:1008187:LOC", "ATOUMOD040:Line:1008249:LOC", "ATOUMOD040:Line:1008251:LOC"]}}, {"type": "Feature", "geometry": {"type": "Point", "coordinates": [0.574842, 48.372917]}, "properties": {"stop_id": "FR:61196:ZE:1172135:ATOUMOD040", "stop_name": "SERIGNY - Saint Laurent", "route_ids": ["ATOUMOD040:Line:1008249:LOC", "ATOUMOD040:Line:1008187:LOC", "ATOUMOD040:Line:1008251:LOC"]}}, {"type": "Feature", "geometry": {"type": "Point", "coordinates": [0.361118, 48.359938]}, "properties": {"stop_id": "FR:72180:ZE:1164420:ATOUMOD040", "stop_name": "Hôpital (ZA Saosnois)", "route_ids": ["ATOUMOD040:Line:1008187:LOC", "ATOUMOD040:Line:1008249:LOC"]}}, {"type": "Feature", "geometry": {"type": "Point", "coordinates": [0.093115, 48.42118]}, "properties": {"stop_id": "FR:61001:ZE:1164422:ATOUMOD040", "stop_name": "Avenue Jean Mantelet-Arret urbain", "route_ids": ["ATOUMOD040:Line:1008249:LOC"]}}, {"type": "Feature", "geometry": {"type": "Point", "coordinates": [-0.126346, 48.472547]}, "properties": {"stop_id": "FR:61213:ZE:1164444:ATOUMOD040", "stop_name": "La Lentillere / Parking autocars", "route_ids": ["ATOUMOD040:Line:1008221:LOC"]}}, {"type": "Feature", "geometry": {"type": "Point", "coordinates": [0.198082, 48.474967]}, "properties": {"stop_id": "FR:61202:ZE:1164492:ATOUMOD040", "stop_name": "École", "route_ids": ["ATOUMOD040:Line:1008247:LOC"]}}, {"type": "Feature", "geometry": {"type": "Point", "coordinates": [0.035757, 48.457526]}, "properties": {"stop_id": "FR:61234:ZE:1164494:ATOUMOD040", "stop_name": "Giratoire (RD 2)", "route_ids": ["ATOUMOD040:Line:1008223:LOC"]}}, {"type": "Feature", "geometry": {"type": "Point", "coordinates": [0.521442, 48.337573]}, "properties": {"stop_id": "FR:61426:ZE:1164496:ATOUMOD040", "stop_name": "Pâques", "route_ids": ["ATOUMOD040:Line:1008183:LOC"]}}, {"type": "Feature", "geometry": {"type": "Point", "coordinates": [0.468894, 48.368917]}, "properties": {"stop_id": "FR:61196:ZE:1164498:ATOUMOD040", "stop_name": "ORIGNY-LE-BUTIN - Hôtel Gaulard", "route_ids": ["ATOUMOD040:Line:1008183:LOC", "ATOUMOD040:Line:1008187:LOC"]}}, {"type": "Feature", "geometry": {"type": "Point", "coordinates": [0.468838, 48.368919]}, "properties": {"stop_id": "FR:61196:ZE:1172132:ATOUMOD040", "stop_name": "ORIGNY-LE-BUTIN - Hôtel Gaulard", "route_ids": ["ATOUMOD040:Line:1008187:LOC"]}}, {"type": "Feature", "geometry": {"type": "Point", "coordinates": [0.356353, 48.352931]}, "properties": {"stop_id": "FR:72295:ZE:1164500:ATOUMOD040", "stop_name": "Rue du Docteur Godard (Marché)", "route_ids": ["ATOUMOD040:Line:1008187:LOC"]}}, {"type": "Feature", "geometry": {"type": "Point", "coordinates": [0.356873, 48.352743]}, "properties": {"stop_id": "FR:72295:ZE:1172616:ATOUMOD040", "stop_name": "Rue du Docteur Godard (Marché)", "route_ids": ["ATOUMOD040:Line:1008187:LOC"]}}, {"type": "Feature", "geometry": {"type": "Point", "coordinates": [0.684541, 48.265076]}, "properties": {"stop_id": "FR:61484:ZE:1164502:ATOUMOD040", "stop_name": "LE THEIL-SUR-HUISNE - École Primaire André Barbet", "route_ids": ["ATOUMOD040:Line:1008251:LOC"]}}, {"type": "Feature", "geometry": {"type": "Point", "coordinates": [0.621094, 48.764478]}, "properties": {"stop_id": "FR:61214:ZE:1164508:ATOUMOD040", "stop_name": "Piscine", "route_ids": ["ATOUMOD040:Line:1008239:LOC"]}}, {"type": "Feature", "geometry": {"type": "Point", "coordinates": [-0.1393, 48.565306]}, "properties": {"stop_id": "FR:61074:ZE:1164530:ATOUMOD040", "stop_name": "Parking autocars du College", "route_ids": ["ATOUMOD040:Line:1008223:LOC"]}}, {"type": "Feature", "geometry": {"type": "Point", "coordinates": [0.756309, 48.647587]}, "properties": {"stop_id": "FR:61429:ZE:1164542:ATOUMOD040", "stop_name": "SAINT-MAURICE-LES-CHARENCEY - École", "route_ids": ["ATOUMOD040:Line:1008185:LOC"]}}, {"type": "Feature", "geometry": {"type": "Point", "coordinates": [0.087008, 48.424794]}, "properties": {"stop_id": "FR:61001:ZE:1164598:ATOUMOD040", "stop_name": "Racine", "route_ids": ["ATOUMOD040:Line:1008221:LOC"]}}, {"type": "Feature", "geometry": {"type": "Point", "coordinates": [0.718434, 48.242433]}, "properties": {"stop_id": "FR:61079:ZE:1164600:ATOUMOD040", "stop_name": "Neuville", "route_ids": ["ATOUMOD040:Line:1008251:LOC"]}}, {"type": "Feature", "geometry": {"type": "Point", "coordinates": [-0.353779, 48.644077]}, "properties": {"stop_id": "FR:61233:ZE:1164610:ATOUMOD040", "stop_name": "Parking", "route_ids": ["ATOUMOD040:Line:1009747:LOC"]}}, {"type": "Feature", "geometry": {"type": "Point", "coordinates": [0.015298, 48.472126]}, "properties": {"stop_id": "FR:61141:ZE:1164644:ATOUMOD040", "stop_name": "Mairie (RD 2)", "route_ids": ["ATOUMOD040:Line:1008223:LOC"]}}, {"type": "Feature", "geometry": {"type": "Point", "coordinates": [-0.038601, 48.729655]}, "properties": {"stop_id": "FR:61462:ZE:1164648:ATOUMOD040", "stop_name": "Croix de Baize (RD 924)", "route_ids": ["ATOUMOD040:Line:1008229:LOC"]}}, {"type": "Feature", "geometry": {"type": "Point", "coordinates": [0.769432, 48.426313]}, "properties": {"stop_id": "FR:61345:ZE:1164650:ATOUMOD040", "stop_name": "REMALARD - Pont de l'Huisne", "route_ids": ["ATOUMOD040:Line:1008247:LOC"]}}, {"type": "Feature", "geometry": {"type": "Point", "coordinates": [0.769695, 48.426478]}, "properties": {"stop_id": "FR:61345:ZE:1175194:ATOUMOD040", "stop_name": "REMALARD - Pont de l'Huisne", "route_ids": ["ATOUMOD040:Line:1008247:LOC"]}}, {"type": "Feature", "geometry": {"type": "Point", "coordinates": [0.659598, 48.407499]}, "properties": {"stop_id": "FR:61309:ZE:1164652:ATOUMOD040", "stop_name": "COLONARD-CORUBERT - Route de Nocé", "route_ids": ["ATOUMOD040:Line:1008249:LOC"]}}, {"type": "Feature", "geometry": {"type": "Point", "coordinates": [-0.055637, 48.7241]}, "properties": {"stop_id": "FR:61153:ZE:1164664:ATOUMOD040", "stop_name": "FONTENAI-SUR-ORNE - Aire du Pays d'Argentan", "route_ids": ["ATOUMOD040:Line:1008229:LOC"]}}, {"type": "Feature", "geometry": {"type": "Point", "coordinates": [0.636027, 48.756401]}, "properties": {"stop_id": "FR:61214:ZE:1164700:ATOUMOD040", "stop_name": "Gare scolaire (Blaizot)", "route_ids": ["ATOUMOD040:Line:1008239:LOC", "ATOUMOD040:Line:1008241:LOC", "ATOUMOD040:Line:1008243:LOC", "ATOUMOD040:Line:1008245:LOC", "ATOUMOD040:Line:1003304:LOC"]}}, {"type": "Feature", "geometry": {"type": "Point", "coordinates": [0.636414, 48.757823]}, "properties": {"stop_id": "FR:61214:ZE:1162464:ATOUMOD040", "stop_name": "Gare scolaire (Blaizot)", "route_ids": ["ATOUMOD040:Line:1003304:LOC"]}}, {"type": "Feature", "geometry": {"type": "Point", "coordinates": [0.062887, 48.428367]}, "properties": {"stop_id": "FR:61001:ZE:1164708:ATOUMOD040", "stop_name": "Centre aquatique", "route_ids": ["ATOUMOD040:Line:1008221:LOC"]}}, {"type": "Feature", "geometry": {"type": "Point", "coordinates": [0.089862, 48.436194]}, "properties": {"stop_id": "FR:61001:ZE:1164752:ATOUMOD040", "stop_name": "Conseil Départemental", "route_ids": ["ATOUMOD040:Line:1008221:LOC", "ATOUMOD040:Line:1008223:LOC"]}}, {"type": "Feature", "geometry": {"type": "Point", "coordinates": [0.543216, 48.380918]}, "properties": {"stop_id": "FR:61426:ZE:1164764:ATOUMOD040", "stop_name": "Scierie", "route_ids": ["ATOUMOD040:Line:1008187:LOC"]}}, {"type": "Feature", "geometry": {"type": "Point", "coordinates": [0.089055, 48.410118]}, "properties": {"stop_id": "FR:72006:ZE:1164792:ATOUMOD040", "stop_name": "Le Point d'Alencon (Centre Commercial)", "route_ids": ["ATOUMOD040:Line:1008233:LOC", "ATOUMOD040:Line:1008249:LOC"]}}, {"type": "Feature", "geometry": {"type": "Point", "coordinates": [0.534554, 48.739417]}, "properties": {"stop_id": "FR:61008:ZE:1164796:ATOUMOD040", "stop_name": "Rue Souchet, n°40", "route_ids": ["ATOUMOD040:Line:1008239:LOC"]}}, {"type": "Feature", "geometry": {"type": "Point", "coordinates": [0.829164, 48.329554]}, "properties": {"stop_id": "FR:28236:ZE:1164808:ATOUMOD040", "stop_name": "MARGON - Rue de Paris", "route_ids": ["ATOUMOD040:Line:1008247:LOC"]}}, {"type": "Feature", "geometry": {"type": "Point", "coordinates": [-0.402577, 48.54995]}, "properties": {"stop_id": "FR:61483:ZE:1164810:ATOUMOD040", "stop_name": "BAGNOLES DE L'ORNE - Centre Commercial (RD 916)", "route_ids": ["ATOUMOD040:Line:1008221:LOC"]}}, {"type": "Feature", "geometry": {"type": "Point", "coordinates": [-0.571493, 48.740483]}, "properties": {"stop_id": "FR:61169:ZE:1164852:ATOUMOD040", "stop_name": "Les Hauts Vents (College J. Monnet)", "route_ids": ["ATOUMOD040:Line:1008227:LOC"]}}, {"type": "Feature", "geometry": {"type": "Point", "coordinates": [-0.570947, 48.740807]}, "properties": {"stop_id": "FR:61169:ZE:1180452:ATOUMOD040", "stop_name": "Les Hauts Vents (College J. Monnet)", "route_ids": ["ATOUMOD040:Line:1004456:LOC", "ATOUMOD040:Line:1008227:LOC"]}}, {"type": "Feature", "geometry": {"type": "Point", "coordinates": [0.090035, 48.428022]}, "properties": {"stop_id": "FR:61001:ZE:1164856:ATOUMOD040", "stop_name": "Champ Perrier", "route_ids": ["ATOUMOD040:Line:1008221:LOC", "ATOUMOD040:Line:1008223:LOC", "ATOUMOD040:Line:1008233:LOC", "ATOUMOD040:Line:1008247:LOC", "ATOUMOD040:Line:1008249:LOC", "ATOUMOD040:Line:1008245:LOC"]}}, {"type": "Feature", "geometry": {"type": "Point", "coordinates": [-0.621232, 48.755673]}, "properties": {"stop_id": "FR:61222:ZE:1164858:ATOUMOD040", "stop_name": "Le Noyer (RD 924)", "route_ids": ["ATOUMOD040:Line:1008219:LOC"]}}, {"type": "Feature", "geometry": {"type": "Point", "coordinates": [-0.569976, 48.747676]}, "properties": {"stop_id": "FR:61169:ZE:1164862:ATOUMOD040", "stop_name": "Place Leclerc", "route_ids": ["ATOUMOD040:Line:1008221:LOC", "ATOUMOD040:Line:1008227:LOC", "ATOUMOD040:Line:1004456:LOC"]}}, {"type": "Feature", "geometry": {"type": "Point", "coordinates": [-0.569953, 48.747535]}, "properties": {"stop_id": "FR:61169:ZE:1180453:ATOUMOD040", "stop_name": "Place Leclerc", "route_ids": ["ATOUMOD040:Line:1004456:LOC"]}}, {"type": "Feature", "geometry": {"type": "Point", "coordinates": [-0.575157, 48.736178]}, "properties": {"stop_id": "FR:61169:ZE:1164864:ATOUMOD040", "stop_name": "Pôle Femme-Enfant", "route_ids": ["ATOUMOD040:Line:1008217:LOC"]}}, {"type": "Feature", "geometry": {"type": "Point", "coordinates": [0.064959, 48.433378]}, "properties": {"stop_id": "FR:61001:ZE:1164872:ATOUMOD040", "stop_name": "Portes de Bretagne-Arret urbain", "route_ids": ["ATOUMOD040:Line:1008221:LOC"]}}, {"type": "Feature", "geometry": {"type": "Point", "coordinates": [-0.084155, 48.547424]}, "properties": {"stop_id": "FR:61357:ZE:1164874:ATOUMOD040", "stop_name": "Bourg", "route_ids": ["ATOUMOD040:Line:1008223:LOC"]}}, {"type": "Feature", "geometry": {"type": "Point", "coordinates": [0.681202, 48.379121]}, "properties": {"stop_id": "FR:61309:ZE:1164878:ATOUMOD040", "stop_name": "NOCE - Place du Docteur Giraux", "route_ids": ["ATOUMOD040:Line:1008249:LOC"]}}, {"type": "Feature", "geometry": {"type": "Point", "coordinates": [0.680847, 48.379937]}, "properties": {"stop_id": "FR:61309:ZE:1178331:ATOUMOD040", "stop_name": "NOCE - Ancienne École", "route_ids": ["ATOUMOD040:Line:1008249:LOC"]}}, {"type": "Feature", "geometry": {"type": "Point", "coordinates": [-0.548766, 48.609655]}, "properties": {"stop_id": "FR:61091:ZE:1164906:ATOUMOD040", "stop_name": "École", "route_ids": ["ATOUMOD040:Line:1008225:LOC"]}}, {"type": "Feature", "geometry": {"type": "Point", "coordinates": [-0.197252, 48.460368]}, "properties": {"stop_id": "FR:53185:ZE:1164910:ATOUMOD040", "stop_name": "PRE-EN-PAIL - Mairie", "route_ids": ["ATOUMOD040:Line:1008221:LOC"]}}, {"type": "Feature", "geometry": {"type": "Point", "coordinates": [-0.198128, 48.459789]}, "properties": {"stop_id": "FR:53185:ZE:1180890:ATOUMOD040", "stop_name": "PRE - EN-PAIL - Mairie (Église)", "route_ids": ["ATOUMOD040:Line:1008221:LOC"]}}, {"type": "Feature", "geometry": {"type": "Point", "coordinates": [0.160178, 48.533568]}, "properties": {"stop_id": "FR:61400:ZE:1164912:ATOUMOD040", "stop_name": "Le Perron (RD 138)", "route_ids": ["ATOUMOD040:Line:1008233:LOC"]}}, {"type": "Feature", "geometry": {"type": "Point", "coordinates": [-0.017663, 48.747674]}, "properties": {"stop_id": "FR:61006:ZE:1164914:ATOUMOD040", "stop_name": "Rue de la République - Hôpital", "route_ids": ["ATOUMOD040:Line:1008231:LOC", "ATOUMOD040:Line:1008235:LOC", "ATOUMOD040:Line:1008237:LOC", "ATOUMOD040:Line:1008229:LOC"]}}, {"type": "Feature", "geometry": {"type": "Point", "coordinates": [0.180443, 48.760508]}, "properties": {"stop_id": "FR:61474:ZE:1164916:ATOUMOD040", "stop_name": "EXMES - Gendarmerie", "route_ids": ["ATOUMOD040:Line:1008237:LOC"]}}, {"type": "Feature", "geometry": {"type": "Point", "coordinates": [0.627405, 48.763054]}, "properties": {"stop_id": "FR:61214:ZE:1164918:ATOUMOD040", "stop_name": "Rue du Docteur Rouyer", "route_ids": ["ATOUMOD040:Line:1008185:LOC", "ATOUMOD040:Line:1008239:LOC", "ATOUMOD040:Line:1008241:LOC", "ATOUMOD040:Line:1008243:LOC", "ATOUMOD040:Line:1008245:LOC", "ATOUMOD040:Line:1003304:LOC"]}}, {"type": "Feature", "geometry": {"type": "Point", "coordinates": [0.562223, 48.509067]}, "properties": {"stop_id": "FR:61293:ZE:1164922:ATOUMOD040", "stop_name": "Zone Industrielle de Préfontaine", "route_ids": ["ATOUMOD040:Line:1008247:LOC"]}}, {"type": "Feature", "geometry": {"type": "Point", "coordinates": [-0.644997, 48.589376]}, "properties": {"stop_id": "FR:61145:ZE:1164924:ATOUMOD040", "stop_name": "DOMFRONT - Rue du Mont Margantin (Centre Commercial)", "route_ids": ["ATOUMOD040:Line:1008225:LOC", "ATOUMOD040:Line:1008227:LOC"]}}, {"type": "Feature", "geometry": {"type": "Point", "coordinates": [0.387834, 48.741696]}, "properties": {"stop_id": "FR:61150:ZE:1164992:ATOUMOD040", "stop_name": "École / Salle des Fetes", "route_ids": ["ATOUMOD040:Line:1008239:LOC"]}}, {"type": "Feature", "geometry": {"type": "Point", "coordinates": [0.19961, 48.926388]}, "properties": {"stop_id": "FR:61508:ZE:1165006:ATOUMOD040", "stop_name": "Allée des Promenades", "route_ids": ["ATOUMOD040:Line:1008233:LOC", "ATOUMOD040:Line:1008235:LOC"]}}, {"type": "Feature", "geometry": {"type": "Point", "coordinates": [0.35375, 48.510246]}, "properties": {"stop_id": "FR:61258:ZE:1165010:ATOUMOD040", "stop_name": "Avenue de Falkenstein", "route_ids": ["ATOUMOD040:Line:1008247:LOC"]}}, {"type": "Feature", "geometry": {"type": "Point", "coordinates": [0.353773, 48.510269]}, "properties": {"stop_id": "FR:61258:ZE:1174470:ATOUMOD040", "stop_name": "Avenue de Falkenstein", "route_ids": ["ATOUMOD040:Line:1008247:LOC"]}}, {"type": "Feature", "geometry": {"type": "Point", "coordinates": [-0.365254, 48.585977]}, "properties": {"stop_id": "FR:61168:ZE:1165012:ATOUMOD040", "stop_name": "LA FERTE-MACE - Bas de Maures", "route_ids": ["ATOUMOD040:Line:1008221:LOC", "ATOUMOD040:Line:1008229:LOC"]}}, {"type": "Feature", "geometry": {"type": "Point", "coordinates": [-0.474315, 48.741433]}, "properties": {"stop_id": "FR:61221:ZE:1165014:ATOUMOD040", "stop_name": "Le Rocher (RD 924)", "route_ids": ["ATOUMOD040:Line:1008217:LOC"]}}, {"type": "Feature", "geometry": {"type": "Point", "coordinates": [-0.36771, 48.701753]}, "properties": {"stop_id": "FR:61063:ZE:1165098:ATOUMOD040", "stop_name": "Gare Sncf", "route_ids": ["ATOUMOD040:Line:1008217:LOC", "ATOUMOD040:Line:1009747:LOC", "ATOUMOD040:Line:1009928:LOC"]}}, {"type": "Feature", "geometry": {"type": "Point", "coordinates": [0.211011, 48.539442]}, "properties": {"stop_id": "FR:61068:ZE:1165110:ATOUMOD040", "stop_name": "Parking", "route_ids": ["ATOUMOD040:Line:1008245:LOC"]}}, {"type": "Feature", "geometry": {"type": "Point", "coordinates": [0.748367, 48.226366]}, "properties": {"stop_id": "FR:61079:ZE:1165168:ATOUMOD040", "stop_name": "Rue du Theil / La Poste", "route_ids": ["ATOUMOD040:Line:1008251:LOC"]}}, {"type": "Feature", "geometry": {"type": "Point", "coordinates": [0.113889, 48.895578]}, "properties": {"stop_id": "FR:61086:ZE:1165188:ATOUMOD040", "stop_name": "Hôtellerie Faroult (RD 916)", "route_ids": ["ATOUMOD040:Line:1008235:LOC"]}}, {"type": "Feature", "geometry": {"type": "Point", "coordinates": [-0.5818, 48.701396]}, "properties": {"stop_id": "FR:61094:ZE:1165232:ATOUMOD040", "stop_name": "L'embuche", "route_ids": ["ATOUMOD040:Line:1008227:LOC"]}}, {"type": "Feature", "geometry": {"type": "Point", "coordinates": [-0.582991, 48.708911]}, "properties": {"stop_id": "FR:61094:ZE:1165234:ATOUMOD040", "stop_name": "Le Bourg", "route_ids": ["ATOUMOD040:Line:1008227:LOC"]}}, {"type": "Feature", "geometry": {"type": "Point", "coordinates": [0.653611, 48.483848]}, "properties": {"stop_id": "FR:61097:ZE:1165238:ATOUMOD040", "stop_name": "Église", "route_ids": ["ATOUMOD040:Line:1008247:LOC"]}}, {"type": "Feature", "geometry": {"type": "Point", "coordinates": [0.657261, 48.483232]}, "properties": {"stop_id": "FR:61097:ZE:1165240:ATOUMOD040", "stop_name": "L'Ermitage", "route_ids": ["ATOUMOD040:Line:1008247:LOC"]}}, {"type": "Feature", "geometry": {"type": "Point", "coordinates": [0.59748, 48.322223]}, "properties": {"stop_id": "FR:61099:ZE:1165250:ATOUMOD040", "stop_name": "Place", "route_ids": ["ATOUMOD040:Line:1008251:LOC"]}}, {"type": "Feature", "geometry": {"type": "Point", "coordinates": [-0.581778, 48.675453]}, "properties": {"stop_id": "FR:61102:ZE:1165254:ATOUMOD040", "stop_name": "Le Bourg (RD 962)", "route_ids": ["ATOUMOD040:Line:1008227:LOC"]}}, {"type": "Feature", "geometry": {"type": "Point", "coordinates": [0.455697, 48.358813]}, "properties": {"stop_id": "FR:61105:ZE:1165268:ATOUMOD040", "stop_name": "Le Pérou", "route_ids": ["ATOUMOD040:Line:1008187:LOC", "ATOUMOD040:Line:1008249:LOC"]}}, {"type": "Feature", "geometry": {"type": "Point", "coordinates": [0.456134, 48.358836]}, "properties": {"stop_id": "FR:61105:ZE:1172210:ATOUMOD040", "stop_name": "Le Pérou", "route_ids": ["ATOUMOD040:Line:1008187:LOC", "ATOUMOD040:Line:1008249:LOC"]}}, {"type": "Feature", "geometry": {"type": "Point", "coordinates": [0.854073, 48.378452]}, "properties": {"stop_id": "FR:61116:ZE:1165304:ATOUMOD040", "stop_name": "CONDE-SUR-HUISNE - Rue Michel Melliant", "route_ids": ["ATOUMOD040:Line:1008247:LOC"]}}, {"type": "Feature", "geometry": {"type": "Point", "coordinates": [0.854093, 48.378481]}, "properties": {"stop_id": "FR:61116:ZE:1172589:ATOUMOD040", "stop_name": "CONDE-SUR-HUISNE - Rue Michel Melliant", "route_ids": ["ATOUMOD040:Line:1008247:LOC"]}}, {"type": "Feature", "geometry": {"type": "Point", "coordinates": [0.848988, 48.383315]}, "properties": {"stop_id": "FR:61116:ZE:1165306:ATOUMOD040", "stop_name": "CONDE-SUR-HUISNE - Gare Sncf", "route_ids": ["ATOUMOD040:Line:1008247:LOC"]}}, {"type": "Feature", "geometry": {"type": "Point", "coordinates": [0.843292, 48.386779]}, "properties": {"stop_id": "FR:61116:ZE:1165308:ATOUMOD040", "stop_name": "CONDE-SUR-HUISNE - Le Houx", "route_ids": ["ATOUMOD040:Line:1008247:LOC"]}}, {"type": "Feature", "geometry": {"type": "Point", "coordinates": [0.843828, 48.386367]}, "properties": {"stop_id": "FR:61116:ZE:1172590:ATOUMOD040", "stop_name": "CONDE-SUR-HUISNE - Le Houx", "route_ids": ["ATOUMOD040:Line:1008247:LOC"]}}, {"type": "Feature", "geometry": {"type": "Point", "coordinates": [-0.017704, 48.744071]}, "properties": {"stop_id": "FR:61006:ZE:1165310:ATOUMOD040", "stop_name": "Hôtel de Ville / Place Mahé", "route_ids": ["ATOUMOD040:Line:1008229:LOC", "ATOUMOD040:Line:1008231:LOC", "ATOUMOD040:Line:1008235:LOC", "ATOUMOD040:Line:1008237:LOC"]}}, {"type": "Feature", "geometry": {"type": "Point", "coordinates": [-0.02481, 48.73803]}, "properties": {"stop_id": "FR:61006:ZE:1165314:ATOUMOD040", "stop_name": "Gare Sncf", "route_ids": ["ATOUMOD040:Line:1008229:LOC", "ATOUMOD040:Line:1008231:LOC", "ATOUMOD040:Line:1008235:LOC", "ATOUMOD040:Line:1008237:LOC", "ATOUMOD040:Line:1009928:LOC"]}}, {"type": "Feature", "geometry": {"type": "Point", "coordinates": [0.050279, 48.43552]}, "properties": {"stop_id": "FR:61117:ZE:1165318:ATOUMOD040", "stop_name": "La Boissiere", "route_ids": ["ATOUMOD040:Line:1008221:LOC"]}}, {"type": "Feature", "geometry": {"type": "Point", "coordinates": [0.627115, 48.454392]}, "properties": {"stop_id": "FR:61118:ZE:1165322:ATOUMOD040", "stop_name": "Le Bourg (Voie Verte)", "route_ids": ["ATOUMOD040:Line:1008247:LOC"]}}, {"type": "Feature", "geometry": {"type": "Point", "coordinates": [0.627094, 48.454414]}, "properties": {"stop_id": "FR:61118:ZE:1176952:ATOUMOD040", "stop_name": "Le Bourg (Voie Verte)", "route_ids": ["ATOUMOD040:Line:1008247:LOC"]}}, {"type": "Feature", "geometry": {"type": "Point", "coordinates": [-0.454716, 48.635481]}, "properties": {"stop_id": "FR:61124:ZE:1165334:ATOUMOD040", "stop_name": "La Lande (RD 18)", "route_ids": ["ATOUMOD040:Line:1008221:LOC"]}}, {"type": "Feature", "geometry": {"type": "Point", "coordinates": [0.356869, 48.627581]}, "properties": {"stop_id": "FR:61133:ZE:1165370:ATOUMOD040", "stop_name": "Place", "route_ids": ["ATOUMOD040:Line:1008245:LOC"]}}, {"type": "Feature", "geometry": {"type": "Point", "coordinates": [-0.409101, 48.51725]}, "properties": {"stop_id": "FR:61096:ZE:1165378:ATOUMOD040", "stop_name": "COUTERNE - Le Val Fleuri", "route_ids": ["ATOUMOD040:Line:1008221:LOC"]}}, {"type": "Feature", "geometry": {"type": "Point", "coordinates": [-0.402658, 48.53683]}, "properties": {"stop_id": "FR:61096:ZE:1165380:ATOUMOD040", "stop_name": "COUTERNE - La Moriniere", "route_ids": ["ATOUMOD040:Line:1008221:LOC"]}}, {"type": "Feature", "geometry": {"type": "Point", "coordinates": [-0.404297, 48.523771]}, "properties": {"stop_id": "FR:61096:ZE:1165382:ATOUMOD040", "stop_name": "COUTERNE - Lignou", "route_ids": ["ATOUMOD040:Line:1008221:LOC"]}}, {"type": "Feature", "geometry": {"type": "Point", "coordinates": [0.262386, 48.768343]}, "properties": {"stop_id": "FR:61138:ZE:1165398:ATOUMOD040", "stop_name": "Bourg", "route_ids": ["ATOUMOD040:Line:1008237:LOC"]}}, {"type": "Feature", "geometry": {"type": "Point", "coordinates": [0.135096, 48.900876]}, "properties": {"stop_id": "FR:61086:ZE:1165404:ATOUMOD040", "stop_name": "Les Déserts (RD 916)", "route_ids": ["ATOUMOD040:Line:1008235:LOC"]}}, {"type": "Feature", "geometry": {"type": "Point", "coordinates": [0.140617, 48.921797]}, "properties": {"stop_id": "FR:61139:ZE:1165412:ATOUMOD040", "stop_name": "Mairie", "route_ids": ["ATOUMOD040:Line:1008235:LOC"]}}, {"type": "Feature", "geometry": {"type": "Point", "coordinates": [0.016366, 48.472204]}, "properties": {"stop_id": "FR:61141:ZE:1165420:ATOUMOD040", "stop_name": "Mairie (Parking)", "route_ids": ["ATOUMOD040:Line:1008223:LOC"]}}, {"type": "Feature", "geometry": {"type": "Point", "coordinates": [-0.661231, 48.589692]}, "properties": {"stop_id": "FR:61145:ZE:1165430:ATOUMOD040", "stop_name": "DOMFRONT - Ancienne Gare Sncf", "route_ids": ["ATOUMOD040:Line:1008225:LOC", "ATOUMOD040:Line:1008227:LOC"]}}, {"type": "Feature", "geometry": {"type": "Point", "coordinates": [0.801891, 48.423479]}, "properties": {"stop_id": "FR:61345:ZE:1165440:ATOUMOD040", "stop_name": "DORCEAU - Place", "route_ids": ["ATOUMOD040:Line:1008247:LOC"]}}, {"type": "Feature", "geometry": {"type": "Point", "coordinates": [-0.120919, 48.715652]}, "properties": {"stop_id": "FR:61153:ZE:1165476:ATOUMOD040", "stop_name": "Gare Sncf", "route_ids": ["ATOUMOD040:Line:1008229:LOC", "ATOUMOD040:Line:1009928:LOC"]}}, {"type": "Feature", "geometry": {"type": "Point", "coordinates": [0.183781, 48.758796]}, "properties": {"stop_id": "FR:61474:ZE:1165492:ATOUMOD040", "stop_name": "EXMES - Ecole Primaire", "route_ids": ["ATOUMOD040:Line:1008237:LOC"]}}, {"type": "Feature", "geometry": {"type": "Point", "coordinates": [-0.49715, 48.65057]}, "properties": {"stop_id": "FR:61163:ZE:1165516:ATOUMOD040", "stop_name": "La Fougere (RD 18)", "route_ids": ["ATOUMOD040:Line:1008221:LOC"]}}, {"type": "Feature", "geometry": {"type": "Point", "coordinates": [0.511585, 48.839131]}, "properties": {"stop_id": "FR:61167:ZE:1165538:ATOUMOD040", "stop_name": "LA FERTE-FRENEL - Place du Manoir", "route_ids": ["ATOUMOD040:Line:1008241:LOC"]}}, {"type": "Feature", "geometry": {"type": "Point", "coordinates": [-0.356295, 48.594769]}, "properties": {"stop_id": "FR:61168:ZE:1165544:ATOUMOD040", "stop_name": "Ancienne Gare Sncf", "route_ids": ["ATOUMOD040:Line:1008221:LOC", "ATOUMOD040:Line:1008223:LOC", "ATOUMOD040:Line:1008225:LOC", "ATOUMOD040:Line:1008229:LOC", "ATOUMOD040:Line:1009747:LOC"]}}, {"type": "Feature", "geometry": {"type": "Point", "coordinates": [-0.355421, 48.590127]}, "properties": {"stop_id": "FR:61168:ZE:1165546:ATOUMOD040", "stop_name": "Place Neustadt", "route_ids": ["ATOUMOD040:Line:1008221:LOC", "ATOUMOD040:Line:1008223:LOC", "ATOUMOD040:Line:1008225:LOC", "ATOUMOD040:Line:1008229:LOC", "ATOUMOD040:Line:1009747:LOC"]}}, {"type": "Feature", "geometry": {"type": "Point", "coordinates": [-0.362988, 48.598075]}, "properties": {"stop_id": "FR:61168:ZE:1165548:ATOUMOD040", "stop_name": "Boulevard Hamonic (Stade)", "route_ids": ["ATOUMOD040:Line:1008221:LOC"]}}, {"type": "Feature", "geometry": {"type": "Point", "coordinates": [-0.371324, 48.575802]}, "properties": {"stop_id": "FR:61168:ZE:1165550:ATOUMOD040", "stop_name": "Centre commercial du Parc", "route_ids": ["ATOUMOD040:Line:1008221:LOC", "ATOUMOD040:Line:1008229:LOC"]}}, {"type": "Feature", "geometry": {"type": "Point", "coordinates": [-0.573599, 48.745077]}, "properties": {"stop_id": "FR:61169:ZE:1165554:ATOUMOD040", "stop_name": "Gare Sncf", "route_ids": ["ATOUMOD040:Line:1004456:LOC", "ATOUMOD040:Line:1008217:LOC", "ATOUMOD040:Line:1008219:LOC", "ATOUMOD040:Line:1008221:LOC", "ATOUMOD040:Line:1008227:LOC", "ATOUMOD040:Line:1009928:LOC"]}}, {"type": "Feature", "geometry": {"type": "Point", "coordinates": [0.545496, 48.739557]}, "properties": {"stop_id": "FR:61008:ZE:1165556:ATOUMOD040", "stop_name": "Salle des Fetes", "route_ids": ["ATOUMOD040:Line:1008239:LOC", "ATOUMOD040:Line:1009929:LOC"]}}, {"type": "Feature", "geometry": {"type": "Point", "coordinates": [0.550815, 48.739927]}, "properties": {"stop_id": "FR:61008:ZE:1165570:ATOUMOD040", "stop_name": "Sergent Biard", "route_ids": ["ATOUMOD040:Line:1008239:LOC"]}}, {"type": "Feature", "geometry": {"type": "Point", "coordinates": [-0.69803, 48.767116]}, "properties": {"stop_id": "FR:61486:ZE:1165590:ATOUMOD040", "stop_name": "FRENES - La Riviere", "route_ids": ["ATOUMOD040:Line:1008219:LOC"]}}, {"type": "Feature", "geometry": {"type": "Point", "coordinates": [0.534777, 48.737829]}, "properties": {"stop_id": "FR:61008:ZE:1165596:ATOUMOD040", "stop_name": "Le Mesnil - Saint Esprit", "route_ids": ["ATOUMOD040:Line:1008239:LOC"]}}, {"type": "Feature", "geometry": {"type": "Point", "coordinates": [0.530502, 48.73765]}, "properties": {"stop_id": "FR:61008:ZE:1165606:ATOUMOD040", "stop_name": "La Hutterie", "route_ids": ["ATOUMOD040:Line:1008239:LOC"]}}, {"type": "Feature", "geometry": {"type": "Point", "coordinates": [0.296414, 48.795427]}, "properties": {"stop_id": "FR:61181:ZE:1165610:ATOUMOD040", "stop_name": "Marché aux Bestiaux", "route_ids": ["ATOUMOD040:Line:1008233:LOC", "ATOUMOD040:Line:1008237:LOC", "ATOUMOD040:Line:1008239:LOC"]}}, {"type": "Feature", "geometry": {"type": "Point", "coordinates": [0.293797, 48.788203]}, "properties": {"stop_id": "FR:61181:ZE:1165612:ATOUMOD040", "stop_name": "Gendarmerie", "route_ids": ["ATOUMOD040:Line:1008233:LOC", "ATOUMOD040:Line:1008237:LOC", "ATOUMOD040:Line:1008239:LOC"]}}, {"type": "Feature", "geometry": {"type": "Point", "coordinates": [0.55342, 48.828948]}, "properties": {"stop_id": "FR:61167:ZE:1165624:ATOUMOD040", "stop_name": "GAUVILLE - Bourg", "route_ids": ["ATOUMOD040:Line:1008241:LOC"]}}, {"type": "Feature", "geometry": {"type": "Point", "coordinates": [0.537716, 48.832668]}, "properties": {"stop_id": "FR:61167:ZE:1165626:ATOUMOD040", "stop_name": "GAUVILLE - Les Roncerets", "route_ids": ["ATOUMOD040:Line:1008241:LOC"]}}, {"type": "Feature", "geometry": {"type": "Point", "coordinates": [0.522798, 48.374876]}, "properties": {"stop_id": "FR:61196:ZE:1165672:ATOUMOD040", "stop_name": "LE-GUE-DE-LA-CHAINE - Place du gué", "route_ids": ["ATOUMOD040:Line:1008183:LOC", "ATOUMOD040:Line:1008187:LOC", "ATOUMOD040:Line:1008249:LOC", "ATOUMOD040:Line:1008251:LOC"]}}, {"type": "Feature", "geometry": {"type": "Point", "coordinates": [0.515437, 48.37521]}, "properties": {"stop_id": "FR:61196:ZE:1165674:ATOUMOD040", "stop_name": "LE-GUE-DE-LA-CHAINE - Les Buttes", "route_ids": ["ATOUMOD040:Line:1008187:LOC", "ATOUMOD040:Line:1008183:LOC"]}}, {"type": "Feature", "geometry": {"type": "Point", "coordinates": [0.51564, 48.374773]}, "properties": {"stop_id": "FR:61196:ZE:1172131:ATOUMOD040", "stop_name": "LE-GUE-DE-LA-CHAINE - Les Buttes", "route_ids": ["ATOUMOD040:Line:1008183:LOC", "ATOUMOD040:Line:1008187:LOC"]}}, {"type": "Feature", "geometry": {"type": "Point", "coordinates": [-0.671991, 48.604628]}, "properties": {"stop_id": "FR:61145:ZE:1165698:ATOUMOD040", "stop_name": "LA HAUTE-CHAPELLE - Ancienne école", "route_ids": ["ATOUMOD040:Line:1008227:LOC"]}}, {"type": "Feature", "geometry": {"type": "Point", "coordinates": [0.548585, 48.702501]}, "properties": {"stop_id": "FR:61012:ZE:1165720:ATOUMOD040", "stop_name": "La Bouchardiere", "route_ids": ["ATOUMOD040:Line:1008245:LOC"]}}, {"type": "Feature", "geometry": {"type": "Point", "coordinates": [0.521964, 48.324068]}, "properties": {"stop_id": "FR:61207:ZE:1165728:ATOUMOD040", "stop_name": "Place de l'Église", "route_ids": ["ATOUMOD040:Line:1008183:LOC", "ATOUMOD040:Line:1008251:LOC"]}}, {"type": "Feature", "geometry": {"type": "Point", "coordinates": [0.701511, 48.684454]}, "properties": {"stop_id": "FR:61208:ZE:1165732:ATOUMOD040", "stop_name": "La Viennerie", "route_ids": ["ATOUMOD040:Line:1008185:LOC"]}}, {"type": "Feature", "geometry": {"type": "Point", "coordinates": [0.697898, 48.671055]}, "properties": {"stop_id": "FR:61208:ZE:1165738:ATOUMOD040", "stop_name": "Bourg / École", "route_ids": ["ATOUMOD040:Line:1008185:LOC"]}}, {"type": "Feature", "geometry": {"type": "Point", "coordinates": [-0.232823, 48.581473]}, "properties": {"stop_id": "FR:61209:ZE:1165746:ATOUMOD040", "stop_name": "Église", "route_ids": ["ATOUMOD040:Line:1008223:LOC"]}}, {"type": "Feature", "geometry": {"type": "Point", "coordinates": [-0.142861, 48.475488]}, "properties": {"stop_id": "FR:61213:ZE:1165758:ATOUMOD040", "stop_name": "Mairie", "route_ids": ["ATOUMOD040:Line:1008221:LOC"]}}, {"type": "Feature", "geometry": {"type": "Point", "coordinates": [0.619292, 48.766031]}, "properties": {"stop_id": "FR:61214:ZE:1165764:ATOUMOD040", "stop_name": "Gare Sncf", "route_ids": ["ATOUMOD040:Line:1008239:LOC", "ATOUMOD040:Line:1008241:LOC", "ATOUMOD040:Line:1008243:LOC", "ATOUMOD040:Line:1008245:LOC", "ATOUMOD040:Line:1009929:LOC", "ATOUMOD040:Line:1003292:LOC"]}}, {"type": "Feature", "geometry": {"type": "Point", "coordinates": [-0.579021, 48.75168]}, "properties": {"stop_id": "FR:61169:ZE:1165784:ATOUMOD040", "stop_name": "Le Tremblay", "route_ids": ["ATOUMOD040:Line:1008219:LOC"]}}, {"type": "Feature", "geometry": {"type": "Point", "coordinates": [-0.664191, 48.760346]}, "properties": {"stop_id": "FR:61222:ZE:1165808:ATOUMOD040", "stop_name": "La Flaudiere", "route_ids": ["ATOUMOD040:Line:1008219:LOC"]}}, {"type": "Feature", "geometry": {"type": "Point", "coordinates": [-0.63173, 48.755836]}, "properties": {"stop_id": "FR:61222:ZE:1165810:ATOUMOD040", "stop_name": "La Métairie / Délaissé", "route_ids": ["ATOUMOD040:Line:1008219:LOC"]}}, {"type": "Feature", "geometry": {"type": "Point", "coordinates": [-0.633267, 48.756532]}, "properties": {"stop_id": "FR:61222:ZE:1179681:ATOUMOD040", "stop_name": "La Métairie", "route_ids": ["ATOUMOD040:Line:1008219:LOC"]}}, {"type": "Feature", "geometry": {"type": "Point", "coordinates": [-0.648644, 48.756352]}, "properties": {"stop_id": "FR:61222:ZE:1165814:ATOUMOD040", "stop_name": "Le Bourg", "route_ids": ["ATOUMOD040:Line:1008219:LOC"]}}, {"type": "Feature", "geometry": {"type": "Point", "coordinates": [0.163618, 48.494496]}, "properties": {"stop_id": "FR:61224:ZE:1165826:ATOUMOD040", "stop_name": "Ecole", "route_ids": ["ATOUMOD040:Line:1008245:LOC"]}}, {"type": "Feature", "geometry": {"type": "Point", "coordinates": [0.16927, 48.498202]}, "properties": {"stop_id": "FR:61224:ZE:1165830:ATOUMOD040", "stop_name": "La Besnarderie", "route_ids": ["ATOUMOD040:Line:1008245:LOC"]}}, {"type": "Feature", "geometry": {"type": "Point", "coordinates": [-0.050194, 48.524183]}, "properties": {"stop_id": "FR:61228:ZE:1165838:ATOUMOD040", "stop_name": "LIVAIE - La Baudriére", "route_ids": ["ATOUMOD040:Line:1008223:LOC"]}}, {"type": "Feature", "geometry": {"type": "Point", "coordinates": [0.583692, 48.494122]}, "properties": {"stop_id": "FR:61229:ZE:1165842:ATOUMOD040", "stop_name": "Les Boulays", "route_ids": ["ATOUMOD040:Line:1008247:LOC"]}}, {"type": "Feature", "geometry": {"type": "Point", "coordinates": [0.786622, 48.520183]}, "properties": {"stop_id": "FR:61230:ZE:1165848:ATOUMOD040", "stop_name": "LONGNY-AU-PERCHE - La Barbiniere (RD 918)", "route_ids": ["ATOUMOD040:Line:1008253:LOC"]}}, {"type": "Feature", "geometry": {"type": "Point", "coordinates": [0.752334, 48.530976]}, "properties": {"stop_id": "FR:61230:ZE:1165854:ATOUMOD040", "stop_name": "LONGNY-AU-PERCHE - Hôtel de Ville", "route_ids": ["ATOUMOD040:Line:1008253:LOC"]}}, {"type": "Feature", "geometry": {"type": "Point", "coordinates": [-0.710248, 48.645795]}, "properties": {"stop_id": "FR:61232:ZE:1165860:ATOUMOD040", "stop_name": "Mairie", "route_ids": ["ATOUMOD040:Line:1008227:LOC"]}}, {"type": "Feature", "geometry": {"type": "Point", "coordinates": [0.052196, 48.454385]}, "properties": {"stop_id": "FR:61234:ZE:1165872:ATOUMOD040", "stop_name": "Beaubourdel", "route_ids": ["ATOUMOD040:Line:1008223:LOC"]}}, {"type": "Feature", "geometry": {"type": "Point", "coordinates": [0.805365, 48.507155]}, "properties": {"stop_id": "FR:61242:ZE:1165910:ATOUMOD040", "stop_name": "Grande Rue", "route_ids": ["ATOUMOD040:Line:1008253:LOC"]}}, {"type": "Feature", "geometry": {"type": "Point", "coordinates": [0.620667, 48.45112]}, "properties": {"stop_id": "FR:61255:ZE:1165970:ATOUMOD040", "stop_name": "Le Bourg", "route_ids": ["ATOUMOD040:Line:1008247:LOC"]}}, {"type": "Feature", "geometry": {"type": "Point", "coordinates": [-0.384808, 48.50175]}, "properties": {"stop_id": "FR:61257:ZE:1165978:ATOUMOD040", "stop_name": "Bourg", "route_ids": ["ATOUMOD040:Line:1008221:LOC"]}}, {"type": "Feature", "geometry": {"type": "Point", "coordinates": [0.231089, 48.482913]}, "properties": {"stop_id": "FR:61261:ZE:1165992:ATOUMOD040", "stop_name": "Bourg", "route_ids": ["ATOUMOD040:Line:1008247:LOC"]}}, {"type": "Feature", "geometry": {"type": "Point", "coordinates": [0.231293, 48.483016]}, "properties": {"stop_id": "FR:61261:ZE:1174469:ATOUMOD040", "stop_name": "Bourg", "route_ids": ["ATOUMOD040:Line:1008247:LOC"]}}, {"type": "Feature", "geometry": {"type": "Point", "coordinates": [-0.412413, 48.55712]}, "properties": {"stop_id": "FR:61483:ZE:1165996:ATOUMOD040", "stop_name": "BAGNOLES DE L'ORNE - Office du Tourisme", "route_ids": ["ATOUMOD040:Line:1008221:LOC", "ATOUMOD040:Line:1008229:LOC", "ATOUMOD040:Line:1009747:LOC"]}}, {"type": "Feature", "geometry": {"type": "Point", "coordinates": [-0.424824, 48.549715]}, "properties": {"stop_id": "FR:61483:ZE:1166004:ATOUMOD040", "stop_name": "BAGNOLES-DE-L'ORNE - Église Sainte-Madeleine", "route_ids": ["ATOUMOD040:Line:1008221:LOC", "ATOUMOD040:Line:1008229:LOC", "ATOUMOD040:Line:1009747:LOC"]}}, {"type": "Feature", "geometry": {"type": "Point", "coordinates": [-0.40435, 48.553051]}, "properties": {"stop_id": "FR:61483:ZE:1166042:ATOUMOD040", "stop_name": "BAGNOLES-DE-L'ORNE - Av du Dr Paul Lemuet", "route_ids": ["ATOUMOD040:Line:1008221:LOC"]}}, {"type": "Feature", "geometry": {"type": "Point", "coordinates": [0.283618, 48.700061]}, "properties": {"stop_id": "FR:61275:ZE:1166050:ATOUMOD040", "stop_name": "LE MERLERAULT - Mairie", "route_ids": ["ATOUMOD040:Line:1009929:LOC"]}}, {"type": "Feature", "geometry": {"type": "Point", "coordinates": [0.426608, 48.508938]}, "properties": {"stop_id": "FR:61277:ZE:1166056:ATOUMOD040", "stop_name": "Aire de repos", "route_ids": ["ATOUMOD040:Line:1008247:LOC"]}}, {"type": "Feature", "geometry": {"type": "Point", "coordinates": [0.433198, 48.509273]}, "properties": {"stop_id": "FR:61277:ZE:1172158:ATOUMOD040", "stop_name": "Aire de repos", "route_ids": ["ATOUMOD040:Line:1008247:LOC"]}}, {"type": "Feature", "geometry": {"type": "Point", "coordinates": [-0.531805, 48.705561]}, "properties": {"stop_id": "FR:61278:ZE:1166066:ATOUMOD040", "stop_name": "La Pignoche", "route_ids": ["ATOUMOD040:Line:1008221:LOC"]}}, {"type": "Feature", "geometry": {"type": "Point", "coordinates": [-0.535801, 48.71205]}, "properties": {"stop_id": "FR:61278:ZE:1166072:ATOUMOD040", "stop_name": "Place Combattants pour la France", "route_ids": ["ATOUMOD040:Line:1008221:LOC"]}}, {"type": "Feature", "geometry": {"type": "Point", "coordinates": [-0.54079, 48.719436]}, "properties": {"stop_id": "FR:61278:ZE:1166074:ATOUMOD040", "stop_name": "Les Génétés", "route_ids": ["ATOUMOD040:Line:1008221:LOC"]}}, {"type": "Feature", "geometry": {"type": "Point", "coordinates": [0.397554, 48.892775]}, "properties": {"stop_id": "FR:61167:ZE:1166098:ATOUMOD040", "stop_name": "MONNAI - Église", "route_ids": ["ATOUMOD040:Line:1008241:LOC"]}}, {"type": "Feature", "geometry": {"type": "Point", "coordinates": [0.550852, 48.522536]}, "properties": {"stop_id": "FR:61293:ZE:1166146:ATOUMOD040", "stop_name": "Hôpital", "route_ids": ["ATOUMOD040:Line:1008243:LOC", "ATOUMOD040:Line:1008253:LOC"]}}, {"type": "Feature", "geometry": {"type": "Point", "coordinates": [0.571573, 48.519095]}, "properties": {"stop_id": "FR:61293:ZE:1166148:ATOUMOD040", "stop_name": "Loisé", "route_ids": ["ATOUMOD040:Line:1008253:LOC"]}}, {"type": "Feature", "geometry": {"type": "Point", "coordinates": [0.572164, 48.518986]}, "properties": {"stop_id": "FR:61293:ZE:1176531:ATOUMOD040", "stop_name": "Loisé", "route_ids": ["ATOUMOD040:Line:1008253:LOC"]}}, {"type": "Feature", "geometry": {"type": "Point", "coordinates": [0.474162, 48.650509]}, "properties": {"stop_id": "FR:61297:ZE:1166168:ATOUMOD040", "stop_name": "Ecole", "route_ids": ["ATOUMOD040:Line:1008245:LOC", "ATOUMOD040:Line:1008243:LOC"]}}, {"type": "Feature", "geometry": {"type": "Point", "coordinates": [1.011103, 48.473809]}, "properties": {"stop_id": "FR:28214:ZE:1166182:ATOUMOD040", "stop_name": "Gare Sncf", "route_ids": ["ATOUMOD040:Line:1008253:LOC"]}}, {"type": "Feature", "geometry": {"type": "Point", "coordinates": [0.253448, 48.857466]}, "properties": {"stop_id": "FR:61307:ZE:1166222:ATOUMOD040", "stop_name": "Les Burets", "route_ids": ["ATOUMOD040:Line:1008233:LOC"]}}, {"type": "Feature", "geometry": {"type": "Point", "coordinates": [0.684285, 48.355331]}, "properties": {"stop_id": "FR:61309:ZE:1166232:ATOUMOD040", "stop_name": "NOCE - La Madeleine", "route_ids": ["ATOUMOD040:Line:1008249:LOC"]}}, {"type": "Feature", "geometry": {"type": "Point", "coordinates": [0.682794, 48.373746]}, "properties": {"stop_id": "FR:61309:ZE:1166234:ATOUMOD040", "stop_name": "NOCE - Garage Agricole", "route_ids": ["ATOUMOD040:Line:1008249:LOC"]}}, {"type": "Feature", "geometry": {"type": "Point", "coordinates": [0.682714, 48.373737]}, "properties": {"stop_id": "FR:61309:ZE:1175200:ATOUMOD040", "stop_name": "NOCE - Garage Agricole", "route_ids": ["ATOUMOD040:Line:1008249:LOC"]}}, {"type": "Feature", "geometry": {"type": "Point", "coordinates": [-0.072275, 48.781144]}, "properties": {"stop_id": "FR:61314:ZE:1166242:ATOUMOD040", "stop_name": "Bourg (RD 958)", "route_ids": ["ATOUMOD040:Line:1008231:LOC"]}}, {"type": "Feature", "geometry": {"type": "Point", "coordinates": [-0.066162, 48.776769]}, "properties": {"stop_id": "FR:61314:ZE:1166244:ATOUMOD040", "stop_name": "Chemin de la Dime (RD 958)", "route_ids": ["ATOUMOD040:Line:1008231:LOC"]}}, {"type": "Feature", "geometry": {"type": "Point", "coordinates": [0.442664, 48.389072]}, "properties": {"stop_id": "FR:61196:ZE:1166276:ATOUMOD040", "stop_name": "LA PERRIERE - Salle des Fetes", "route_ids": ["ATOUMOD040:Line:1008187:LOC"]}}, {"type": "Feature", "geometry": {"type": "Point", "coordinates": [0.547152, 48.456864]}, "properties": {"stop_id": "FR:61329:ZE:1166288:ATOUMOD040", "stop_name": "Les Ailliotieres", "route_ids": ["ATOUMOD040:Line:1008251:LOC"]}}, {"type": "Feature", "geometry": {"type": "Point", "coordinates": [0.546994, 48.457902]}, "properties": {"stop_id": "FR:61329:ZE:1172160:ATOUMOD040", "stop_name": "Les Ailliotieres", "route_ids": ["ATOUMOD040:Line:1008251:LOC"]}}, {"type": "Feature", "geometry": {"type": "Point", "coordinates": [0.547343, 48.443644]}, "properties": {"stop_id": "FR:61329:ZE:1166290:ATOUMOD040", "stop_name": "Ancienne École", "route_ids": ["ATOUMOD040:Line:1008251:LOC"]}}, {"type": "Feature", "geometry": {"type": "Point", "coordinates": [0.547198, 48.443093]}, "properties": {"stop_id": "FR:61329:ZE:1172159:ATOUMOD040", "stop_name": "Ancienne École", "route_ids": ["ATOUMOD040:Line:1008251:LOC"]}}, {"type": "Feature", "geometry": {"type": "Point", "coordinates": [-0.245396, 48.764177]}, "properties": {"stop_id": "FR:61339:ZE:1166324:ATOUMOD040", "stop_name": "PUTANGES-PONT-ECREPIN - Mairie (Avenue du 18 juin)", "route_ids": ["ATOUMOD040:Line:1008217:LOC"]}}, {"type": "Feature", "geometry": {"type": "Point", "coordinates": [0.561027, 48.743267]}, "properties": {"stop_id": "FR:61342:ZE:1166338:ATOUMOD040", "stop_name": "Bois Furet", "route_ids": ["ATOUMOD040:Line:1008239:LOC"]}}, {"type": "Feature", "geometry": {"type": "Point", "coordinates": [0.592868, 48.755675]}, "properties": {"stop_id": "FR:61342:ZE:1166356:ATOUMOD040", "stop_name": "Rue Beausejour", "route_ids": ["ATOUMOD040:Line:1008239:LOC"]}}, {"type": "Feature", "geometry": {"type": "Point", "coordinates": [-0.194677, 48.657344]}, "properties": {"stop_id": "FR:61344:ZE:1166362:ATOUMOD040", "stop_name": "La Foreterie (RD 916)", "route_ids": ["ATOUMOD040:Line:1008229:LOC"]}}, {"type": "Feature", "geometry": {"type": "Point", "coordinates": [0.785933, 48.427847]}, "properties": {"stop_id": "FR:61345:ZE:1166364:ATOUMOD040", "stop_name": "REMALARD - Zone Inductrielle de Saint Marc", "route_ids": ["ATOUMOD040:Line:1008247:LOC"]}}, {"type": "Feature", "geometry": {"type": "Point", "coordinates": [0.786349, 48.427917]}, "properties": {"stop_id": "FR:61345:ZE:1172656:ATOUMOD040", "stop_name": "REMALARD - Zone Inductrielle de Saint Marc", "route_ids": ["ATOUMOD040:Line:1008247:LOC"]}}, {"type": "Feature", "geometry": {"type": "Point", "coordinates": [-0.136115, 48.812817]}, "properties": {"stop_id": "FR:61352:ZE:1166390:ATOUMOD040", "stop_name": "Mairie", "route_ids": ["ATOUMOD040:Line:1008231:LOC"]}}, {"type": "Feature", "geometry": {"type": "Point", "coordinates": [-0.118217, 48.811266]}, "properties": {"stop_id": "FR:61352:ZE:1166392:ATOUMOD040", "stop_name": "Pierrefitte (RD 29)", "route_ids": ["ATOUMOD040:Line:1008231:LOC"]}}, {"type": "Feature", "geometry": {"type": "Point", "coordinates": [-0.52288, 48.694382]}, "properties": {"stop_id": "FR:61362:ZE:1166428:ATOUMOD040", "stop_name": "Le Bourg / Aire d'Arret (RD 18)", "route_ids": ["ATOUMOD040:Line:1008221:LOC"]}}, {"type": "Feature", "geometry": {"type": "Point", "coordinates": [-0.633297, 48.642553]}, "properties": {"stop_id": "FR:61369:ZE:1166446:ATOUMOD040", "stop_name": "Le Bourg / École", "route_ids": ["ATOUMOD040:Line:1008227:LOC"]}}, {"type": "Feature", "geometry": {"type": "Point", "coordinates": [-0.621536, 48.646792]}, "properties": {"stop_id": "FR:61369:ZE:1166448:ATOUMOD040", "stop_name": "Les Forges", "route_ids": ["ATOUMOD040:Line:1008227:LOC"]}}, {"type": "Feature", "geometry": {"type": "Point", "coordinates": [-0.057382, 48.45707]}, "properties": {"stop_id": "FR:61382:ZE:1166490:ATOUMOD040", "stop_name": "Sainte-Thérese", "route_ids": ["ATOUMOD040:Line:1008221:LOC"]}}, {"type": "Feature", "geometry": {"type": "Point", "coordinates": [-0.049501, 48.456913]}, "properties": {"stop_id": "FR:61382:ZE:1166492:ATOUMOD040", "stop_name": "Bourg", "route_ids": ["ATOUMOD040:Line:1008221:LOC"]}}, {"type": "Feature", "geometry": {"type": "Point", "coordinates": [-0.038068, 48.456398]}, "properties": {"stop_id": "FR:61382:ZE:1166494:ATOUMOD040", "stop_name": "Mélivier", "route_ids": ["ATOUMOD040:Line:1008221:LOC"]}}, {"type": "Feature", "geometry": {"type": "Point", "coordinates": [0.810303, 48.325634]}, "properties": {"stop_id": "FR:28280:ZE:1166500:ATOUMOD040", "stop_name": "Gare Sncf (entrée principale)", "route_ids": ["ATOUMOD040:Line:1008247:LOC", "ATOUMOD040:Line:1008249:LOC"]}}, {"type": "Feature", "geometry": {"type": "Point", "coordinates": [0.430607, 48.716409]}, "properties": {"stop_id": "FR:61389:ZE:1166532:ATOUMOD040", "stop_name": "Bourg / Mairie", "route_ids": ["ATOUMOD040:Line:1008239:LOC"]}}, {"type": "Feature", "geometry": {"type": "Point", "coordinates": [-0.264563, 48.630992]}, "properties": {"stop_id": "FR:61390:ZE:1166536:ATOUMOD040", "stop_name": "Aire de la Paix", "route_ids": ["ATOUMOD040:Line:1008229:LOC"]}}, {"type": "Feature", "geometry": {"type": "Point", "coordinates": [0.604233, 48.278957]}, "properties": {"stop_id": "FR:61394:ZE:1166550:ATOUMOD040", "stop_name": "Salle des Fetes", "route_ids": ["ATOUMOD040:Line:1008251:LOC"]}}, {"type": "Feature", "geometry": {"type": "Point", "coordinates": [0.839325, 48.398851]}, "properties": {"stop_id": "FR:61116:ZE:1166552:ATOUMOD040", "stop_name": "Les Quatre Vent (Voie Verte)", "route_ids": ["ATOUMOD040:Line:1008247:LOC"]}}, {"type": "Feature", "geometry": {"type": "Point", "coordinates": [0.839301, 48.399334]}, "properties": {"stop_id": "FR:61116:ZE:1172588:ATOUMOD040", "stop_name": "Les Quatre Vent (Voie Verte)", "route_ids": ["ATOUMOD040:Line:1008247:LOC"]}}, {"type": "Feature", "geometry": {"type": "Point", "coordinates": [0.83412, 48.408881]}, "properties": {"stop_id": "FR:61395:ZE:1166554:ATOUMOD040", "stop_name": "La Basse Davilliere", "route_ids": ["ATOUMOD040:Line:1008247:LOC"]}}, {"type": "Feature", "geometry": {"type": "Point", "coordinates": [0.834172, 48.408896]}, "properties": {"stop_id": "FR:61395:ZE:1172586:ATOUMOD040", "stop_name": "La Basse Davilliere", "route_ids": ["ATOUMOD040:Line:1008247:LOC"]}}, {"type": "Feature", "geometry": {"type": "Point", "coordinates": [0.493576, 48.731406]}, "properties": {"stop_id": "FR:61406:ZE:1166606:ATOUMOD040", "stop_name": "Bourg", "route_ids": ["ATOUMOD040:Line:1008239:LOC"]}}, {"type": "Feature", "geometry": {"type": "Point", "coordinates": [0.361763, 48.507194]}, "properties": {"stop_id": "FR:61412:ZE:1166626:ATOUMOD040", "stop_name": "Le Carré Saint-Julien", "route_ids": ["ATOUMOD040:Line:1008247:LOC"]}}, {"type": "Feature", "geometry": {"type": "Point", "coordinates": [0.3618, 48.507231]}, "properties": {"stop_id": "FR:61412:ZE:1175193:ATOUMOD040", "stop_name": "Le Carré Saint-Julien", "route_ids": ["ATOUMOD040:Line:1008247:LOC"]}}, {"type": "Feature", "geometry": {"type": "Point", "coordinates": [0.636814, 48.510402]}, "properties": {"stop_id": "FR:61418:ZE:1166638:ATOUMOD040", "stop_name": "Mairie (Parking)", "route_ids": ["ATOUMOD040:Line:1008253:LOC"]}}, {"type": "Feature", "geometry": {"type": "Point", "coordinates": [0.744287, 48.680004]}, "properties": {"stop_id": "FR:61034:ZE:1166656:ATOUMOD040", "stop_name": "École", "route_ids": ["ATOUMOD040:Line:1008185:LOC"]}}, {"type": "Feature", "geometry": {"type": "Point", "coordinates": [0.544215, 48.381838]}, "properties": {"stop_id": "FR:61426:ZE:1166686:ATOUMOD040", "stop_name": "Église", "route_ids": ["ATOUMOD040:Line:1008183:LOC", "ATOUMOD040:Line:1008187:LOC"]}}, {"type": "Feature", "geometry": {"type": "Point", "coordinates": [-0.388245, 48.610583]}, "properties": {"stop_id": "FR:61463:ZE:1166694:ATOUMOD040", "stop_name": "SAINT-MAURICE-DU-DESERT - Bourg", "route_ids": ["ATOUMOD040:Line:1008221:LOC"]}}, {"type": "Feature", "geometry": {"type": "Point", "coordinates": [-0.415636, 48.579472]}, "properties": {"stop_id": "FR:61483:ZE:1166700:ATOUMOD040", "stop_name": "SAINT-MICHEL-DES-ANDAINES - Église", "route_ids": ["ATOUMOD040:Line:1008221:LOC", "ATOUMOD040:Line:1008225:LOC"]}}, {"type": "Feature", "geometry": {"type": "Point", "coordinates": [0.687978, 48.751837]}, "properties": {"stop_id": "FR:61432:ZE:1166708:ATOUMOD040", "stop_name": "Bourg / École", "route_ids": ["ATOUMOD040:Line:1008185:LOC"]}}, {"type": "Feature", "geometry": {"type": "Point", "coordinates": [0.694311, 48.735413]}, "properties": {"stop_id": "FR:61440:ZE:1166738:ATOUMOD040", "stop_name": "Bourg", "route_ids": ["ATOUMOD040:Line:1008185:LOC"]}}, {"type": "Feature", "geometry": {"type": "Point", "coordinates": [-0.292317, 48.483093]}, "properties": {"stop_id": "FR:53080:ZE:1166752:ATOUMOD040", "stop_name": "Bourg / Boulangerie", "route_ids": ["ATOUMOD040:Line:1008221:LOC"]}}, {"type": "Feature", "geometry": {"type": "Point", "coordinates": [-0.312075, 48.612234]}, "properties": {"stop_id": "FR:61035:ZE:1166778:ATOUMOD040", "stop_name": "La Croix du Houx / Carrefour des Cretes", "route_ids": ["ATOUMOD040:Line:1008229:LOC"]}}, {"type": "Feature", "geometry": {"type": "Point", "coordinates": [0.555654, 48.376886]}, "properties": {"stop_id": "FR:61038:ZE:1166844:ATOUMOD040", "stop_name": "Champ de Foire", "route_ids": ["ATOUMOD040:Line:1008183:LOC", "ATOUMOD040:Line:1008187:LOC", "ATOUMOD040:Line:1008249:LOC", "ATOUMOD040:Line:1008251:LOC"]}}, {"type": "Feature", "geometry": {"type": "Point", "coordinates": [0.562495, 48.375002]}, "properties": {"stop_id": "FR:61038:ZE:1166860:ATOUMOD040", "stop_name": "Office du Tourisme", "route_ids": ["ATOUMOD040:Line:1008187:LOC", "ATOUMOD040:Line:1008249:LOC", "ATOUMOD040:Line:1008251:LOC"]}}, {"type": "Feature", "geometry": {"type": "Point", "coordinates": [0.562469, 48.374966]}, "properties": {"stop_id": "FR:61038:ZE:1172156:ATOUMOD040", "stop_name": "Office du Tourisme", "route_ids": ["ATOUMOD040:Line:1008183:LOC", "ATOUMOD040:Line:1008249:LOC", "ATOUMOD040:Line:1008187:LOC", "ATOUMOD040:Line:1008251:LOC"]}}, {"type": "Feature", "geometry": {"type": "Point", "coordinates": [0.646142, 48.761648]}, "properties": {"stop_id": "FR:61456:ZE:1166862:ATOUMOD040", "stop_name": "Chemin du Minerai, 85 Route de Paris", "route_ids": ["ATOUMOD040:Line:1008185:LOC"]}}, {"type": "Feature", "geometry": {"type": "Point", "coordinates": [0.696522, 48.514718]}, "properties": {"stop_id": "FR:61230:ZE:1166886:ATOUMOD040", "stop_name": "SAINT-VICTOR-DE-RENO - RD8 x RD291", "route_ids": ["ATOUMOD040:Line:1008253:LOC"]}}, {"type": "Feature", "geometry": {"type": "Point", "coordinates": [0.696643, 48.514508]}, "properties": {"stop_id": "FR:61230:ZE:1172161:ATOUMOD040", "stop_name": "SAINT-VICTOR-DE-RENO - RD8 x RD291", "route_ids": ["ATOUMOD040:Line:1008253:LOC"]}}, {"type": "Feature", "geometry": {"type": "Point", "coordinates": [0.3401, 48.894442]}, "properties": {"stop_id": "FR:61460:ZE:1166896:ATOUMOD040", "stop_name": "LESAP - Église", "route_ids": ["ATOUMOD040:Line:1008241:LOC"]}}, {"type": "Feature", "geometry": {"type": "Point", "coordinates": [-0.415851, 48.623274]}, "properties": {"stop_id": "FR:61463:ZE:1166898:ATOUMOD040", "stop_name": "LA SAUVAGERE - Eglise", "route_ids": ["ATOUMOD040:Line:1008221:LOC"]}}, {"type": "Feature", "geometry": {"type": "Point", "coordinates": [0.170775, 48.607226]}, "properties": {"stop_id": "FR:61464:ZE:1166904:ATOUMOD040", "stop_name": "Place de la 2eme Division Blindée", "route_ids": ["ATOUMOD040:Line:1008223:LOC", "ATOUMOD040:Line:1008233:LOC"]}}, {"type": "Feature", "geometry": {"type": "Point", "coordinates": [0.166791, 48.600075]}, "properties": {"stop_id": "FR:61464:ZE:1166906:ATOUMOD040", "stop_name": "Gare Sncf", "route_ids": ["ATOUMOD040:Line:1008223:LOC", "ATOUMOD040:Line:1008233:LOC", "ATOUMOD040:Line:1009929:LOC"]}}, {"type": "Feature", "geometry": {"type": "Point", "coordinates": [0.131145, 48.587517]}, "properties": {"stop_id": "FR:61464:ZE:1166910:ATOUMOD040", "stop_name": "Les Choux", "route_ids": ["ATOUMOD040:Line:1008223:LOC"]}}, {"type": "Feature", "geometry": {"type": "Point", "coordinates": [-0.134197, 48.712625]}, "properties": {"stop_id": "FR:61473:ZE:1166942:ATOUMOD040", "stop_name": "Udon (RD 924)", "route_ids": ["ATOUMOD040:Line:1008229:LOC"]}}, {"type": "Feature", "geometry": {"type": "Point", "coordinates": [0.070381, 48.753789]}, "properties": {"stop_id": "FR:61474:ZE:1166948:ATOUMOD040", "stop_name": "SILLY-EN-GOUFFERN - Mairie", "route_ids": ["ATOUMOD040:Line:1008237:LOC"]}}, {"type": "Feature", "geometry": {"type": "Point", "coordinates": [0.398279, 48.368934]}, "properties": {"stop_id": "FR:61476:ZE:1166958:ATOUMOD040", "stop_name": "Église", "route_ids": ["ATOUMOD040:Line:1008187:LOC"]}}, {"type": "Feature", "geometry": {"type": "Point", "coordinates": [0.660338, 48.267192]}, "properties": {"stop_id": "FR:61484:ZE:1166984:ATOUMOD040", "stop_name": "LE THEIL-SUR-HUISNE - Les Vaux Mignons", "route_ids": ["ATOUMOD040:Line:1008251:LOC"]}}, {"type": "Feature", "geometry": {"type": "Point", "coordinates": [0.685822, 48.264598]}, "properties": {"stop_id": "FR:61484:ZE:1166986:ATOUMOD040", "stop_name": "LE THEIL-SUR-HUISNE - Avenue des Loges", "route_ids": ["ATOUMOD040:Line:1008251:LOC"]}}, {"type": "Feature", "geometry": {"type": "Point", "coordinates": [0.264393, 48.908451]}, "properties": {"stop_id": "FR:61485:ZE:1166988:ATOUMOD040", "stop_name": "Bourg", "route_ids": ["ATOUMOD040:Line:1008241:LOC"]}}, {"type": "Feature", "geometry": {"type": "Point", "coordinates": [0.251855, 48.90763]}, "properties": {"stop_id": "FR:61485:ZE:1166990:ATOUMOD040", "stop_name": "Croix Rouge", "route_ids": ["ATOUMOD040:Line:1008233:LOC", "ATOUMOD040:Line:1008241:LOC"]}}, {"type": "Feature", "geometry": {"type": "Point", "coordinates": [0.263082, 48.909478]}, "properties": {"stop_id": "FR:61485:ZE:1166992:ATOUMOD040", "stop_name": "Bourg / Mairie", "route_ids": ["ATOUMOD040:Line:1008241:LOC"]}}, {"type": "Feature", "geometry": {"type": "Point", "coordinates": [-0.736978, 48.76321]}, "properties": {"stop_id": "FR:61486:ZE:1166998:ATOUMOD040", "stop_name": "TINCHEBRAY - Champ de Foire", "route_ids": ["ATOUMOD040:Line:1008219:LOC"]}}, {"type": "Feature", "geometry": {"type": "Point", "coordinates": [-0.731537, 48.765938]}, "properties": {"stop_id": "FR:61486:ZE:1167000:ATOUMOD040", "stop_name": "TINCHEBRAY - Ancienne Gare", "route_ids": ["ATOUMOD040:Line:1008219:LOC"]}}, {"type": "Feature", "geometry": {"type": "Point", "coordinates": [0.651742, 48.590535]}, "properties": {"stop_id": "FR:61491:ZE:1167014:ATOUMOD040", "stop_name": "TOUROUVRE - Eglise (rue du 13 aout 1944)", "route_ids": ["ATOUMOD040:Line:1008243:LOC"]}}, {"type": "Feature", "geometry": {"type": "Point", "coordinates": [0.033058, 48.842769]}, "properties": {"stop_id": "FR:61494:ZE:1167016:ATOUMOD040", "stop_name": "Mairie", "route_ids": ["ATOUMOD040:Line:1008235:LOC"]}}, {"type": "Feature", "geometry": {"type": "Point", "coordinates": [0.695473, 48.60836]}, "properties": {"stop_id": "FR:61500:ZE:1167022:ATOUMOD040", "stop_name": "2 Chemin de la Brindelliere", "route_ids": ["ATOUMOD040:Line:1008243:LOC"]}}, {"type": "Feature", "geometry": {"type": "Point", "coordinates": [0.200153, 48.928842]}, "properties": {"stop_id": "FR:61508:ZE:1167032:ATOUMOD040", "stop_name": "Rue du Docteur Maillard", "route_ids": ["ATOUMOD040:Line:1008233:LOC", "ATOUMOD040:Line:1008235:LOC", "ATOUMOD040:Line:1008241:LOC"]}}, {"type": "Feature", "geometry": {"type": "Point", "coordinates": [0.708484, 48.716259]}, "properties": {"stop_id": "FR:61510:ZE:1167038:ATOUMOD040", "stop_name": "Le Bourg", "route_ids": ["ATOUMOD040:Line:1008185:LOC"]}}, {"type": "Feature", "geometry": {"type": "Point", "coordinates": [-0.268366, 48.718444]}, "properties": {"stop_id": "FR:61512:ZE:1167050:ATOUMOD040", "stop_name": "Fromentel / Salle des Fetes", "route_ids": ["ATOUMOD040:Line:1008217:LOC"]}}, {"type": "Feature", "geometry": {"type": "Point", "coordinates": [0.113807, 48.416089]}, "properties": {"stop_id": "FR:72308:ZE:1167074:ATOUMOD040", "stop_name": "Arret Urbain (Rue de Perseigne)", "route_ids": ["ATOUMOD040:Line:1008249:LOC"]}}, {"type": "Feature", "geometry": {"type": "Point", "coordinates": [-0.340614, 48.495361]}, "properties": {"stop_id": "FR:53164:ZE:1167080:ATOUMOD040", "stop_name": "Bourg / Le Croissant", "route_ids": ["ATOUMOD040:Line:1008221:LOC"]}}, {"type": "Feature", "geometry": {"type": "Point", "coordinates": [0.712755, 48.441815]}, "properties": {"stop_id": "FR:61050:ZE:1167108:ATOUMOD040", "stop_name": "BOISSY-MAUGIS - Mairie", "route_ids": ["ATOUMOD040:Line:1008247:LOC"]}}, {"type": "Feature", "geometry": {"type": "Point", "coordinates": [0.098236, 48.434349]}, "properties": {"stop_id": "FR:61001:ZE:1167144:ATOUMOD040", "stop_name": "Gare Sncf", "route_ids": ["ATOUMOD040:Line:1008221:LOC", "ATOUMOD040:Line:1008223:LOC", "ATOUMOD040:Line:1008233:LOC", "ATOUMOD040:Line:1008245:LOC", "ATOUMOD040:Line:1008247:LOC", "ATOUMOD040:Line:1008249:LOC", "ATOUMOD040:Line:1009929:LOC"]}}, {"type": "Feature", "geometry": {"type": "Point", "coordinates": [-0.37702, 49.12902]}, "properties": {"stop_id": "FR:14623:ZE:1167350:ATOUMOD040", "stop_name": "Ostiguy", "route_ids": ["ATOUMOD040:Line:1004447:LOC"]}}, {"type": "Feature", "geometry": {"type": "Point", "coordinates": [-0.377297, 49.128859]}, "properties": {"stop_id": "FR:14556:ZE:1167351:ATOUMOD040", "stop_name": "Ostiguy", "route_ids": ["ATOUMOD040:Line:1004447:LOC"]}}, {"type": "Feature", "geometry": {"type": "Point", "coordinates": [-0.441561, 48.690474]}, "properties": {"stop_id": "FR:61040:ZE:1168748:ATOUMOD040", "stop_name": "Église", "route_ids": ["ATOUMOD040:Line:1009928:LOC"]}}, {"type": "Feature", "geometry": {"type": "Point", "coordinates": [1.366378, 50.047596]}, "properties": {"stop_id": "FR:76711:ZE:1168988:ATOUMOD040", "stop_name": "Gendarmerie", "route_ids": ["ATOUMOD040:Line:1003072:LOC"]}}, {"type": "Feature", "geometry": {"type": "Point", "coordinates": [1.366204, 50.04747]}, "properties": {"stop_id": "FR:76711:ZE:1168989:ATOUMOD040", "stop_name": "Gendarmerie", "route_ids": ["ATOUMOD040:Line:1003072:LOC"]}}, {"type": "Feature", "geometry": {"type": "Point", "coordinates": [-1.597847, 49.059122]}, "properties": {"stop_id": "FR:50003:ZE:1172998:ATOUMOD040", "stop_name": "Le Havre", "route_ids": ["ATOUMOD040:Line:1002031:LOC"]}}, {"type": "Feature", "geometry": {"type": "Point", "coordinates": [0.403308, 49.628528]}, "properties": {"stop_id": "FR:76141:ZE:1173308:ATOUMOD040", "stop_name": "Jean Foubert", "route_ids": ["ATOUMOD040:Line:1003053:LOC"]}}, {"type": "Feature", "geometry": {"type": "Point", "coordinates": [1.190273, 49.866203]}, "properties": {"stop_id": "FR:76562:ZE:1173348:ATOUMOD040", "stop_name": "Rue du Calvaire", "route_ids": ["ATOUMOD040:Line:1003071:LOC"]}}, {"type": "Feature", "geometry": {"type": "Point", "coordinates": [-0.340244, 49.14814]}, "properties": {"stop_id": "FR:14341:ZE:1173788:ATOUMOD040", "stop_name": "Porte d'Espagne", "route_ids": ["ATOUMOD040:Line:1004448:LOC", "ATOUMOD040:Line:1004457:LOC"]}}, {"type": "Feature", "geometry": {"type": "Point", "coordinates": [-0.340355, 49.147987]}, "properties": {"stop_id": "FR:14341:ZE:1173789:ATOUMOD040", "stop_name": "Porte d'Espagne", "route_ids": ["ATOUMOD040:Line:1004448:LOC", "ATOUMOD040:Line:1004457:LOC"]}}, {"type": "Feature", "geometry": {"type": "Point", "coordinates": [-0.578385, 48.791545]}, "properties": {"stop_id": "FR:61070:ZE:1173835:ATOUMOD040", "stop_name": "Normand'Innov", "route_ids": ["ATOUMOD040:Line:1004456:LOC"]}}, {"type": "Feature", "geometry": {"type": "Point", "coordinates": [1.017782, 49.283173]}, "properties": {"stop_id": "FR:76165:ZE:1174030:ATOUMOD040", "stop_name": "Mairie", "route_ids": ["ATOUMOD040:Line:1003277:LOC"]}}, {"type": "Feature", "geometry": {"type": "Point", "coordinates": [1.021094, 49.281157]}, "properties": {"stop_id": "FR:76165:ZE:1174032:ATOUMOD040", "stop_name": "Léo Lagrange", "route_ids": ["ATOUMOD040:Line:1003277:LOC"]}}, {"type": "Feature", "geometry": {"type": "Point", "coordinates": [1.023413, 49.28013]}, "properties": {"stop_id": "FR:76165:ZE:1174034:ATOUMOD040", "stop_name": "Eugene Pottier", "route_ids": ["ATOUMOD040:Line:1003277:LOC"]}}, {"type": "Feature", "geometry": {"type": "Point", "coordinates": [1.032732, 49.276636]}, "properties": {"stop_id": "FR:76165:ZE:1174038:ATOUMOD040", "stop_name": "La Chesnaie", "route_ids": ["ATOUMOD040:Line:1003277:LOC"]}}, {"type": "Feature", "geometry": {"type": "Point", "coordinates": [1.032837, 49.276708]}, "properties": {"stop_id": "FR:76640:ZE:1181190:ATOUMOD040", "stop_name": "La Chesnaie", "route_ids": ["ATOUMOD040:Line:1003277:LOC"]}}, {"type": "Feature", "geometry": {"type": "Point", "coordinates": [1.045496, 49.268689]}, "properties": {"stop_id": "FR:76640:ZE:1174040:ATOUMOD040", "stop_name": "Route de Louviers", "route_ids": ["ATOUMOD040:Line:1003277:LOC"]}}, {"type": "Feature", "geometry": {"type": "Point", "coordinates": [1.051387, 49.265226]}, "properties": {"stop_id": "FR:76640:ZE:1174042:ATOUMOD040", "stop_name": "Liérout", "route_ids": ["ATOUMOD040:Line:1003277:LOC"]}}, {"type": "Feature", "geometry": {"type": "Point", "coordinates": [1.084939, 49.250263]}, "properties": {"stop_id": "FR:27412:ZE:1174044:ATOUMOD040", "stop_name": "TOSTES - 33 Rue Pasteur", "route_ids": ["ATOUMOD040:Line:1003277:LOC"]}}, {"type": "Feature", "geometry": {"type": "Point", "coordinates": [1.082977, 49.244293]}, "properties": {"stop_id": "FR:27412:ZE:1174046:ATOUMOD040", "stop_name": "TOSTES - 3 Rue Pasteur", "route_ids": ["ATOUMOD040:Line:1003277:LOC"]}}, {"type": "Feature", "geometry": {"type": "Point", "coordinates": [1.084186, 49.23959]}, "properties": {"stop_id": "FR:27412:ZE:1174048:ATOUMOD040", "stop_name": "MONTAURE - Château d'eau", "route_ids": ["ATOUMOD040:Line:1003277:LOC"]}}, {"type": "Feature", "geometry": {"type": "Point", "coordinates": [0.576726, 49.345586]}, "properties": {"stop_id": "FR:27174:ZE:1174551:ATOUMOD040", "stop_name": "Restaurant", "route_ids": ["ATOUMOD040:Line:1003293:LOC"]}}, {"type": "Feature", "geometry": {"type": "Point", "coordinates": [-0.527646, 49.139717]}, "properties": {"stop_id": "FR:14311:ZE:1175052:ATOUMOD040", "stop_name": "Rue du 15eme", "route_ids": ["ATOUMOD040:Line:1004455:LOC", "ATOUMOD040:Line:1004477:LOC"]}}, {"type": "Feature", "geometry": {"type": "Point", "coordinates": [0.367702, 48.350854]}, "properties": {"stop_id": "FR:72180:ZE:1175190:ATOUMOD040", "stop_name": "Docteur Godard", "route_ids": ["ATOUMOD040:Line:1008187:LOC", "ATOUMOD040:Line:1008249:LOC"]}}, {"type": "Feature", "geometry": {"type": "Point", "coordinates": [0.367686, 48.350781]}, "properties": {"stop_id": "FR:72180:ZE:1175191:ATOUMOD040", "stop_name": "Docteur Godard", "route_ids": ["ATOUMOD040:Line:1008187:LOC", "ATOUMOD040:Line:1008249:LOC"]}}, {"type": "Feature", "geometry": {"type": "Point", "coordinates": [-0.845325, 49.358932]}, "properties": {"stop_id": "FR:14165:ZE:1175254:ATOUMOD040", "stop_name": "Plage", "route_ids": ["ATOUMOD040:Line:1004464:LOC", "ATOUMOD040:Line:1010148:LOC"]}}, {"type": "Feature", "geometry": {"type": "Point", "coordinates": [-0.880306, 49.37037]}, "properties": {"stop_id": "FR:14605:ZE:1175257:ATOUMOD040", "stop_name": "Plage", "route_ids": ["ATOUMOD040:Line:1004464:LOC", "ATOUMOD040:Line:1010148:LOC"]}}, {"type": "Feature", "geometry": {"type": "Point", "coordinates": [-0.880188, 49.37033]}, "properties": {"stop_id": "FR:14605:ZE:1175258:ATOUMOD040", "stop_name": "Plage", "route_ids": ["ATOUMOD040:Line:1004464:LOC", "ATOUMOD040:Line:1010148:LOC"]}}, {"type": "Feature", "geometry": {"type": "Point", "coordinates": [-0.901848, 49.378864]}, "properties": {"stop_id": "FR:14745:ZE:1175263:ATOUMOD040", "stop_name": "Côte", "route_ids": ["ATOUMOD040:Line:1004464:LOC", "ATOUMOD040:Line:1010148:LOC"]}}, {"type": "Feature", "geometry": {"type": "Point", "coordinates": [-0.901808, 49.378904]}, "properties": {"stop_id": "FR:14745:ZE:1175264:ATOUMOD040", "stop_name": "Côte", "route_ids": ["ATOUMOD040:Line:1004464:LOC", "ATOUMOD040:Line:1010148:LOC"]}}, {"type": "Feature", "geometry": {"type": "Point", "coordinates": [-0.905711, 49.374959]}, "properties": {"stop_id": "FR:14745:ZE:1175266:ATOUMOD040", "stop_name": "Château", "route_ids": ["ATOUMOD040:Line:1004464:LOC", "ATOUMOD040:Line:1010148:LOC"]}}, {"type": "Feature", "geometry": {"type": "Point", "coordinates": [-0.905001, 49.375877]}, "properties": {"stop_id": "FR:14745:ZE:1175267:ATOUMOD040", "stop_name": "Château", "route_ids": ["ATOUMOD040:Line:1004464:LOC", "ATOUMOD040:Line:1010148:LOC"]}}, {"type": "Feature", "geometry": {"type": "Point", "coordinates": [1.048451, 49.484996]}, "properties": {"stop_id": "FR:76474:ZE:1175430:ATOUMOD040", "stop_name": "Moulin a Poudre", "route_ids": ["ATOUMOD040:Line:1003059:LOC"]}}, {"type": "Feature", "geometry": {"type": "Point", "coordinates": [1.048335, 49.485177]}, "properties": {"stop_id": "FR:76474:ZE:1175431:ATOUMOD040", "stop_name": "Moulin a Poudre", "route_ids": ["ATOUMOD040:Line:1003059:LOC"]}}, {"type": "Feature", "geometry": {"type": "Point", "coordinates": [0.212021, 49.581899]}, "properties": {"stop_id": "FR:76534:ZE:1175470:ATOUMOD040", "stop_name": "Mairie", "route_ids": ["ATOUMOD040:Line:1003054:LOC"]}}, {"type": "Feature", "geometry": {"type": "Point", "coordinates": [0.11286, 49.555069]}, "properties": {"stop_id": "FR:76481:ZE:1175510:ATOUMOD040", "stop_name": "Bel Air", "route_ids": ["ATOUMOD040:Line:1003055:LOC"]}}, {"type": "Feature", "geometry": {"type": "Point", "coordinates": [0.116075, 49.559394]}, "properties": {"stop_id": "FR:76481:ZE:1175513:ATOUMOD040", "stop_name": "Littoral", "route_ids": ["ATOUMOD040:Line:1003055:LOC"]}}, {"type": "Feature", "geometry": {"type": "Point", "coordinates": [0.116148, 49.556302]}, "properties": {"stop_id": "FR:76481:ZE:1175515:ATOUMOD040", "stop_name": "Auguste Huart", "route_ids": ["ATOUMOD040:Line:1003055:LOC"]}}, {"type": "Feature", "geometry": {"type": "Point", "coordinates": [1.38925, 50.053376]}, "properties": {"stop_id": "FR:76255:ZE:1175532:ATOUMOD040", "stop_name": "Carrefour Ampere-Bergonié", "route_ids": ["ATOUMOD040:Line:1003060:LOC"]}}, {"type": "Feature", "geometry": {"type": "Point", "coordinates": [1.065271, 49.292298]}, "properties": {"stop_id": "FR:27394:ZE:1175712:ATOUMOD040", "stop_name": "Salle des fetes", "route_ids": ["ATOUMOD040:Line:1003277:LOC"]}}, {"type": "Feature", "geometry": {"type": "Point", "coordinates": [1.091396, 49.305014]}, "properties": {"stop_id": "FR:27188:ZE:1176176:ATOUMOD040", "stop_name": "Salle des Fetes", "route_ids": ["ATOUMOD040:Line:1003294:LOC"]}}, {"type": "Feature", "geometry": {"type": "Point", "coordinates": [1.076869, 49.302747]}, "properties": {"stop_id": "FR:27188:ZE:1176178:ATOUMOD040", "stop_name": "Quatre Âgés", "route_ids": ["ATOUMOD040:Line:1003294:LOC"]}}, {"type": "Feature", "geometry": {"type": "Point", "coordinates": [0.58534, 49.07472]}, "properties": {"stop_id": "FR:27056:ZE:1176453:ATOUMOD040", "stop_name": "PEM - Parc des expositions", "route_ids": ["ATOUMOD040:Line:1003295:LOC"]}}, {"type": "Feature", "geometry": {"type": "Point", "coordinates": [0.58958, 49.08503]}, "properties": {"stop_id": "FR:27056:ZE:1176470:ATOUMOD040", "stop_name": "Rue du Stade", "route_ids": ["ATOUMOD040:Line:1003295:LOC"]}}, {"type": "Feature", "geometry": {"type": "Point", "coordinates": [1.428402, 49.063196]}, "properties": {"stop_id": "FR:27203:ZE:1176654:ATOUMOD040", "stop_name": "Normandie parc", "route_ids": ["ATOUMOD040:Line:1003284:LOC"]}}, {"type": "Feature", "geometry": {"type": "Point", "coordinates": [-0.752193, 49.002462]}, "properties": {"stop_id": "FR:14347:ZE:1176794:ATOUMOD040", "stop_name": "JURQUES - Zoo", "route_ids": ["ATOUMOD040:Line:1004455:LOC"]}}, {"type": "Feature", "geometry": {"type": "Point", "coordinates": [0.839263, 49.3178]}, "properties": {"stop_id": "FR:27105:ZE:1176995:ATOUMOD040", "stop_name": "THUIT-HÉBERT - Gare Sncf", "route_ids": ["ATOUMOD040:Line:1003278:LOC"]}}, {"type": "Feature", "geometry": {"type": "Point", "coordinates": [1.076419, 49.907604]}, "properties": {"stop_id": "FR:76217:ZE:1177101:ATOUMOD040", "stop_name": "Château Michel", "route_ids": ["ATOUMOD040:Line:1003047:LOC"]}}, {"type": "Feature", "geometry": {"type": "Point", "coordinates": [1.076229, 49.9075]}, "properties": {"stop_id": "FR:76217:ZE:1177102:ATOUMOD040", "stop_name": "Château Michel", "route_ids": ["ATOUMOD040:Line:1003047:LOC"]}}, {"type": "Feature", "geometry": {"type": "Point", "coordinates": [1.285588, 49.670499]}, "properties": {"stop_id": "FR:76648:ZE:1177239:ATOUMOD040", "stop_name": "Caserne des pompiers", "route_ids": ["ATOUMOD040:Line:1003073:LOC"]}}, {"type": "Feature", "geometry": {"type": "Point", "coordinates": [1.285623, 49.670582]}, "properties": {"stop_id": "FR:76648:ZE:1177240:ATOUMOD040", "stop_name": "Caserne des pompiers", "route_ids": ["ATOUMOD040:Line:1003073:LOC"]}}, {"type": "Feature", "geometry": {"type": "Point", "coordinates": [1.581814, 49.934441]}, "properties": {"stop_id": "FR:76528:ZE:1177262:ATOUMOD040", "stop_name": "Salle des Fetes", "route_ids": ["ATOUMOD040:Line:1003075:LOC"]}}, {"type": "Feature", "geometry": {"type": "Point", "coordinates": [-0.733997, 48.762613]}, "properties": {"stop_id": "FR:61486:ZE:1177476:ATOUMOD040", "stop_name": "TINCHEBRAY - Etablissement Saint-Rémy", "route_ids": ["ATOUMOD040:Line:1008219:LOC"]}}, {"type": "Feature", "geometry": {"type": "Point", "coordinates": [1.541691, 48.943093]}, "properties": {"stop_id": "FR:78107:ZE:1177760:ATOUMOD040", "stop_name": "Gare Sncf", "route_ids": ["ATOUMOD040:Line:1003303:LOC"]}}, {"type": "Feature", "geometry": {"type": "Point", "coordinates": [1.443487, 48.925624]}, "properties": {"stop_id": "FR:27119:ZE:1177762:ATOUMOD040", "stop_name": "Gare Sncf", "route_ids": ["ATOUMOD040:Line:1003303:LOC"]}}, {"type": "Feature", "geometry": {"type": "Point", "coordinates": [1.062955, 49.468013]}, "properties": {"stop_id": "FR:76451:ZE:1177764:ATOUMOD040", "stop_name": "Campus (Maison de l'Université)", "route_ids": ["ATOUMOD040:Line:1006979:LOC"]}}, {"type": "Feature", "geometry": {"type": "Point", "coordinates": [0.133243, 48.665276]}, "properties": {"stop_id": "FR:61101:ZE:1177838:ATOUMOD040", "stop_name": "Gare de Surdon", "route_ids": ["ATOUMOD040:Line:1009929:LOC"]}}, {"type": "Feature", "geometry": {"type": "Point", "coordinates": [0.429554, 48.717042]}, "properties": {"stop_id": "FR:61389:ZE:1177876:ATOUMOD040", "stop_name": "Gare Sncf", "route_ids": ["ATOUMOD040:Line:1009929:LOC"]}}, {"type": "Feature", "geometry": {"type": "Point", "coordinates": [0.218927, 48.704067]}, "properties": {"stop_id": "FR:61310:ZE:1177878:ATOUMOD040", "stop_name": "NONANT-LE-PIN - Gare Sncf", "route_ids": ["ATOUMOD040:Line:1009929:LOC"]}}, {"type": "Feature", "geometry": {"type": "Point", "coordinates": [-0.691892, 49.342041]}, "properties": {"stop_id": "FR:14377:ZE:1178102:ATOUMOD040", "stop_name": "Batterie", "route_ids": ["ATOUMOD040:Line:1010148:LOC"]}}, {"type": "Feature", "geometry": {"type": "Point", "coordinates": [1.057299, 49.451319]}, "properties": {"stop_id": "FR:76540:ZE:1178346:ATOUMOD040", "stop_name": "Barrieres du Havre", "route_ids": ["ATOUMOD040:Line:1003059:LOC"]}}, {"type": "Feature", "geometry": {"type": "Point", "coordinates": [1.056822, 49.451852]}, "properties": {"stop_id": "FR:76540:ZE:1178347:ATOUMOD040", "stop_name": "Barrieres du Havre", "route_ids": ["ATOUMOD040:Line:1003059:LOC"]}}, {"type": "Feature", "geometry": {"type": "Point", "coordinates": [1.05623, 49.453463]}, "properties": {"stop_id": "FR:76540:ZE:1178349:ATOUMOD040", "stop_name": "Rue de Bapeaume", "route_ids": ["ATOUMOD040:Line:1003059:LOC"]}}, {"type": "Feature", "geometry": {"type": "Point", "coordinates": [1.055285, 49.454351]}, "properties": {"stop_id": "FR:76540:ZE:1178350:ATOUMOD040", "stop_name": "Rue de Bapeaume", "route_ids": ["ATOUMOD040:Line:1003059:LOC"]}}, {"type": "Feature", "geometry": {"type": "Point", "coordinates": [1.054105, 49.456834]}, "properties": {"stop_id": "FR:76216:ZE:1178352:ATOUMOD040", "stop_name": "Les Acacias", "route_ids": ["ATOUMOD040:Line:1003059:LOC"]}}, {"type": "Feature", "geometry": {"type": "Point", "coordinates": [1.054142, 49.456474]}, "properties": {"stop_id": "FR:76216:ZE:1178353:ATOUMOD040", "stop_name": "Les Acacias", "route_ids": ["ATOUMOD040:Line:1003059:LOC"]}}, {"type": "Feature", "geometry": {"type": "Point", "coordinates": [1.052885, 49.459002]}, "properties": {"stop_id": "FR:76216:ZE:1178355:ATOUMOD040", "stop_name": "Les Peupliers", "route_ids": ["ATOUMOD040:Line:1003059:LOC"]}}, {"type": "Feature", "geometry": {"type": "Point", "coordinates": [1.053077, 49.458561]}, "properties": {"stop_id": "FR:76216:ZE:1178356:ATOUMOD040", "stop_name": "Les Peupliers", "route_ids": ["ATOUMOD040:Line:1003059:LOC"]}}, {"type": "Feature", "geometry": {"type": "Point", "coordinates": [1.051088, 49.461342]}, "properties": {"stop_id": "FR:76216:ZE:1178358:ATOUMOD040", "stop_name": "Chapelle Saint-Siméon", "route_ids": ["ATOUMOD040:Line:1003059:LOC"]}}, {"type": "Feature", "geometry": {"type": "Point", "coordinates": [1.051714, 49.460437]}, "properties": {"stop_id": "FR:76216:ZE:1178359:ATOUMOD040", "stop_name": "Chapelle Saint-Siméon", "route_ids": ["ATOUMOD040:Line:1003059:LOC"]}}, {"type": "Feature", "geometry": {"type": "Point", "coordinates": [1.04467, 49.46851]}, "properties": {"stop_id": "FR:76216:ZE:1178361:ATOUMOD040", "stop_name": "Jules Ferry", "route_ids": ["ATOUMOD040:Line:1003059:LOC"]}}, {"type": "Feature", "geometry": {"type": "Point", "coordinates": [1.04479, 49.46818]}, "properties": {"stop_id": "FR:76216:ZE:1178362:ATOUMOD040", "stop_name": "Jules Ferry", "route_ids": ["ATOUMOD040:Line:1003059:LOC"]}}, {"type": "Feature", "geometry": {"type": "Point", "coordinates": [1.049332, 49.470207]}, "properties": {"stop_id": "FR:76216:ZE:1178364:ATOUMOD040", "stop_name": "Mairie de Déville", "route_ids": ["ATOUMOD040:Line:1003059:LOC"]}}, {"type": "Feature", "geometry": {"type": "Point", "coordinates": [1.048891, 49.470193]}, "properties": {"stop_id": "FR:76216:ZE:1178365:ATOUMOD040", "stop_name": "Mairie de Déville", "route_ids": ["ATOUMOD040:Line:1003059:LOC"]}}, {"type": "Feature", "geometry": {"type": "Point", "coordinates": [1.049145, 49.473268]}, "properties": {"stop_id": "FR:76216:ZE:1178367:ATOUMOD040", "stop_name": "Bernard Palissy", "route_ids": ["ATOUMOD040:Line:1003059:LOC"]}}, {"type": "Feature", "geometry": {"type": "Point", "coordinates": [1.048924, 49.473266]}, "properties": {"stop_id": "FR:76410:ZE:1178368:ATOUMOD040", "stop_name": "Bernard Palissy", "route_ids": ["ATOUMOD040:Line:1003059:LOC"]}}, {"type": "Feature", "geometry": {"type": "Point", "coordinates": [1.049161, 49.491262]}, "properties": {"stop_id": "FR:76474:ZE:1178370:ATOUMOD040", "stop_name": "André Gide", "route_ids": ["ATOUMOD040:Line:1003059:LOC"]}}, {"type": "Feature", "geometry": {"type": "Point", "coordinates": [1.049028, 49.491072]}, "properties": {"stop_id": "FR:76474:ZE:1178371:ATOUMOD040", "stop_name": "André Gide", "route_ids": ["ATOUMOD040:Line:1003059:LOC"]}}, {"type": "Feature", "geometry": {"type": "Point", "coordinates": [1.04874, 49.494851]}, "properties": {"stop_id": "FR:76474:ZE:1178373:ATOUMOD040", "stop_name": "Musée de la Corderie", "route_ids": ["ATOUMOD040:Line:1003059:LOC"]}}, {"type": "Feature", "geometry": {"type": "Point", "coordinates": [1.048548, 49.495343]}, "properties": {"stop_id": "FR:76474:ZE:1178374:ATOUMOD040", "stop_name": "Musée de la Corderie", "route_ids": ["ATOUMOD040:Line:1003059:LOC"]}}, {"type": "Feature", "geometry": {"type": "Point", "coordinates": [1.03876, 49.511891]}, "properties": {"stop_id": "FR:76366:ZE:1178376:ATOUMOD040", "stop_name": "De Gaulle", "route_ids": ["ATOUMOD040:Line:1003059:LOC"]}}, {"type": "Feature", "geometry": {"type": "Point", "coordinates": [1.038464, 49.512334]}, "properties": {"stop_id": "FR:76366:ZE:1178377:ATOUMOD040", "stop_name": "De Gaulle", "route_ids": ["ATOUMOD040:Line:1003059:LOC"]}}, {"type": "Feature", "geometry": {"type": "Point", "coordinates": [1.038512, 49.519644]}, "properties": {"stop_id": "FR:76402:ZE:1178385:ATOUMOD040", "stop_name": "Viaduc", "route_ids": ["ATOUMOD040:Line:1003059:LOC"]}}, {"type": "Feature", "geometry": {"type": "Point", "coordinates": [1.038258, 49.51944]}, "properties": {"stop_id": "FR:76402:ZE:1178386:ATOUMOD040", "stop_name": "Viaduc", "route_ids": ["ATOUMOD040:Line:1003059:LOC"]}}, {"type": "Feature", "geometry": {"type": "Point", "coordinates": [1.042714, 49.526417]}, "properties": {"stop_id": "FR:76402:ZE:1178388:ATOUMOD040", "stop_name": "Carrefour de Cleres", "route_ids": ["ATOUMOD040:Line:1003059:LOC"]}}, {"type": "Feature", "geometry": {"type": "Point", "coordinates": [1.042446, 49.526109]}, "properties": {"stop_id": "FR:76402:ZE:1178389:ATOUMOD040", "stop_name": "Carrefour de Cleres", "route_ids": ["ATOUMOD040:Line:1003059:LOC"]}}, {"type": "Feature", "geometry": {"type": "Point", "coordinates": [1.046701, 49.528122]}, "properties": {"stop_id": "FR:76402:ZE:1178391:ATOUMOD040", "stop_name": "Les Tilleuls", "route_ids": ["ATOUMOD040:Line:1003059:LOC"]}}, {"type": "Feature", "geometry": {"type": "Point", "coordinates": [1.045753, 49.52795]}, "properties": {"stop_id": "FR:76402:ZE:1178392:ATOUMOD040", "stop_name": "Les Tilleuls", "route_ids": ["ATOUMOD040:Line:1003059:LOC"]}}, {"type": "Feature", "geometry": {"type": "Point", "coordinates": [1.037544, 49.517455]}, "properties": {"stop_id": "FR:76366:ZE:1178396:ATOUMOD040", "stop_name": "Gare du Houlme", "route_ids": ["ATOUMOD040:Line:1003059:LOC"]}}, {"type": "Feature", "geometry": {"type": "Point", "coordinates": [1.037267, 49.516736]}, "properties": {"stop_id": "FR:76366:ZE:1178397:ATOUMOD040", "stop_name": "Gare du Houlme", "route_ids": ["ATOUMOD040:Line:1003059:LOC"]}}, {"type": "Feature", "geometry": {"type": "Point", "coordinates": [1.038204, 49.513828]}, "properties": {"stop_id": "FR:76366:ZE:1178401:ATOUMOD040", "stop_name": "La Vallée", "route_ids": ["ATOUMOD040:Line:1003059:LOC"]}}, {"type": "Feature", "geometry": {"type": "Point", "coordinates": [1.037847, 49.514282]}, "properties": {"stop_id": "FR:76366:ZE:1178402:ATOUMOD040", "stop_name": "La Vallée", "route_ids": ["ATOUMOD040:Line:1003059:LOC"]}}, {"type": "Feature", "geometry": {"type": "Point", "coordinates": [1.040262, 49.909087]}, "properties": {"stop_id": "FR:76349:ZE:1178481:ATOUMOD040", "stop_name": "Camping Le Marqueval", "route_ids": ["ATOUMOD040:Line:1003067:LOC"]}}, {"type": "Feature", "geometry": {"type": "Point", "coordinates": [1.040215, 49.909058]}, "properties": {"stop_id": "FR:76349:ZE:1178482:ATOUMOD040", "stop_name": "Camping Le Marqueval", "route_ids": ["ATOUMOD040:Line:1003067:LOC"]}}, {"type": "Feature", "geometry": {"type": "Point", "coordinates": [-1.621461, 49.633709]}, "properties": {"stop_id": "FR:50129:ZE:1178485:ATOUMOD040", "stop_name": "CHERBOURG-OCTEVILLE - Gare", "route_ids": ["ATOUMOD040:Line:1002019:LOC"]}}, {"type": "Feature", "geometry": {"type": "Point", "coordinates": [-1.621704, 49.634011]}, "properties": {"stop_id": "FR:50129:ZE:1178486:ATOUMOD040", "stop_name": "CHERBOURG-OCTEVILLE - Gare", "route_ids": ["ATOUMOD040:Line:1002019:LOC"]}}, {"type": "Feature", "geometry": {"type": "Point", "coordinates": [-0.373072, 49.252607]}, "properties": {"stop_id": "FR:14407:ZE:1178501:ATOUMOD040", "stop_name": "Mathieu Mairie", "route_ids": ["ATOUMOD040:Line:1004441:LOC"]}}, {"type": "Feature", "geometry": {"type": "Point", "coordinates": [1.120899, 49.854986]}, "properties": {"stop_id": "FR:76030:ZE:1178503:ATOUMOD040", "stop_name": "Eglise de Beaumais", "route_ids": ["ATOUMOD040:Line:1003068:LOC"]}}, {"type": "Feature", "geometry": {"type": "Point", "coordinates": [1.041235, 49.444607]}, "properties": {"stop_id": "FR:76157:ZE:1178705:ATOUMOD040", "stop_name": "Chemin de la Corniche", "route_ids": ["ATOUMOD040:Line:1003061:LOC"]}}, {"type": "Feature", "geometry": {"type": "Point", "coordinates": [1.041329, 49.44446]}, "properties": {"stop_id": "FR:76157:ZE:1178706:ATOUMOD040", "stop_name": "Chemin de la Corniche", "route_ids": ["ATOUMOD040:Line:1003061:LOC"]}}, {"type": "Feature", "geometry": {"type": "Point", "coordinates": [0.820647, 49.434498]}, "properties": {"stop_id": "FR:76378:ZE:1178708:ATOUMOD040", "stop_name": "Ecole de Jumieges", "route_ids": ["ATOUMOD040:Line:1003061:LOC"]}}, {"type": "Feature", "geometry": {"type": "Point", "coordinates": [0.820703, 49.434478]}, "properties": {"stop_id": "FR:76378:ZE:1178709:ATOUMOD040", "stop_name": "Ecole de Jumieges", "route_ids": ["ATOUMOD040:Line:1003061:LOC"]}}, {"type": "Feature", "geometry": {"type": "Point", "coordinates": [-0.357995, 49.190422]}, "properties": {"stop_id": "FR:14118:ZE:1179195:ATOUMOD040", "stop_name": "Croix Guérin", "route_ids": ["ATOUMOD040:Line:1004440:LOC", "ATOUMOD040:Line:1004441:LOC", "ATOUMOD040:Line:1004442:LOC"]}}, {"type": "Feature", "geometry": {"type": "Point", "coordinates": [-0.357036, 49.192848]}, "properties": {"stop_id": "FR:14118:ZE:1179198:ATOUMOD040", "stop_name": "Rue de Lébisey", "route_ids": ["ATOUMOD040:Line:1004440:LOC", "ATOUMOD040:Line:1004441:LOC", "ATOUMOD040:Line:1004442:LOC"]}}, {"type": "Feature", "geometry": {"type": "Point", "coordinates": [-0.35532, 49.195512]}, "properties": {"stop_id": "FR:14118:ZE:1179232:ATOUMOD040", "stop_name": "Lycée D. d'Urville", "route_ids": ["ATOUMOD040:Line:1004440:LOC", "ATOUMOD040:Line:1004441:LOC", "ATOUMOD040:Line:1004442:LOC", "ATOUMOD040:Line:1004477:LOC"]}}, {"type": "Feature", "geometry": {"type": "Point", "coordinates": [-0.35543, 49.199459]}, "properties": {"stop_id": "FR:14118:ZE:1179231:ATOUMOD040", "stop_name": "Cité U Lébisey", "route_ids": ["ATOUMOD040:Line:1004440:LOC", "ATOUMOD040:Line:1004441:LOC", "ATOUMOD040:Line:1004442:LOC", "ATOUMOD040:Line:1004477:LOC"]}}, {"type": "Feature", "geometry": {"type": "Point", "coordinates": [1.531186, 49.608779]}, "properties": {"stop_id": "FR:76276:ZE:1179234:ATOUMOD040", "stop_name": "FORGES-LES-EAUX - Casino", "route_ids": ["ATOUMOD040:Line:1003073:LOC"]}}, {"type": "Feature", "geometry": {"type": "Point", "coordinates": [1.531337, 49.608752]}, "properties": {"stop_id": "FR:76276:ZE:1179235:ATOUMOD040", "stop_name": "FORGES-LES-EAUX - Casino", "route_ids": ["ATOUMOD040:Line:1003073:LOC"]}}, {"type": "Feature", "geometry": {"type": "Point", "coordinates": [-0.752892, 49.3419]}, "properties": {"stop_id": "FR:14515:ZE:1179425:ATOUMOD040", "stop_name": "PORT-EN-BESSIN - Avenue Général de Gaulle", "route_ids": ["ATOUMOD040:Line:1004464:LOC", "ATOUMOD040:Line:1010148:LOC"]}}, {"type": "Feature", "geometry": {"type": "Point", "coordinates": [0.064116, 49.355631]}, "properties": {"stop_id": "FR:14220:ZE:1179479:ATOUMOD040", "stop_name": "Rue Pasteur", "route_ids": ["ATOUMOD040:Line:1004452:LOC"]}}, {"type": "Feature", "geometry": {"type": "Point", "coordinates": [0.938056, 49.10215]}, "properties": {"stop_id": "FR:27524:ZE:1179519:ATOUMOD040", "stop_name": "Place", "route_ids": ["ATOUMOD040:Line:1003293:LOC"]}}, {"type": "Feature", "geometry": {"type": "Point", "coordinates": [1.077655, 49.23071]}, "properties": {"stop_id": "FR:27322:ZE:1179523:ATOUMOD040", "stop_name": "Les Carrieres", "route_ids": ["ATOUMOD040:Line:1003277:LOC"]}}, {"type": "Feature", "geometry": {"type": "Point", "coordinates": [1.077651, 49.23067]}, "properties": {"stop_id": "FR:27322:ZE:1179524:ATOUMOD040", "stop_name": "Les Carrieres", "route_ids": ["ATOUMOD040:Line:1003277:LOC"]}}, {"type": "Feature", "geometry": {"type": "Point", "coordinates": [1.160378, 49.303028]}, "properties": {"stop_id": "FR:27469:ZE:1179582:ATOUMOD040", "stop_name": "RD 6015", "route_ids": ["ATOUMOD040:Line:1003294:LOC"]}}, {"type": "Feature", "geometry": {"type": "Point", "coordinates": [0.111433, 49.555468]}, "properties": {"stop_id": "FR:76481:ZE:1179620:ATOUMOD040", "stop_name": "Le Croquet", "route_ids": ["ATOUMOD040:Line:1003055:LOC"]}}, {"type": "Feature", "geometry": {"type": "Point", "coordinates": [0.11166, 49.555681]}, "properties": {"stop_id": "FR:76481:ZE:1179621:ATOUMOD040", "stop_name": "Le Croquet", "route_ids": ["ATOUMOD040:Line:1003055:LOC"]}}, {"type": "Feature", "geometry": {"type": "Point", "coordinates": [1.369194, 50.056038]}, "properties": {"stop_id": "FR:76711:ZE:1179623:ATOUMOD040", "stop_name": "Boulevard du Calvaire", "route_ids": ["ATOUMOD040:Line:1003060:LOC"]}}, {"type": "Feature", "geometry": {"type": "Point", "coordinates": [0.19555, 49.514338]}, "properties": {"stop_id": "FR:76341:ZE:1179627:ATOUMOD040", "stop_name": "F. Engels", "route_ids": ["ATOUMOD040:Line:1003054:LOC"]}}, {"type": "Feature", "geometry": {"type": "Point", "coordinates": [0.197889, 49.513383]}, "properties": {"stop_id": "FR:76341:ZE:1179640:ATOUMOD040", "stop_name": "La Voute", "route_ids": ["ATOUMOD040:Line:1003054:LOC"]}}, {"type": "Feature", "geometry": {"type": "Point", "coordinates": [0.369968, 49.64512]}, "properties": {"stop_id": "FR:76302:ZE:1179885:ATOUMOD040", "stop_name": "Pôle d'Échanges multimodal", "route_ids": ["ATOUMOD040:Line:1003049:LOC", "ATOUMOD040:Line:1003053:LOC", "ATOUMOD040:Line:1003054:LOC"]}}, {"type": "Feature", "geometry": {"type": "Point", "coordinates": [-0.88196, 49.35898]}, "properties": {"stop_id": "FR:14605:ZE:1180165:ATOUMOD040", "stop_name": "Place Parkplatz", "route_ids": ["ATOUMOD040:Line:1004464:LOC", "ATOUMOD040:Line:1010148:LOC"]}}, {"type": "Feature", "geometry": {"type": "Point", "coordinates": [-0.380673, 49.275697]}, "properties": {"stop_id": "FR:14228:ZE:1180196:ATOUMOD040", "stop_name": "Aire des mobilités", "route_ids": ["ATOUMOD040:Line:1004440:LOC"]}}, {"type": "Feature", "geometry": {"type": "Point", "coordinates": [-0.380186, 49.275947]}, "properties": {"stop_id": "FR:14228:ZE:1180197:ATOUMOD040", "stop_name": "Aire des mobilités", "route_ids": ["ATOUMOD040:Line:1004440:LOC"]}}, {"type": "Feature", "geometry": {"type": "Point", "coordinates": [-0.379568, 49.276185]}, "properties": {"stop_id": "FR:14228:ZE:1180198:ATOUMOD040", "stop_name": "Aire des mobilités", "route_ids": ["ATOUMOD040:Line:1004440:LOC"]}}, {"type": "Feature", "geometry": {"type": "Point", "coordinates": [1.379267, 50.061062]}, "properties": {"stop_id": "FR:76711:ZE:1180635:ATOUMOD040", "stop_name": "Les Douanes", "route_ids": ["ATOUMOD040:Line:1003060:LOC"]}}, {"type": "Feature", "geometry": {"type": "Point", "coordinates": [-0.366662, 49.190094]}, "properties": {"stop_id": "FR:14118:ZE:1180850:ATOUMOD040", "stop_name": "Fac de Droit", "route_ids": ["ATOUMOD040:Line:1004440:LOC", "ATOUMOD040:Line:1004441:LOC", "ATOUMOD040:Line:1004442:LOC"]}}, {"type": "Feature", "geometry": {"type": "Point", "coordinates": [1.143838, 49.491308]}, "properties": {"stop_id": "FR:76377:ZE:1180936:ATOUMOD040", "stop_name": "Plaine de la Ronce", "route_ids": ["ATOUMOD040:Line:1003073:LOC"]}}, {"type": "Feature", "geometry": {"type": "Point", "coordinates": [1.14347, 49.491197]}, "properties": {"stop_id": "FR:76377:ZE:1180937:ATOUMOD040", "stop_name": "Plaine de la Ronce", "route_ids": ["ATOUMOD040:Line:1003073:LOC"]}}, {"type": "Feature", "geometry": {"type": "Point", "coordinates": [1.149334, 49.078665]}, "properties": {"stop_id": "FR:27439:ZE:1181233:ATOUMOD040", "stop_name": "Le Moulin", "route_ids": ["ATOUMOD040:Line:1003294:LOC"]}}, {"type": "Feature", "geometry": {"type": "Point", "coordinates": [1.149286, 49.078691]}, "properties": {"stop_id": "FR:27439:ZE:1181234:ATOUMOD040", "stop_name": "Le Moulin", "route_ids": ["ATOUMOD040:Line:1003294:LOC"]}}]}